"site","date","temp","doy"
"A",2020-05-07,7.48571428571429,128
"A",2020-05-08,7.426875,129
"A",2020-05-09,7.374375,130
"A",2020-05-10,7.46625,131
"A",2020-05-11,7.61875,132
"A",2020-05-12,7.645625,133
"A",2020-05-13,7.670625,134
"A",2020-05-14,7.664375,135
"A",2020-05-15,7.634375,136
"A",2020-05-16,7.463125,137
"A",2020-05-17,7.80625,138
"A",2020-05-18,7.735625,139
"A",2020-05-19,7.746875,140
"A",2020-05-20,7.941875,141
"A",2020-05-21,8.20375,142
"A",2020-05-22,8.23375,143
"A",2020-05-23,8.363125,144
"A",2020-05-24,8.646875,145
"A",2020-05-25,8.66375,146
"A",2020-05-26,8.78375,147
"A",2020-05-27,8.98625,148
"A",2020-05-28,9.2125,149
"A",2020-05-29,9.4275,150
"A",2020-05-30,9.57125,151
"A",2020-05-31,9.639375,152
"A",2020-06-01,9.7225,153
"A",2020-06-02,9.834375,154
"A",2020-06-03,10.0375,155
"A",2020-06-04,10.251875,156
"A",2020-06-05,10.374375,157
"A",2020-06-06,10.565,158
"A",2020-06-07,10.825625,159
"A",2020-06-08,10.765,160
"A",2020-06-09,10.679375,161
"A",2020-06-10,10.68625,162
"A",2020-06-11,10.785,163
"A",2020-06-12,10.89875,164
"A",2020-06-13,11.106875,165
"A",2020-06-14,11.825,166
"A",2020-06-15,11.743125,167
"A",2020-06-16,11.77,168
"A",2020-06-17,11.859375,169
"A",2020-06-18,11.921875,170
"A",2020-06-19,11.95875,171
"A",2020-06-20,12.071875,172
"A",2020-06-21,12.469375,173
"A",2020-06-22,12.67125,174
"A",2020-06-23,12.689375,175
"A",2020-06-24,12.961875,176
"A",2020-06-25,13.208125,177
"A",2020-06-26,13.345625,178
"A",2020-06-27,13.4425,179
"A",2020-06-28,13.67375,180
"A",2020-06-29,13.97375,181
"A",2020-06-30,14.0825,182
"A",2020-07-01,14.0175,183
"A",2020-07-02,13.928125,184
"A",2020-07-03,13.98375,185
"A",2020-07-04,13.961875,186
"A",2020-07-05,13.9075,187
"A",2020-07-06,13.913125,188
"A",2020-07-07,13.90125,189
"A",2020-07-08,13.955,190
"A",2020-07-09,13.974375,191
"A",2020-07-10,13.98125,192
"A",2020-07-11,14.035625,193
"A",2020-07-12,14.0575,194
"A",2020-07-13,14.07625,195
"A",2020-07-14,14.111875,196
"A",2020-07-15,14.129375,197
"A",2020-07-16,14.166875,198
"A",2020-07-17,14.329375,199
"A",2020-07-18,14.48375,200
"A",2020-07-19,14.58875,201
"A",2020-07-20,14.80375,202
"A",2020-07-21,14.9575,203
"A",2020-07-22,15.02125,204
"A",2020-07-23,15.0675,205
"A",2020-07-24,15.06125,206
"A",2020-07-25,15.058125,207
"A",2020-07-26,15.13625,208
"A",2020-07-27,15.235625,209
"A",2020-07-28,15.345,210
"A",2020-07-29,15.336875,211
"A",2020-07-30,15.455625,212
"A",2020-07-31,15.57,213
"A",2020-08-01,15.643125,214
"A",2020-08-02,15.714375,215
"A",2020-08-03,15.6675,216
"A",2020-08-04,15.66,217
"A",2020-08-05,15.645625,218
"A",2020-08-06,15.68,219
"A",2020-08-07,15.689375,220
"A",2020-08-08,15.635,221
"A",2020-08-09,15.795625,222
"A",2020-08-10,15.716875,223
"A",2020-08-11,15.910625,224
"A",2020-08-12,15.75375,225
"A",2020-08-13,15.931875,226
"A",2020-08-14,16.333125,227
"A",2020-08-15,16.51625,228
"A",2020-08-16,16.785625,229
"A",2020-08-17,17.065,230
"A",2020-08-18,16.99875,231
"A",2020-08-19,16.865625,232
"A",2020-08-20,16.675625,233
"A",2020-08-21,16.610625,234
"A",2020-08-22,16.629375,235
"A",2020-08-23,16.735,236
"A",2020-08-24,16.645625,237
"A",2020-08-25,16.771875,238
"A",2020-08-26,16.213125,239
"A",2020-08-27,15.168125,240
"A",2020-08-28,14.840625,241
"A",2020-08-29,15.175,242
"A",2020-08-30,15.911875,243
"A",2020-08-31,15.866875,244
"A",2020-09-01,15.93,245
"A",2020-09-02,15.939375,246
"A",2020-09-03,15.881875,247
"A",2020-09-04,15.75375,248
"A",2020-09-05,15.84375,249
"A",2020-09-06,16.029375,250
"A",2020-09-07,15.86875,251
"A",2020-09-08,15.69125,252
"A",2020-09-09,15.555,253
"A",2020-09-10,15.49375,254
"A",2020-09-11,15.566875,255
"A",2020-09-12,15.27625,256
"A",2020-09-13,15.118125,257
"A",2020-09-14,14.895,258
"A",2020-09-15,14.6825,259
"A",2020-09-16,14.613125,260
"A",2020-09-17,14.5175,261
"A",2020-09-18,14.324375,262
"A",2020-09-19,14.223125,263
"A",2020-09-20,14.084375,264
"A",2020-09-21,13.973125,265
"A",2020-09-22,13.826875,266
"A",2020-09-23,13.773125,267
"A",2020-09-24,13.689375,268
"A",2020-09-25,13.64625,269
"A",2020-09-26,13.654375,270
"A",2020-09-27,13.759375,271
"A",2020-09-28,13.668125,272
"A",2020-09-29,13.676875,273
"A",2020-09-30,13.7175,274
"A",2020-10-01,13.7225,275
"A",2020-10-02,13.661875,276
"A",2020-10-03,13.65125,277
"A",2020-10-04,13.555,278
"A",2020-10-05,13.50125,279
"A",2020-10-06,13.49125,280
"A",2020-10-07,13.440625,281
"A",2020-10-08,13.469375,282
"A",2020-10-09,13.41875,283
"A",2020-10-10,13.4025,284
"A",2020-10-11,13.349375,285
"A",2020-10-12,13.219375,286
"A",2020-10-13,13.084375,287
"A",2020-10-14,13.0925,288
"A",2020-10-15,12.85875,289
"A",2020-10-16,12.71375,290
"A",2020-10-17,12.475,291
"A",2020-10-18,12.06375,292
"A",2020-10-19,12.18875,293
"A",2020-10-20,11.95625,294
"A",2020-10-21,11.888125,295
"A",2020-10-22,11.634375,296
"A",2020-10-23,11.431875,297
"A",2020-10-24,11.36625,298
"A",2020-10-25,11.1611764705882,299
"A",2020-10-26,10.989375,300
"A",2020-10-27,10.9075,301
"A",2020-10-28,11.005,302
"A",2020-10-29,11.09375,303
"A",2020-10-30,10.976875,304
"A",2020-10-31,11.0975,305
"A",2020-11-01,11.030625,306
"A",2020-11-02,11.005,307
"A",2020-11-03,10.9275,308
"A",2020-11-04,10.916875,309
"A",2020-11-05,10.874375,310
"A",2020-11-06,10.87375,311
"A",2020-11-07,10.85125,312
"A",2020-11-08,10.855,313
"A",2020-11-09,10.795,314
"A",2020-11-10,10.76625,315
"A",2020-11-11,10.810625,316
"A",2020-11-12,10.624375,317
"A",2020-11-13,10.785,318
"A",2020-11-14,10.8525,319
"A",2020-11-15,10.813125,320
"A",2020-11-16,10.7725,321
"A",2020-11-17,10.74625,322
"A",2020-11-18,10.7325,323
"A",2020-11-19,10.69625,324
"A",2020-11-20,10.468125,325
"A",2020-11-21,10.4525,326
"A",2020-11-22,10.359375,327
"A",2020-11-23,10.28,328
"A",2020-11-24,10.16,329
"A",2020-11-25,10.125,330
"A",2020-11-26,10.144375,331
"A",2020-11-27,10.0325,332
"A",2020-11-28,9.92875,333
"A",2020-11-29,9.56875,334
"A",2020-11-30,9.43875,335
"A",2020-12-01,9.326875,336
"A",2020-12-02,9.4025,337
"A",2020-12-03,9.12875,338
"A",2020-12-04,8.890625,339
"A",2020-12-05,8.53,340
"A",2020-12-06,8.516875,341
"A",2020-12-07,8.35875,342
"A",2020-12-08,8.463125,343
"A",2020-12-09,8.44375,344
"A",2020-12-10,8.3275,345
"A",2020-12-11,8.30125,346
"A",2020-12-12,8.366875,347
"A",2020-12-13,8.473125,348
"A",2020-12-14,8.328125,349
"A",2020-12-15,8.181875,350
"A",2020-12-16,7.99,351
"A",2020-12-17,7.83125,352
"A",2020-12-18,7.693125,353
"A",2020-12-19,7.544375,354
"A",2020-12-20,7.619375,355
"A",2020-12-21,7.530625,356
"A",2020-12-22,7.671875,357
"A",2020-12-23,7.394375,358
"A",2020-12-24,7.756875,359
"A",2020-12-25,7.915,360
"A",2020-12-26,7.92125,361
"A",2020-12-27,7.739375,362
"A",2020-12-28,7.226875,363
"A",2020-12-29,6.89125,364
"A",2020-12-30,6.660625,365
"A",2020-12-31,6.848125,366
"A",2021-01-01,6.988125,1
"A",2021-01-02,7.016875,2
"A",2021-01-03,6.949375,3
"A",2021-01-04,6.6175,4
"A",2021-01-05,6.20875,5
"A",2021-01-06,6.26,6
"A",2021-01-07,6.1425,7
"A",2021-01-08,6.204375,8
"A",2021-01-09,5.7225,9
"A",2021-01-10,5.740625,10
"A",2021-01-11,5.506875,11
"A",2021-01-12,5.476875,12
"A",2021-01-13,5.453125,13
"A",2021-01-14,5.601875,14
"A",2021-01-15,5.515625,15
"A",2021-01-16,5.184375,16
"A",2021-01-17,4.941875,17
"A",2021-01-18,5.168125,18
"A",2021-01-19,5.113125,19
"A",2021-01-20,5.11875,20
"A",2021-01-21,5.273125,21
"A",2021-01-22,5.37625,22
"A",2021-01-23,4.944375,23
"A",2021-01-24,4.893125,24
"A",2021-01-25,4.855625,25
"A",2021-01-26,4.5275,26
"A",2021-01-27,4.85375,27
"A",2021-01-28,4.5125,28
"A",2021-01-29,4.155,29
"A",2021-01-30,4.47125,30
"A",2021-01-31,4.485,31
"A",2021-02-01,4.51625,32
"A",2021-02-02,4.203125,33
"A",2021-02-03,4.36,34
"A",2021-02-04,4.06625,35
"A",2021-02-05,3.75125,36
"A",2021-02-06,3.2075,37
"A",2021-02-07,3.34875,38
"A",2021-02-08,3.451875,39
"A",2021-02-09,3.855,40
"A",2021-02-10,3.636875,41
"A",2021-02-11,3.378125,42
"A",2021-02-12,3.7025,43
"A",2021-02-13,4.27375,44
"A",2021-02-14,3.655625,45
"A",2021-02-15,3.303125,46
"A",2021-02-16,3.16125,47
"A",2021-02-17,3.383125,48
"A",2021-02-18,2.77125,49
"A",2021-02-19,2.471875,50
"A",2021-02-20,2.61875,51
"A",2021-02-21,2.48875,52
"A",2021-02-22,2.088125,53
"A",2021-02-23,2.43,54
"A",2021-02-24,2.409375,55
"A",2021-02-25,2.955,56
"A",2021-02-26,3.59625,57
"A",2021-02-27,3.8025,58
"A",2021-02-28,3.686875,59
"A",2021-03-01,3.713125,60
"A",2021-03-02,4.6275,61
"A",2021-03-03,5.4275,62
"A",2021-03-04,6.006875,63
"A",2021-03-05,6.39,64
"A",2021-03-06,5.908125,65
"A",2021-03-07,5.715625,66
"A",2021-03-08,5.86625,67
"A",2021-03-09,5.975625,68
"A",2021-03-10,6.01,69
"A",2021-03-11,6.35875,70
"A",2021-03-12,6.15,71
"A",2021-03-13,5.664375,72
"A",2021-03-14,5.426875,73
"A",2021-03-15,5.36375,74
"A",2021-03-16,5.30875,75
"A",2021-03-17,5.165625,76
"A",2021-03-18,5.194375,77
"A",2021-03-19,5.276875,78
"A",2021-03-20,5.2375,79
"A",2021-03-21,4.8,80
"A",2021-03-22,4.601875,81
"A",2021-03-23,4.639375,82
"A",2021-03-24,4.46875,83
"A",2021-03-25,4.818125,84
"A",2021-03-26,5.308125,85
"A",2021-03-27,5.336875,86
"A",2021-03-28,5.58466666666667,87
"A",2021-03-29,5.77125,88
"A",2021-03-30,5.826875,89
"A",2021-03-31,5.849375,90
"A",2021-04-01,6.0525,91
"A",2021-04-02,6.248125,92
"A",2021-04-03,6.313125,93
"A",2021-04-04,6.343125,94
"A",2021-04-05,6.325,95
"A",2021-04-06,6.40125,96
"A",2021-04-07,6.38375,97
"A",2021-04-08,6.30375,98
"A",2021-04-09,6.086875,99
"A",2021-04-10,6.1175,100
"A",2021-04-11,6.083125,101
"A",2021-04-12,6.049375,102
"A",2021-04-13,6.07375,103
"A",2021-04-14,5.965,104
"A",2021-04-15,5.94875,105
"A",2021-04-16,5.9225,106
"A",2021-04-17,5.75625,107
"A",2021-04-18,5.951875,108
"A",2021-04-19,6.005625,109
"A",2021-04-20,6.043125,110
"A",2021-04-21,6.055625,111
"A",2021-04-22,6.17875,112
"A",2021-04-23,6.378125,113
"A",2021-04-24,6.29625,114
"A",2021-04-25,6.240625,115
"A",2021-04-26,6.265,116
"A",2021-04-27,6.141875,117
"A",2021-04-28,6.09875,118
"A",2021-04-29,5.991875,119
"A",2021-04-30,6.015,120
"A",2021-05-01,6.04625,121
"A",2021-05-02,6.1425,122
"A",2021-05-03,6.099375,123
"A",2021-05-04,6.221875,124
"A",2021-05-05,6.3025,125
"A",2021-05-06,6.556875,126
"A",2021-05-07,6.415625,127
"A",2021-05-08,6.338125,128
"A",2021-05-09,6.503125,129
"A",2021-05-10,6.514375,130
"A",2021-05-11,6.600625,131
"A",2021-05-12,6.903125,132
"A",2021-05-13,7.31375,133
"A",2021-05-14,7.589375,134
"A",2021-05-15,7.81,135
"A",2021-05-16,8.15625,136
"A",2021-05-17,8.469375,137
"A",2021-05-18,8.484375,138
"A",2021-05-19,9.161875,139
"A",2021-05-20,9.6575,140
"A",2021-05-21,9.633125,141
"A",2021-05-22,9.649375,142
"A",2021-05-23,9.836875,143
"A",2021-05-24,9.81,144
"A",2021-05-25,9.85571428571428,145
"B",2020-04-30,8.54333333333333,121
"B",2020-05-01,8.42125,122
"B",2020-05-02,8.803125,123
"B",2020-05-03,9.610625,124
"B",2020-05-04,9.931875,125
"B",2020-05-05,9.91875,126
"B",2020-05-06,9.878125,127
"B",2020-05-07,10.2375,128
"B",2020-05-08,10.531875,129
"B",2020-05-09,10.423125,130
"B",2020-05-10,10.59125,131
"B",2020-05-11,10.859375,132
"B",2020-05-12,9.85625,133
"B",2020-05-13,9.701875,134
"B",2020-05-14,10.16125,135
"B",2020-05-15,9.53875,136
"B",2020-05-16,10.09875,137
"B",2020-05-17,10.116875,138
"B",2020-05-18,9.72875,139
"B",2020-05-19,9.97,140
"B",2020-05-20,9.759375,141
"B",2020-05-21,10.146875,142
"B",2020-05-22,10.751875,143
"B",2020-05-23,10.47625,144
"B",2020-05-24,10.46125,145
"B",2020-05-25,11.08,146
"B",2020-05-26,11.715625,147
"B",2020-05-27,12.029375,148
"B",2020-05-28,12.079375,149
"B",2020-05-29,12.07,150
"B",2020-05-30,12.279375,151
"B",2020-05-31,12.17875,152
"B",2020-06-01,12.664375,153
"B",2020-06-02,13.35375,154
"B",2020-06-03,13.064375,155
"B",2020-06-04,13.001875,156
"B",2020-06-05,13.095625,157
"B",2020-06-06,13.301875,158
"B",2020-06-07,13.03375,159
"B",2020-06-08,13.32625,160
"B",2020-06-09,13.591875,161
"B",2020-06-10,13.69125,162
"B",2020-06-11,13.6775,163
"B",2020-06-12,13.901875,164
"B",2020-06-13,14.18875,165
"B",2020-06-14,14.235625,166
"B",2020-06-15,14.451875,167
"B",2020-06-16,14.68,168
"B",2020-06-17,14.538125,169
"B",2020-06-18,14.91125,170
"B",2020-06-19,15.6875,171
"B",2020-06-20,15.926875,172
"B",2020-06-21,16.071875,173
"B",2020-06-22,16.125,174
"B",2020-06-23,16.29625,175
"B",2020-06-24,16.6225,176
"B",2020-06-25,16.98875,177
"B",2020-06-26,17.2375,178
"B",2020-06-27,17.356875,179
"B",2020-06-28,17.520625,180
"B",2020-06-29,17.670625,181
"B",2020-06-30,17.541875,182
"B",2020-07-01,17.150625,183
"B",2020-07-02,17.169375,184
"B",2020-07-03,16.99375,185
"B",2020-07-04,16.6925,186
"B",2020-07-05,16.65125,187
"B",2020-07-06,16.215625,188
"B",2020-07-07,16.240625,189
"B",2020-07-08,16.751875,190
"B",2020-07-09,17.16,191
"B",2020-07-10,17.105625,192
"B",2020-07-11,16.955,193
"B",2020-07-12,16.911875,194
"B",2020-07-13,16.809375,195
"B",2020-07-14,16.815625,196
"B",2020-07-15,16.82125,197
"B",2020-07-16,16.945,198
"B",2020-07-17,17.171875,199
"B",2020-07-18,17.19375,200
"B",2020-07-19,17.270625,201
"B",2020-07-20,17.41625,202
"B",2020-07-21,17.4125,203
"B",2020-07-22,17.369375,204
"B",2020-07-23,17.12625,205
"B",2020-07-24,16.93,206
"B",2020-07-25,17.035,207
"B",2020-07-26,17.19125,208
"B",2020-07-27,17.28875,209
"B",2020-07-28,17.3475,210
"B",2020-07-29,17.23375,211
"B",2020-07-30,17.244375,212
"B",2020-07-31,17.3825,213
"B",2020-08-01,17.54,214
"B",2020-08-02,17.688125,215
"B",2020-08-03,17.566875,216
"B",2020-08-04,17.508125,217
"B",2020-08-05,17.45625,218
"B",2020-08-06,17.495,219
"B",2020-08-07,17.69125,220
"B",2020-08-08,17.76125,221
"B",2020-08-09,17.933125,222
"B",2020-08-10,17.919375,223
"B",2020-08-11,17.660625,224
"B",2020-08-12,17.961875,225
"B",2020-08-13,19.03375,226
"B",2020-08-14,19.82375,227
"B",2020-08-15,19.9075,228
"B",2020-08-16,19.5225,229
"B",2020-08-17,19.676875,230
"B",2020-08-18,19.498125,231
"B",2020-08-19,19.16875,232
"B",2020-08-20,19.4,233
"B",2020-08-21,19.216875,234
"B",2020-08-22,19.231875,235
"B",2020-08-23,19,236
"B",2020-08-24,18.92,237
"B",2020-08-25,18.614375,238
"B",2020-08-26,18.114375,239
"B",2020-08-27,17.825625,240
"B",2020-08-28,17.45125,241
"B",2020-08-29,17.106875,242
"B",2020-08-30,16.901875,243
"B",2020-08-31,16.815625,244
"B",2020-09-01,16.43375,245
"B",2020-09-02,16.29125,246
"B",2020-09-03,16.28,247
"B",2020-09-04,16.409375,248
"B",2020-09-05,16.21375,249
"B",2020-09-06,15.869375,250
"B",2020-09-07,15.926875,251
"B",2020-09-08,15.814375,252
"B",2020-09-09,15.70125,253
"B",2020-09-10,15.485,254
"B",2020-09-11,14.993125,255
"B",2020-09-12,15,256
"B",2020-09-13,14.71625,257
"B",2020-09-14,14.825625,258
"B",2020-09-15,14.89125,259
"B",2020-09-16,14.8675,260
"B",2020-09-17,14.421875,261
"B",2020-09-18,14.439375,262
"B",2020-09-19,14.26625,263
"B",2020-09-20,14.07625,264
"B",2020-09-21,14.01125,265
"B",2020-09-22,13.986875,266
"B",2020-09-23,13.935,267
"B",2020-09-24,13.91625,268
"B",2020-09-25,13.98875,269
"B",2020-09-26,13.928125,270
"B",2020-09-27,13.970625,271
"B",2020-09-28,13.986875,272
"B",2020-09-29,14.053125,273
"B",2020-09-30,14.094375,274
"B",2020-10-01,14.063125,275
"B",2020-10-02,13.9371428571429,276
"B",2020-10-03,12.9864285714286,277
"B",2020-10-04,13.48625,278
"B",2020-10-05,13.244375,279
"B",2020-10-06,12.676875,280
"B",2020-10-07,13.041875,281
"B",2020-10-08,14.841875,282
"B",2020-10-09,14.775,283
"B",2020-10-10,14.53125,284
"B",2020-10-11,14.00125,285
"B",2020-10-12,13.06875,286
"B",2020-10-13,12.599375,287
"B",2020-10-14,12.203125,288
"B",2020-10-15,12.106875,289
"B",2020-10-16,11.4525,290
"B",2020-10-17,11.710625,291
"B",2020-10-18,11.815625,292
"B",2020-10-19,11.66125,293
"B",2020-10-20,10.544375,294
"B",2020-10-21,10.011875,295
"B",2020-10-22,11.283125,296
"B",2020-10-23,11.54125,297
"B",2020-10-24,10.991875,298
"B",2020-10-25,10.9388888888889,299
"B",2020-10-26,11.023125,300
"B",2020-10-27,11.12375,301
"B",2020-10-28,10.626875,302
"B",2020-10-29,10.433125,303
"B",2020-10-30,9.829375,304
"B",2020-10-31,9.724375,305
"B",2020-11-01,10.63125,306
"B",2020-11-02,11.33375,307
"B",2020-11-03,11.67625,308
"B",2020-11-04,11.25,309
"B",2020-11-05,11.195,310
"B",2020-11-06,12.351875,311
"B",2020-11-07,12.519375,312
"B",2020-11-08,12.945,313
"B",2020-11-09,12.931875,314
"B",2020-11-10,12.706875,315
"B",2020-11-11,11.69375,316
"B",2020-11-12,11.453125,317
"B",2020-11-13,11.81125,318
"B",2020-11-14,12.243125,319
"B",2020-11-15,11.8275,320
"B",2020-11-16,11.85,321
"B",2020-11-17,10.94375,322
"B",2020-11-18,12.264375,323
"B",2020-11-19,12.49,324
"B",2020-11-20,10.865,325
"B",2020-11-21,9.454375,326
"B",2020-11-22,9.045,327
"B",2020-11-23,8.160625,328
"B",2020-11-24,7.81625,329
"B",2020-11-25,7.950625,330
"B",2020-11-26,8.388125,331
"B",2020-11-27,7.289375,332
"B",2020-11-28,6.871875,333
"B",2020-11-29,6.7125,334
"B",2020-11-30,6.4425,335
"B",2020-12-01,6.33125,336
"B",2020-12-02,6.36375,337
"B",2020-12-03,6.10875,338
"B",2020-12-04,5.918125,339
"B",2020-12-05,6.23375,340
"B",2020-12-06,6.5225,341
"B",2020-12-07,6.710625,342
"B",2020-12-08,6.455625,343
"B",2020-12-09,6.321875,344
"B",2020-12-10,5.850625,345
"B",2020-12-11,5.783125,346
"B",2020-12-12,5.8975,347
"B",2020-12-13,6.12875,348
"B",2020-12-14,6.140625,349
"B",2020-12-15,6.135,350
"B",2020-12-16,6.343125,351
"B",2020-12-17,6.316875,352
"B",2020-12-18,6.49875,353
"B",2020-12-19,6.543125,354
"B",2020-12-20,6.501875,355
"B",2020-12-21,6.683125,356
"B",2020-12-22,6.78625,357
"B",2020-12-23,6.766875,358
"B",2020-12-24,6.338125,359
"B",2020-12-25,5.585,360
"B",2020-12-26,5.014375,361
"B",2020-12-27,5.180625,362
"B",2020-12-28,5.088125,363
"B",2020-12-29,4.551875,364
"B",2020-12-30,5.078125,365
"B",2020-12-31,5.086875,366
"B",2021-01-01,5.01625,1
"B",2021-01-02,4.8675,2
"B",2021-01-03,4.58625,3
"B",2021-01-04,4.444375,4
"B",2021-01-05,4.48875,5
"B",2021-01-06,3.970625,6
"B",2021-01-07,2.931875,7
"B",2021-01-08,3.149375,8
"B",2021-01-09,3.379375,9
"B",2021-01-10,3.433125,10
"B",2021-01-11,3.27375,11
"B",2021-01-12,3.1875,12
"B",2021-01-13,3.131875,13
"B",2021-01-14,3.289375,14
"B",2021-01-15,3.314375,15
"B",2021-01-16,3.2525,16
"B",2021-01-17,3.301875,17
"B",2021-01-18,3.368125,18
"B",2021-01-19,3.53125,19
"B",2021-01-20,3.285625,20
"B",2021-01-21,3.208125,21
"B",2021-01-22,3.188125,22
"B",2021-01-23,3.36125,23
"B",2021-01-24,3.54,24
"B",2021-01-25,3.805625,25
"B",2021-01-26,3.750625,26
"B",2021-01-27,2.633125,27
"B",2021-01-28,1.860625,28
"B",2021-01-29,2.27,29
"B",2021-01-30,2.193125,30
"B",2021-01-31,1.944375,31
"B",2021-02-01,1.68625,32
"B",2021-02-02,1.538125,33
"B",2021-02-03,1.52625,34
"B",2021-02-04,1.310625,35
"B",2021-02-05,1.34875,36
"B",2021-02-06,1.366875,37
"B",2021-02-07,1.42625,38
"B",2021-02-08,1.719375,39
"B",2021-02-09,1.718125,40
"B",2021-02-10,1.8925,41
"B",2021-02-11,2.0675,42
"B",2021-02-12,2.228125,43
"B",2021-02-13,1.81375,44
"B",2021-02-14,1.073125,45
"B",2021-02-15,1.05375,46
"B",2021-02-16,0.983125,47
"B",2021-02-17,1.045625,48
"B",2021-02-18,1.1075,49
"B",2021-02-19,1.025625,50
"B",2021-02-20,0.371875,51
"B",2021-02-21,0.754375,52
"B",2021-02-22,0.951875,53
"B",2021-02-23,1.1325,54
"B",2021-02-24,1.4175,55
"B",2021-02-25,2.213125,56
"B",2021-02-26,2.42875,57
"B",2021-02-27,2.478125,58
"B",2021-02-28,2.45375,59
"B",2021-03-03,4.152,62
"B",2021-03-04,4.14625,63
"B",2021-03-05,3.8525,64
"B",2021-03-06,3.74125,65
"B",2021-03-07,3.59375,66
"B",2021-03-08,3.41625,67
"B",2021-03-09,3.24375,68
"B",2021-03-10,2.77875,69
"B",2021-03-11,2.64625,70
"B",2021-03-12,2.46625,71
"B",2021-03-13,2.64625,72
"B",2021-03-14,2.965,73
"B",2021-03-15,3.16375,74
"B",2021-03-16,3.38125,75
"B",2021-03-17,3.5,76
"B",2021-03-18,3.29375,77
"B",2021-03-19,2.315,78
"B",2021-03-20,2.8125,79
"B",2021-03-21,3.665,80
"B",2021-03-22,3.7875,81
"B",2021-03-23,4.035,82
"B",2021-03-24,4.48,83
"B",2021-03-25,4.91375,84
"B",2021-03-26,5.3675,85
"B",2021-03-27,5.31875,86
"B",2021-03-28,5.25571428571429,87
"B",2021-03-29,5.505,88
"B",2021-03-30,5.80375,89
"B",2021-03-31,6.37,90
"B",2021-04-01,6.575,91
"B",2021-04-02,6.45875,92
"B",2021-04-03,6.40875,93
"B",2021-04-04,6.195,94
"B",2021-04-05,6.205,95
"B",2021-04-06,6.00125,96
"B",2021-04-07,6.29875,97
"B",2021-04-08,6.37,98
"B",2021-04-09,6.12625,99
"B",2021-04-10,6.47625,100
"B",2021-04-11,6.395,101
"B",2021-04-12,5.995,102
"B",2021-04-13,5.9025,103
"B",2021-04-14,6.30125,104
"B",2021-04-15,6.22625,105
"B",2021-04-16,6.32375,106
"B",2021-04-17,6.59375,107
"B",2021-04-18,6.64625,108
"B",2021-04-19,6.815,109
"B",2021-04-22,9.344,112
"B",2021-04-23,8.34,113
"B",2021-04-24,7.33125,114
"B",2021-04-25,7.3125,115
"B",2021-04-26,7.645,116
"B",2021-04-27,7.70375,117
"B",2021-04-28,8.4325,118
"B",2021-04-29,8.50625,119
"B",2021-04-30,8.255,120
"B",2021-05-01,8.33875,121
"B",2021-05-02,9.32375,122
"B",2021-05-03,9.5425,123
"B",2021-05-04,9.88375,124
"B",2021-05-05,8.98625,125
"B",2021-05-06,7.63,126
"B",2021-05-07,7.89875,127
"B",2021-05-08,8.61125,128
"B",2021-05-09,8.99,129
"B",2021-05-10,9.05125,130
"B",2021-05-11,9.7975,131
"B",2021-05-12,11.25625,132
"B",2021-05-13,12.3225,133
"B",2021-05-14,13.41,134
"B",2021-05-15,12.91875,135
"B",2021-05-16,12.9325,136
"B",2021-05-17,13.0475,137
"B",2021-05-18,12.78125,138
"B",2021-05-19,13.11875,139
"B",2021-05-20,13.955,140
"B",2021-05-21,13.90125,141
"B",2021-05-22,13.88375,142
"B",2021-05-23,13.31125,143
"B",2021-05-24,12.91875,144
"B",2021-05-25,13.53875,145
"B",2021-05-26,13.335,146
"C",2020-06-19,16.26,171
"C",2020-06-20,16.565,172
"C",2020-06-21,16.846875,173
"C",2020-06-22,16.5925,174
"C",2020-06-23,16.72375,175
"C",2020-06-24,17.018125,176
"C",2020-06-25,17.31375,177
"C",2020-06-26,17.52375,178
"C",2020-06-27,17.7025,179
"C",2020-06-28,18.04375,180
"C",2020-06-29,18.32625,181
"C",2020-06-30,18.01875,182
"C",2020-07-01,17.59125,183
"C",2020-07-02,17.439375,184
"C",2020-07-03,17.086875,185
"C",2020-07-04,16.5275,186
"C",2020-07-05,16.568125,187
"C",2020-07-06,16.276875,188
"C",2020-07-07,16.168125,189
"C",2020-07-08,15.84875,190
"C",2020-07-09,15.2275,191
"C",2020-07-10,14.680625,192
"C",2020-07-11,14.71875,193
"C",2020-07-12,15.0725,194
"C",2020-07-13,14.824375,195
"C",2020-07-14,15.103125,196
"C",2020-07-15,15.544375,197
"C",2020-07-16,15.588125,198
"C",2020-07-17,16.071875,199
"C",2020-07-18,16.04875,200
"C",2020-07-19,16.300625,201
"C",2020-07-20,16.79,202
"C",2020-07-21,16.7325,203
"C",2020-07-22,16.229375,204
"C",2020-07-23,15.61875,205
"C",2020-07-24,15.124375,206
"C",2020-07-25,14.980625,207
"C",2020-07-26,14.978125,208
"C",2020-07-27,15.40375,209
"C",2020-07-28,15.735,210
"C",2020-07-29,15.730625,211
"C",2020-07-30,15.719375,212
"C",2020-07-31,15.9125,213
"C",2020-08-01,15.88625,214
"C",2020-08-02,16.02,215
"C",2020-08-03,16.065,216
"C",2020-08-04,15.855625,217
"C",2020-08-05,15.61,218
"C",2020-08-06,15.61625,219
"C",2020-08-07,15.7725,220
"C",2020-08-08,15.956875,221
"C",2020-08-09,16.07375,222
"C",2020-08-10,15.718125,223
"C",2020-08-11,15.248125,224
"C",2020-08-12,14.9725,225
"C",2020-08-13,15.206875,226
"C",2020-08-14,15.53875,227
"C",2020-08-15,15.655625,228
"C",2020-08-16,15.730625,229
"C",2020-08-17,15.579375,230
"C",2020-08-18,15.974375,231
"C",2020-08-19,15.76875,232
"C",2020-08-20,15.631875,233
"C",2020-08-21,15.67875,234
"C",2020-08-22,16.130625,235
"C",2020-08-23,15.909375,236
"C",2020-08-24,15.5525,237
"C",2020-08-25,15.208125,238
"C",2020-08-26,14.535,239
"C",2020-08-27,14.126875,240
"C",2020-08-28,13.77625,241
"C",2020-08-29,13.569375,242
"C",2020-08-30,13.656875,243
"C",2020-08-31,13.86625,244
"C",2020-09-01,13.899375,245
"C",2020-09-02,14.1775,246
"C",2020-09-03,14.175,247
"C",2020-09-04,14.36625,248
"C",2020-09-05,14.200625,249
"C",2020-09-06,13.779375,250
"C",2020-09-07,13.280625,251
"C",2020-09-08,13.198125,252
"C",2020-09-09,13.336875,253
"C",2020-09-10,13.2,254
"C",2020-09-11,12.8225,255
"C",2020-09-12,13.203125,256
"C",2020-09-13,13.10875,257
"C",2020-09-14,13.131875,258
"C",2020-09-15,13.32,259
"C",2020-09-16,13.43,260
"C",2020-09-17,12.759375,261
"C",2020-09-18,12.148125,262
"C",2020-09-19,11.87875,263
"C",2020-09-20,11.39625,264
"C",2020-09-21,11.338125,265
"C",2020-09-22,11.41875,266
"C",2020-09-23,11.2325,267
"C",2020-09-24,11.198125,268
"C",2020-09-25,11.266875,269
"C",2020-09-26,11.53125,270
"C",2020-09-27,11.723125,271
"C",2020-09-28,11.929375,272
"C",2020-09-29,12.0125,273
"C",2020-09-30,12.059375,274
"C",2020-10-01,12.045625,275
"C",2020-10-02,11.854375,276
"C",2020-10-03,11.7125,277
"C",2020-10-04,11.775,278
"C",2020-10-05,11.91625,279
"C",2020-10-06,12.011875,280
"C",2020-10-07,12.095625,281
"C",2020-10-08,12.204375,282
"C",2020-10-09,12.1775,283
"C",2020-10-10,11.91625,284
"C",2020-10-11,11.635625,285
"C",2020-10-12,11.285625,286
"C",2020-10-13,11.12875,287
"C",2020-10-14,10.768125,288
"C",2020-10-15,10.28,289
"C",2020-10-16,10.235,290
"C",2020-10-17,9.923125,291
"C",2020-10-18,9.50375,292
"C",2020-10-19,8.89,293
"C",2020-10-21,8.7975,295
"C",2020-10-22,9.485,296
"C",2020-10-23,10.10125,297
"C",2020-10-24,9.516875,298
"C",2020-10-25,8.85222222222222,299
"C",2020-10-26,9.145625,300
"C",2020-10-27,9.55,301
"C",2020-10-28,9.57875,302
"C",2020-10-29,9.62,303
"C",2020-10-30,9.39375,304
"C",2020-10-31,8.995,305
"C",2020-11-01,8.951875,306
"C",2020-11-02,10.144375,307
"C",2020-11-03,10.30625,308
"C",2020-11-04,9.195625,309
"C",2020-11-05,7.7575,310
"C",2020-11-06,7.6725,311
"C",2020-11-07,7.91875,312
"C",2020-11-08,7.944375,313
"C",2020-11-09,7.5175,314
"C",2020-11-10,8.010625,315
"C",2020-11-11,8.918125,316
"C",2020-11-12,8.749375,317
"C",2020-11-13,8.51125,318
"C",2020-11-14,8.57,319
"C",2020-11-15,8.5675,320
"C",2020-11-16,8.785625,321
"C",2020-11-17,9.06375,322
"C",2020-11-18,9.309375,323
"C",2020-11-19,9.599375,324
"C",2020-11-20,8.833125,325
"C",2020-11-21,7.945625,326
"C",2020-11-22,7.839375,327
"C",2020-11-23,7.66875,328
"C",2020-11-24,7.42625,329
"C",2020-11-25,7.38,330
"C",2020-11-26,7.72375,331
"C",2020-11-27,7.67,332
"C",2020-11-28,7.475,333
"C",2020-11-29,7.065,334
"C",2020-11-30,6.95375,335
"C",2020-12-01,6.691875,336
"C",2020-12-02,6.809375,337
"C",2020-12-03,6.783125,338
"C",2020-12-04,6.7475,339
"C",2020-12-05,6.7675,340
"C",2020-12-06,6.92625,341
"C",2020-12-07,7.09375,342
"C",2020-12-08,7.05875,343
"C",2020-12-09,6.90375,344
"C",2020-12-10,6.69,345
"C",2020-12-11,6.49875,346
"C",2020-12-12,6.403125,347
"C",2020-12-13,6.331875,348
"C",2020-12-14,6.279375,349
"C",2020-12-15,6.15125,350
"C",2020-12-16,6.206875,351
"C",2020-12-17,6.27125,352
"C",2020-12-18,6.74,353
"C",2020-12-19,7.50125,354
"C",2020-12-20,7.184375,355
"C",2020-12-21,7.1325,356
"C",2020-12-22,7.16125,357
"C",2020-12-23,7.275,358
"C",2020-12-24,7.088125,359
"C",2020-12-25,6.8275,360
"C",2020-12-26,6.543125,361
"C",2020-12-27,6.310625,362
"C",2020-12-28,6.4375,363
"C",2020-12-29,6.551875,364
"C",2020-12-30,6.33625,365
"C",2020-12-31,6.065625,366
"C",2021-01-01,5.97875,1
"C",2021-01-02,5.745,2
"C",2021-01-03,5.326875,3
"C",2021-01-04,5.22125,4
"C",2021-01-05,5.060625,5
"C",2021-01-06,4.7175,6
"C",2021-01-07,4.48375,7
"C",2021-01-08,4.77125,8
"C",2021-01-09,4.65625,9
"C",2021-01-10,4.2275,10
"C",2021-01-11,4.03875,11
"C",2021-01-12,4.016875,12
"C",2021-01-13,4.0525,13
"C",2021-01-14,4.011875,14
"C",2021-01-15,4.153125,15
"C",2021-01-16,4.080625,16
"C",2021-01-17,4.014375,17
"C",2021-01-18,3.906875,18
"C",2021-01-19,3.830625,19
"C",2021-01-20,3.808125,20
"C",2021-01-21,3.7275,21
"C",2021-01-22,3.638125,22
"C",2021-01-23,3.64125,23
"C",2021-01-24,3.545625,24
"C",2021-01-25,3.3425,25
"C",2021-01-26,3.295625,26
"C",2021-01-27,3.119375,27
"C",2021-01-28,2.90375,28
"C",2021-01-29,2.9025,29
"C",2021-01-30,2.621875,30
"C",2021-01-31,2.48375,31
"C",2021-02-01,2.3125,32
"C",2021-02-02,2.0875,33
"C",2021-02-03,2.125625,34
"C",2021-02-04,2.04125,35
"C",2021-02-05,2.0225,36
"C",2021-02-06,2.053125,37
"C",2021-02-07,2.129375,38
"C",2021-02-08,1.891875,39
"C",2021-02-09,1.86375,40
"C",2021-02-10,1.86625,41
"C",2021-02-11,1.8225,42
"C",2021-02-12,1.804375,43
"C",2021-02-13,1.835625,44
"C",2021-02-14,1.950625,45
"C",2021-02-15,1.61875,46
"C",2021-02-16,1.538125,47
"C",2021-02-17,1.495,48
"C",2021-02-18,1.495,49
"C",2021-02-19,1.529375,50
"C",2021-02-20,1.510625,51
"C",2021-02-21,1.586875,52
"C",2021-02-22,1.505,53
"C",2021-02-23,1.4875,54
"C",2021-02-24,1.643125,55
"C",2021-02-25,2.2725,56
"C",2021-02-26,2.71125,57
"C",2021-02-27,3.071875,58
"C",2021-02-28,3.009375,59
"C",2021-03-01,3.04625,60
"C",2021-03-02,2.82125,61
"C",2021-03-03,2.520625,62
"C",2021-03-04,2.61,63
"C",2021-03-05,2.49875,64
"C",2021-03-06,2.435,65
"C",2021-03-07,2.32125,66
"C",2021-03-08,2.4575,67
"C",2021-03-09,2.505,68
"C",2021-03-10,2.1525,69
"C",2021-03-11,2.196875,70
"C",2021-03-12,2.3475,71
"C",2021-03-13,2.455,72
"C",2021-03-14,2.3575,73
"C",2021-03-15,2.406875,74
"C",2021-03-16,2.445,75
"C",2021-03-17,2.5125,76
"C",2021-03-18,2.45375,77
"C",2021-03-19,2.44,78
"C",2021-03-20,2.3775,79
"C",2021-03-21,2.675625,80
"C",2021-03-22,2.805,81
"C",2021-03-23,2.874375,82
"C",2021-03-24,2.805625,83
"C",2021-03-25,2.81875,84
"C",2021-03-26,2.930625,85
"C",2021-03-27,3.105,86
"C",2021-03-28,3.16928571428571,87
"C",2021-03-29,3.254375,88
"C",2021-03-30,3.501875,89
"C",2021-03-31,3.844375,90
"C",2021-04-01,3.64375,91
"C",2021-04-02,3.863125,92
"C",2021-04-03,3.906875,93
"C",2021-04-04,4.035625,94
"C",2021-04-05,4.128125,95
"C",2021-04-06,4.2225,96
"C",2021-04-07,4.44,97
"C",2021-04-08,4.244375,98
"C",2021-04-09,4.234375,99
"C",2021-04-10,4.215625,100
"C",2021-04-11,4.31125,101
"C",2021-04-12,4.3975,102
"C",2021-04-13,4.54875,103
"C",2021-04-14,4.635625,104
"C",2021-04-15,4.698125,105
"C",2021-04-16,4.87125,106
"C",2021-04-17,4.91,107
"C",2021-04-18,5.24375,108
"C",2021-04-19,5.386875,109
"C",2021-04-20,5.7975,110
"C",2021-04-21,5.984375,111
"C",2021-04-22,6.380625,112
"C",2021-04-23,6.355,113
"C",2021-04-24,6.324375,114
"C",2021-04-25,6.181875,115
"C",2021-04-26,6.07875,116
"C",2021-04-27,6.026875,117
"C",2021-04-28,5.79125,118
"D",2020-05-07,7.4025,128
"D",2020-05-08,7.56125,129
"D",2020-05-09,7.719375,130
"D",2020-05-10,7.888125,131
"D",2020-05-11,7.914375,132
"D",2020-05-12,7.795,133
"D",2020-05-13,7.77375,134
"D",2020-05-14,7.638125,135
"D",2020-05-15,7.5975,136
"D",2020-05-16,7.70125,137
"D",2020-05-17,7.76875,138
"D",2020-05-18,7.78625,139
"D",2020-05-19,7.87,140
"D",2020-05-20,7.989375,141
"D",2020-05-21,8.169375,142
"D",2020-05-22,8.45125,143
"D",2020-05-23,8.69625,144
"D",2020-05-24,8.748125,145
"D",2020-05-25,8.855,146
"D",2020-05-26,9.17375,147
"D",2020-05-27,9.54,148
"D",2020-05-28,9.739375,149
"D",2020-05-29,9.7225,150
"D",2020-05-30,9.71125,151
"D",2020-05-31,9.789375,152
"D",2020-06-01,9.909375,153
"D",2020-06-02,9.74375,154
"D",2020-06-03,10.19875,155
"D",2020-06-04,10.481875,156
"D",2020-06-05,9.996875,157
"D",2020-06-06,10.351875,158
"D",2020-06-07,10.52875,159
"D",2020-06-08,10.436875,160
"D",2020-06-09,10.63,161
"D",2020-06-10,10.93625,162
"D",2020-06-11,11.211875,163
"D",2020-06-12,11.48,164
"D",2020-06-13,11.818125,165
"D",2020-06-14,12.0925,166
"D",2020-06-15,12.35875,167
"D",2020-06-16,12.66375,168
"D",2020-06-17,12.818125,169
"D",2020-06-18,12.795625,170
"D",2020-06-19,13.030625,171
"D",2020-06-20,13.24125,172
"D",2020-06-21,13.600625,173
"D",2020-06-22,13.91625,174
"D",2020-06-23,14.1775,175
"D",2020-06-24,14.4875,176
"D",2020-06-25,14.899375,177
"D",2020-06-26,15.3875,178
"D",2020-06-27,15.5625,179
"D",2020-06-28,15.80125,180
"D",2020-06-29,15.875625,181
"D",2020-06-30,15.8625,182
"D",2020-07-01,15.595,183
"D",2020-07-02,15.46125,184
"D",2020-07-03,15.24,185
"D",2020-07-04,15.579375,186
"D",2020-07-05,15.80375,187
"D",2020-07-06,14.50625,188
"D",2020-07-07,14.7725,189
"D",2020-07-08,14.55125,190
"D",2020-07-09,14.651875,191
"D",2020-07-10,14.79125,192
"D",2020-07-11,14.88125,193
"D",2020-07-12,14.704375,194
"D",2020-07-13,14.768125,195
"D",2020-07-14,14.85125,196
"D",2020-07-15,14.94625,197
"D",2020-07-17,17.186,199
"D",2020-07-18,17.37625,200
"D",2020-07-19,17.586875,201
"D",2020-07-20,18.1525,202
"D",2020-07-21,17.780625,203
"D",2020-07-22,17.86125,204
"D",2020-07-23,17.875,205
"D",2020-07-24,17.454375,206
"D",2020-07-25,17.440625,207
"D",2020-07-26,17.259375,208
"D",2020-07-27,17.375,209
"D",2020-07-28,17.389375,210
"D",2020-07-29,17.66,211
"D",2020-07-30,17.52125,212
"D",2020-07-31,17.495625,213
"D",2020-08-01,17.67625,214
"D",2020-08-02,17.725625,215
"D",2020-08-03,17.211875,216
"D",2020-08-04,16.45,217
"D",2020-08-05,16.5525,218
"D",2020-08-06,16.461875,219
"D",2020-08-07,16.433125,220
"D",2020-08-08,16.330625,221
"D",2020-08-09,16.371875,222
"D",2020-08-10,16.726875,223
"D",2020-08-11,17.22625,224
"D",2020-08-12,17.384375,225
"D",2020-08-13,17.334375,226
"D",2020-08-14,17.289375,227
"D",2020-08-15,17.13,228
"D",2020-08-16,16.72375,229
"D",2020-08-17,16.179375,230
"D",2020-08-18,16.99625,231
"D",2020-08-19,17.00875,232
"D",2020-08-20,17.360625,233
"D",2020-08-21,17.82125,234
"D",2020-08-22,17.371875,235
"D",2020-08-23,17.8475,236
"D",2020-08-24,17.45375,237
"D",2020-08-25,17.55375,238
"D",2020-08-26,17.15125,239
"D",2020-08-27,17.209375,240
"D",2020-08-28,17.093125,241
"D",2020-08-29,17.38,242
"D",2020-08-30,17.33125,243
"D",2020-08-31,17.199375,244
"D",2020-09-01,16.875625,245
"D",2020-09-02,16.63625,246
"D",2020-09-03,16.71625,247
"D",2020-09-04,16.539375,248
"D",2020-09-05,16.5675,249
"D",2020-09-06,16.523125,250
"D",2020-09-07,16.45,251
"D",2020-09-08,16.565,252
"D",2020-09-09,16.605,253
"D",2020-09-10,16.09875,254
"D",2020-09-11,16.181875,255
"D",2020-09-12,16.208125,256
"D",2020-09-13,16.108125,257
"D",2020-09-14,16.0875,258
"D",2020-09-15,15.758125,259
"D",2020-09-16,15.78375,260
"D",2020-09-17,15.653125,261
"D",2020-09-18,14.595,262
"D",2020-09-19,14.76125,263
"D",2020-09-20,14.76875,264
"D",2020-09-21,14.6725,265
"D",2020-09-22,14.933125,266
"D",2020-09-23,14.5925,267
"D",2020-09-24,14.46,268
"D",2020-09-25,14.534375,269
"D",2020-09-26,14.67,270
"D",2020-09-27,14.7225,271
"D",2020-09-28,14.569375,272
"D",2020-09-29,14.806875,273
"D",2020-09-30,14.8,274
"D",2020-10-01,14.684375,275
"D",2020-10-02,14.59125,276
"D",2020-10-03,14.438125,277
"D",2020-10-04,14.266875,278
"D",2020-10-05,14.213125,279
"D",2020-10-06,14.283125,280
"D",2020-10-07,14.17875,281
"D",2020-10-08,14.079375,282
"D",2020-10-09,14.040625,283
"D",2020-10-10,13.94,284
"D",2020-10-11,13.780625,285
"D",2020-10-12,13.6025,286
"D",2020-10-13,13.615625,287
"D",2020-10-14,13.199375,288
"D",2020-10-15,12.628125,289
"D",2020-10-16,12.405625,290
"D",2020-10-17,12.52875,291
"D",2020-10-18,12.014375,292
"D",2020-10-19,12.496875,293
"D",2020-10-20,10.976875,294
"D",2020-10-21,10.5775,295
"D",2020-10-22,11.490625,296
"D",2020-10-23,10.931875,297
"D",2020-10-24,9.3525,298
"D",2020-10-25,9.658125,299
"D",2020-10-26,10.685625,300
"D",2020-10-27,10.933125,301
"D",2020-10-28,10.863125,302
"D",2020-10-29,10.89125,303
"D",2020-10-30,11.290625,304
"D",2020-10-31,11.290625,305
"D",2020-11-01,10.683125,306
"D",2020-11-02,10.4025,307
"D",2020-11-03,10.605,308
"D",2020-11-04,10.563125,309
"D",2020-11-05,9.73125,310
"D",2020-11-06,9.60125,311
"D",2020-11-07,9.640625,312
"D",2020-11-08,9.63,313
"D",2020-11-09,9.66875,314
"D",2020-11-10,9.360625,315
"D",2020-11-11,8.971875,316
"D",2020-11-12,8.81125,317
"D",2020-11-13,8.47375,318
"D",2020-11-14,8.429375,319
"D",2020-11-15,8.441875,320
"D",2020-11-16,8.536875,321
"D",2020-11-17,8.69625,322
"D",2020-11-18,8.76625,323
"D",2020-11-19,8.88875,324
"D",2020-11-20,8.66125,325
"D",2020-11-21,7.92375,326
"D",2020-11-22,7.25,327
"D",2020-11-23,7.396875,328
"D",2020-11-24,7.465,329
"D",2020-11-25,7.120625,330
"D",2020-11-26,7.135625,331
"D",2020-11-27,7.385,332
"D",2020-11-28,7.23625,333
"D",2020-11-29,7.139375,334
"D",2020-11-30,6.846875,335
"D",2020-12-01,6.765625,336
"D",2020-12-02,6.793125,337
"D",2020-12-03,6.4675,338
"D",2020-12-04,6.458125,339
"D",2020-12-05,6.379375,340
"D",2020-12-06,6.414375,341
"D",2020-12-07,6.58125,342
"D",2020-12-08,6.698125,343
"D",2020-12-09,6.85375,344
"D",2020-12-10,6.74875,345
"D",2020-12-11,6.47875,346
"D",2020-12-12,6.2575,347
"D",2020-12-13,6.15875,348
"D",2020-12-14,6.215625,349
"D",2020-12-15,6.161875,350
"D",2020-12-16,6.17625,351
"D",2020-12-17,6.318125,352
"D",2020-12-18,6.188125,353
"D",2020-12-19,6.07,354
"D",2020-12-20,6.088125,355
"D",2020-12-21,6.10625,356
"D",2020-12-22,6.1775,357
"D",2020-12-23,6.16125,358
"D",2020-12-24,6.115,359
"D",2020-12-25,5.969375,360
"D",2020-12-26,5.754375,361
"D",2020-12-27,5.28625,362
"D",2020-12-28,4.76875,363
"D",2020-12-29,4.766875,364
"D",2020-12-30,5.37875,365
"D",2020-12-31,5.428125,366
"D",2021-01-01,5.37,1
"D",2021-01-02,5.341875,2
"D",2021-01-03,5.278125,3
"D",2021-01-04,5.22625,4
"D",2021-01-05,5.213125,5
"D",2021-01-06,5.176875,6
"D",2021-01-07,5.028125,7
"D",2021-01-08,4.04875,8
"D",2021-01-09,3.55125,9
"D",2021-01-10,3.50125,10
"D",2021-01-11,3.60625,11
"D",2021-01-12,3.220625,12
"D",2021-01-13,3.56,13
"D",2021-01-14,3.08125,14
"D",2021-01-15,2.97875,15
"D",2021-01-16,3.423125,16
"D",2021-01-17,3.6525,17
"D",2021-01-18,3.783125,18
"D",2021-01-19,4.04875,19
"D",2021-01-20,4.719375,20
"D",2021-01-21,4.234375,21
"D",2021-01-22,3.7375,22
"D",2021-01-23,2.920625,23
"D",2021-01-24,3.093125,24
"D",2021-01-25,3.515625,25
"D",2021-01-26,3.650625,26
"D",2021-01-27,3.58625,27
"D",2021-01-28,3.6,28
"D",2021-01-29,3.4725,29
"D",2021-01-30,3.54875,30
"D",2021-01-31,4.78625,31
"D",2021-02-01,4.465625,32
"D",2021-02-02,4.900625,33
"D",2021-02-03,4.1425,34
"D",2021-02-04,4.036875,35
"D",2021-02-05,4.38375,36
"D",2021-02-06,4.739375,37
"D",2021-02-07,4.035,38
"D",2021-02-08,3.483125,39
"D",2021-02-09,3.24125,40
"D",2021-02-10,3.296875,41
"D",2021-02-11,3.32125,42
"D",2021-02-12,3.381875,43
"D",2021-02-13,3.6925,44
"D",2021-02-14,3.485625,45
"D",2021-02-15,3.535625,46
"D",2021-02-16,3.1525,47
"D",2021-02-17,3.1,48
"D",2021-02-18,3.439375,49
"D",2021-02-19,4.274375,50
"D",2021-02-20,4.103125,51
"D",2021-02-21,2.7825,52
"D",2021-02-22,2.513125,53
"D",2021-02-23,2.41625,54
"D",2021-02-24,2.249375,55
"D",2021-02-25,2.543125,56
"D",2021-02-26,2.9125,57
"D",2021-02-27,2.570625,58
"D",2021-02-28,2.479375,59
"D",2021-03-01,3.0925,60
"D",2021-03-02,2.9225,61
"D",2021-03-03,2.72,62
"D",2021-03-04,2.641875,63
"D",2021-03-05,2.386875,64
"D",2021-03-06,2.17125,65
"D",2021-03-07,2.3725,66
"D",2021-03-08,2.493125,67
"D",2021-03-09,2.78,68
"D",2021-03-10,2.886875,69
"D",2021-03-11,2.83875,70
"D",2021-03-12,2.645,71
"D",2021-03-13,2.548125,72
"D",2021-03-14,2.25,73
"D",2021-03-15,2.189375,74
"D",2021-03-16,2.26375,75
"D",2021-03-17,2.325625,76
"D",2021-03-18,2.3525,77
"D",2021-03-19,2.30625,78
"D",2021-03-20,2.151875,79
"D",2021-03-21,1.95875,80
"D",2021-03-22,2.096875,81
"D",2021-03-23,2.225,82
"D",2021-03-24,2.440625,83
"D",2021-03-25,2.57875,84
"D",2021-03-26,2.62125,85
"D",2021-03-27,2.724375,86
"D",2021-03-28,2.833125,87
"D",2021-03-29,2.95625,88
"D",2021-03-30,3.105625,89
"D",2021-03-31,3.2475,90
"D",2021-04-01,3.364375,91
"D",2021-04-02,3.451875,92
"D",2021-04-03,3.645625,93
"D",2021-04-04,3.86875,94
"D",2021-04-05,4.23125,95
"D",2021-04-06,4.3175,96
"D",2021-04-07,4.066875,97
"D",2021-04-08,3.916875,98
"D",2021-04-09,3.964375,99
"D",2021-04-10,4.034375,100
"D",2021-04-11,4.05625,101
"D",2021-04-12,4.124375,102
"D",2021-04-13,4.16125,103
"D",2021-04-14,4.189375,104
"D",2021-04-15,4.214375,105
"D",2021-04-16,4.485,106
"D",2021-04-17,4.456875,107
"D",2021-04-18,4.551875,108
"D",2021-04-19,4.71875,109
"D",2021-04-20,5.041875,110
"D",2021-04-21,4.840625,111
"D",2021-04-22,4.988125,112
"D",2021-04-23,5.2075,113
"D",2021-04-24,5.206875,114
"D",2021-04-25,5.200625,115
"D",2021-04-26,5.179375,116
"D",2021-04-27,5.14125,117
"D",2021-04-28,5.09625,118
"D",2021-04-29,5.06875,119
"D",2021-04-30,5.09,120
"D",2021-05-01,5.130625,121
"D",2021-05-02,5.183125,122
"D",2021-05-03,5.253125,123
"D",2021-05-04,5.32875,124
"D",2021-05-05,5.428125,125
"D",2021-05-06,5.493125,126
"D",2021-05-07,5.470625,127
"D",2021-05-08,5.42875,128
"D",2021-05-09,5.444375,129
"D",2021-05-10,5.508125,130
"D",2021-05-11,5.61,131
"D",2021-05-12,5.783125,132
"D",2021-05-13,6.106875,133
"D",2021-05-14,6.3025,134
"D",2021-05-15,6.63625,135
"D",2021-05-16,6.7275,136
"D",2021-05-17,6.716875,137
"D",2021-05-18,6.67875,138
"D",2021-05-19,6.789375,139
"D",2021-05-20,6.98125,140
"D",2021-05-21,7.13125,141
"D",2021-05-22,7.170625,142
"D",2021-05-23,7.115625,143
"D",2021-05-24,7.05625,144
"D",2021-05-25,6.94,145
"E",2020-09-22,22.68303125,266
"E",2020-09-23,22.1788125,267
"E",2020-09-24,22.2679583333333,268
"E",2020-09-25,16.7031875,269
"E",2020-09-26,12.5883541666667,270
"E",2020-09-27,13.1239166666667,271
"E",2020-09-28,13.3796875,272
"E",2020-09-29,13.4886875,273
"E",2020-09-30,13.3898958333333,274
"E",2020-10-01,13.3238333333333,275
"E",2020-10-02,13.2121458333333,276
"E",2020-10-03,13.2417291666667,277
"E",2020-10-04,13.2999166666667,278
"E",2020-10-05,13.2874375,279
"E",2020-10-06,13.083,280
"E",2020-10-07,12.9372708333333,281
"E",2020-10-08,12.8579791666667,282
"E",2020-10-09,12.8039583333333,283
"E",2020-10-10,12.7324583333333,284
"E",2020-10-11,12.6080416666667,285
"E",2020-10-12,12.4855625,286
"E",2020-10-13,12.3233125,287
"E",2020-10-14,11.90825,288
"E",2020-10-15,11.6616875,289
"E",2020-10-16,11.4375,290
"E",2020-10-17,11.16825,291
"E",2020-10-18,10.9959166666667,292
"E",2020-10-19,10.5950833333333,293
"E",2020-10-20,10.1854375,294
"E",2020-10-21,10.0560416666667,295
"E",2020-10-22,10.19125,296
"E",2020-10-23,10.4785625,297
"E",2020-10-24,10.5977291666667,298
"E",2020-10-25,10.6165208333333,299
"E",2020-10-26,10.7275833333333,300
"E",2020-10-27,10.7443125,301
"E",2020-10-28,10.6721875,302
"E",2020-10-29,10.6229166666667,303
"E",2020-10-30,10.6439583333333,304
"E",2020-10-31,10.599625,305
"E",2020-11-01,10.5018541666667,306
"E",2020-11-02,10.55875,307
"E",2020-11-03,10.6643125,308
"E",2020-11-04,10.6934583333333,309
"E",2020-11-05,10.6679791666667,310
"E",2020-11-06,10.6147083333333,311
"E",2020-11-07,10.6743958333333,312
"E",2020-11-08,10.6803333333333,313
"E",2020-11-09,10.695625,314
"E",2020-11-10,10.8230625,315
"E",2020-11-11,10.7978125,316
"E",2020-11-12,10.9426041666667,317
"E",2020-11-13,11.2587083333333,318
"E",2020-11-14,11.1451458333333,319
"E",2020-11-15,10.9731041666667,320
"E",2020-11-16,10.9653125,321
"E",2020-11-17,10.893875,322
"E",2020-11-18,10.9162083333333,323
"E",2020-11-19,10.8865,324
"E",2020-11-20,10.7336666666667,325
"E",2020-11-21,10.3448958333333,326
"E",2020-11-22,10.0422083333333,327
"E",2020-11-23,9.895375,328
"E",2020-11-24,9.7134375,329
"E",2020-11-25,9.74635416666667,330
"E",2020-11-26,9.64495833333333,331
"E",2020-11-27,9.50708333333333,332
"E",2020-11-28,9.52485416666667,333
"E",2020-11-29,9.05860416666667,334
"E",2020-11-30,9.1376875,335
"E",2020-12-01,8.8293125,336
"E",2020-12-02,8.60879166666667,337
"E",2020-12-03,8.44460416666667,338
"E",2020-12-04,8.37685416666667,339
"E",2020-12-05,8.39866666666667,340
"E",2020-12-06,8.27379166666667,341
"E",2020-12-07,8.2815,342
"E",2020-12-08,8.34697916666667,343
"E",2020-12-09,8.4425,344
"E",2020-12-10,8.28102083333333,345
"E",2020-12-11,8.3760625,346
"E",2020-12-12,8.31641666666667,347
"E",2020-12-13,8.1775625,348
"E",2020-12-14,8.08627083333333,349
"E",2020-12-15,8.20483333333333,350
"E",2020-12-16,8.170375,351
"E",2020-12-17,8.24275,352
"E",2020-12-18,8.34308333333333,353
"E",2020-12-19,8.46710416666667,354
"E",2020-12-20,8.44708333333333,355
"E",2020-12-21,8.5188125,356
"E",2020-12-22,8.514375,357
"E",2020-12-23,8.48245833333333,358
"E",2020-12-24,8.4390625,359
"E",2020-12-25,8.3074375,360
"E",2020-12-26,8.10645833333333,361
"E",2020-12-27,7.93585416666667,362
"E",2020-12-28,7.87389583333333,363
"E",2020-12-29,7.83985416666667,364
"E",2020-12-30,7.7764375,365
"E",2020-12-31,7.80014583333333,366
"E",2021-01-01,7.76389583333333,1
"E",2021-01-02,7.68835416666667,2
"E",2021-01-03,7.63710416666667,3
"E",2021-01-04,7.58158333333333,4
"E",2021-01-05,7.54327083333333,5
"E",2021-01-06,7.50020833333333,6
"E",2021-01-07,7.428375,7
"E",2021-01-08,7.2876875,8
"E",2021-01-09,7.13777083333333,9
"E",2021-01-10,7.16016666666667,10
"E",2021-01-11,7.115,11
"E",2021-01-12,7.067375,12
"E",2021-01-13,6.95710416666667,13
"E",2021-01-14,6.61572916666667,14
"E",2021-01-15,6.52133333333333,15
"E",2021-01-16,6.40966666666667,16
"E",2021-01-17,6.43045833333333,17
"E",2021-01-18,6.451125,18
"E",2021-01-19,6.35108333333333,19
"E",2021-01-20,6.25327083333333,20
"E",2021-01-21,6.217875,21
"E",2021-01-22,6.25316666666667,22
"E",2021-01-23,6.1011875,23
"E",2021-01-24,6.05383333333333,24
"E",2021-01-25,6.0445,25
"E",2021-01-26,5.91116666666667,26
"E",2021-01-27,5.87752083333333,27
"E",2021-01-28,5.77014583333333,28
"E",2021-01-29,5.77152083333333,29
"E",2021-01-30,5.8773125,30
"E",2021-01-31,5.87391666666667,31
"E",2021-02-01,5.382,32
"E",2021-02-02,5.50729166666667,33
"E",2021-02-03,5.42052083333333,34
"E",2021-02-04,5.26589583333333,35
"E",2021-02-05,5.0775625,36
"E",2021-02-06,4.9106875,37
"E",2021-02-07,5.07341666666667,38
"E",2021-02-08,5.1668125,39
"E",2021-02-09,4.5245,40
"E",2021-02-10,4.6319375,41
"E",2021-02-11,4.43145833333333,42
"E",2021-02-12,3.95208333333333,43
"E",2021-02-13,3.82410416666667,44
"E",2021-02-14,3.58547916666667,45
"E",2021-02-15,3.44360416666667,46
"E",2021-02-16,4.09754166666667,47
"E",2021-02-17,4.11483333333333,48
"E",2021-02-18,3.87295833333333,49
"E",2021-02-19,3.7346875,50
"E",2021-02-20,3.573125,51
"E",2021-02-21,2.9283125,52
"E",2021-02-22,3.12033333333333,53
"E",2021-02-23,3.54927083333333,54
"E",2021-02-24,3.73466666666667,55
"E",2021-02-25,3.88091666666667,56
"E",2021-02-26,4.22329166666667,57
"E",2021-02-27,4.8070625,58
"E",2021-02-28,5.05475,59
"E",2021-03-01,4.79802083333333,60
"E",2021-03-02,4.83047916666667,61
"E",2021-03-03,5.21308333333333,62
"E",2021-03-04,5.54670833333333,63
"E",2021-03-05,5.68347916666667,64
"E",2021-03-06,5.72166666666667,65
"E",2021-03-07,5.7275,66
"E",2021-03-08,5.62141666666667,67
"E",2021-03-09,5.38846428571429,68
"E",2021-07-14,15.8715,195
"E",2021-07-15,15.6546041666667,196
"E",2021-07-16,15.7467291666667,197
"E",2021-07-17,15.8413541666667,198
"E",2021-07-18,15.8969375,199
"E",2021-07-19,15.9001666666667,200
"E",2021-07-20,15.8601875,201
"E",2021-07-21,15.8041458333333,202
"E",2021-07-22,15.7502916666667,203
"E",2021-07-23,15.7221458333333,204
"E",2021-07-24,15.6870625,205
"E",2021-07-25,15.6557916666667,206
"E",2021-07-26,15.6608125,207
"E",2021-07-27,15.7233541666667,208
"E",2021-07-28,15.9401458333333,209
"E",2021-07-29,15.9875,210
"E",2021-07-30,15.9737291666667,211
"E",2021-07-31,15.9435625,212
"E",2021-08-01,15.825125,213
"E",2021-08-02,15.824,214
"E",2021-08-03,15.7920833333333,215
"E",2021-08-04,15.7154583333333,216
"E",2021-08-05,15.637,217
"E",2021-08-06,15.6617291666667,218
"E",2021-08-07,15.9106875,219
"E",2021-08-08,16.2530833333333,220
"E",2021-08-09,16.2534166666667,221
"E",2021-08-10,16.0860833333333,222
"E",2021-08-11,16.0293333333333,223
"E",2021-08-12,16.0396875,224
"E",2021-08-13,16.4049375,225
"E",2021-08-14,16.297125,226
"E",2021-08-15,15.9698125,227
"E",2021-08-16,15.9306875,228
"E",2021-08-17,15.6712708333333,229
"E",2021-08-18,15.5325208333333,230
"E",2021-08-19,15.3061875,231
"E",2021-08-20,15.1422291666667,232
"E",2021-08-21,14.87875,233
"E",2021-08-22,14.8406458333333,234
"E",2021-08-23,14.6497083333333,235
"E",2021-08-24,14.627375,236
"E",2021-08-25,14.762625,237
"E",2021-08-26,14.6155,238
"E",2021-08-27,14.137,239
"E",2021-08-28,14.1565,240
"E",2021-08-29,14.3287083333333,241
"E",2021-08-30,14.4823333333333,242
"E",2021-08-31,14.2908125,243
"E",2021-09-01,14.2153333333333,244
"E",2021-09-02,14.4030833333333,245
"E",2021-09-03,14.3528958333333,246
"E",2021-09-04,13.9846875,247
"E",2021-09-05,13.4494791666667,248
"E",2021-09-06,13.0759583333333,249
"E",2021-09-07,13.3479375,250
"E",2021-09-08,14.0174166666667,251
"E",2021-09-09,14.485,252
"E",2021-09-10,14.5578541666667,253
"E",2021-09-11,15.0375833333333,254
"E",2021-09-12,15.5451666666667,255
"E",2021-09-13,15.5935,256
"E",2021-09-14,15.4631666666667,257
"E",2021-09-15,15.1601875,258
"E",2021-09-16,14.7904375,259
"E",2021-09-17,14.5589791666667,260
"E",2021-09-18,14.1240833333333,261
"E",2021-09-19,13.9236458333333,262
"E",2021-09-20,13.4604166666667,263
"E",2021-09-21,13.0786041666667,264
"E",2021-09-22,12.925375,265
"E",2021-09-23,13.083125,266
"E",2021-09-24,13.156625,267
"E",2021-09-25,13.1393958333333,268
"E",2021-09-26,12.9335208333333,269
"E",2021-09-27,12.9471666666667,270
"E",2021-09-28,13.2100416666667,271
"E",2021-09-29,13.153625,272
"E",2021-09-30,13.0344583333333,273
"E",2021-10-01,12.8990208333333,274
"E",2021-10-02,12.8588333333333,275
"E",2021-10-03,12.9037708333333,276
"E",2021-10-04,12.9770833333333,277
"E",2021-10-05,12.899625,278
"E",2021-10-06,12.7264583333333,279
"E",2021-10-07,12.6076875,280
"E",2021-10-08,12.2986666666667,281
"E",2021-10-09,12.1259375,282
"E",2021-10-10,11.989875,283
"E",2021-10-11,11.7941666666667,284
"E",2021-10-12,11.5325625,285
"E",2021-10-13,11.1447916666667,286
"E",2021-10-14,11.0241041666667,287
"E",2021-10-15,11.4083125,288
"E",2021-10-16,11.3375833333333,289
"E",2021-10-17,11.2275416666667,290
"E",2021-10-18,11.1383333333333,291
"E",2021-10-19,11.2905416666667,292
"E",2021-10-20,11.6584791666667,293
"E",2021-10-21,11.7544583333333,294
"E",2021-10-22,11.5961875,295
"E",2021-10-23,11.4205416666667,296
"E",2021-10-24,11.2832916666667,297
"E",2021-10-25,11.2998541666667,298
"E",2021-10-26,11.4283958333333,299
"E",2021-10-27,11.4460833333333,300
"E",2021-10-28,11.508375,301
"E",2021-10-29,11.5355416666667,302
"E",2021-10-30,11.5015208333333,303
"E",2021-10-31,11.494625,304
"E",2021-11-01,11.5277708333333,305
"E",2021-11-02,11.554625,306
"E",2021-11-03,11.466,307
"E",2021-11-04,11.39325,308
"E",2021-11-05,11.3333333333333,309
"E",2021-11-06,11.3786458333333,310
"E",2021-11-07,11.4405833333333,311
"E",2021-11-08,11.4048958333333,312
"E",2021-11-09,11.369625,313
"E",2021-11-10,11.3845,314
"E",2021-11-11,11.409375,315
"E",2021-11-12,12.3323928571429,316
"F",2015-08-08,21.739,220
"F",2015-08-09,21.705,221
"F",2015-08-10,21.703,222
"F",2015-08-11,21.762,223
"F",2015-08-12,21.661,224
"F",2015-08-13,21.402,225
"F",2015-08-14,21.401,226
"F",2015-08-15,21.374,227
"F",2015-08-16,22.258,228
"F",2015-08-17,22.437,229
"F",2015-08-18,22.586,230
"F",2015-08-19,22.919,231
"F",2015-08-20,22.932,232
"F",2015-08-21,22.857,233
"F",2015-08-22,22.469,234
"F",2015-08-23,22.569,235
"F",2015-08-24,22.363,236
"F",2015-08-25,22.102,237
"F",2015-08-26,21.806,238
"F",2015-08-27,21.73,239
"F",2015-08-28,21.386,240
"F",2015-08-29,21.32,241
"F",2015-08-30,21.401,242
"F",2015-08-31,21.485,243
"F",2015-09-01,21.109,244
"F",2015-09-02,21.584,245
"F",2015-09-03,21.704,246
"F",2015-09-04,21.766,247
"F",2015-09-05,21.345,248
"F",2015-09-06,21.586,249
"F",2015-09-07,22.06,250
"F",2015-09-08,22.372,251
"F",2015-09-09,22.414,252
"F",2015-09-10,21.958,253
"F",2015-09-11,21.898,254
"F",2015-09-12,22.206,255
"F",2015-09-14,20.719,257
"F",2015-09-15,20.75,258
"F",2015-09-16,21.751,259
"F",2015-09-17,23.201,260
"F",2015-09-18,22.828,261
"F",2015-09-19,22.353,262
"F",2015-09-20,20.885,263
"F",2015-09-21,18.894,264
"F",2015-09-22,18.832,265
"F",2015-09-23,18.859,266
"F",2015-09-24,19.308,267
"F",2015-09-25,18.924,268
"F",2015-09-26,17.995,269
"F",2015-09-27,17.682,270
"F",2015-09-28,18.062,271
"F",2015-09-29,18.661,272
"F",2015-09-30,19.109,273
"F",2015-10-01,15.734,274
"F",2015-10-02,15.637,275
"F",2015-10-03,14.813,276
"F",2015-10-04,14.474,277
"F",2015-10-05,14.746,278
"F",2015-10-06,15.264,279
"F",2015-10-07,15.334,280
"F",2015-10-08,15.139,281
"F",2015-10-09,14.212,282
"F",2015-10-10,13.669,283
"F",2015-10-11,13.708,284
"F",2015-10-12,14.431,285
"F",2015-10-13,15.074,286
"F",2015-10-14,14.671,287
"F",2015-10-15,13.519,288
"F",2015-10-16,13.377,289
"F",2015-10-17,12.907,290
"F",2015-10-18,11.742,291
"F",2015-10-19,10.679,292
"F",2015-10-20,10.654,293
"F",2015-10-21,12.217,294
"F",2015-10-22,11.484,295
"F",2015-10-23,11.655,296
"F",2015-10-24,10.524,297
"F",2015-10-25,10.474,298
"F",2015-10-26,10.925,299
"F",2015-10-27,9.8957,300
"F",2015-10-28,9.7983,301
"F",2015-10-29,9.499,302
"F",2015-10-30,10.147,303
"F",2015-10-31,9.4396,304
"F",2015-11-01,9.3547,305
"F",2015-11-02,9.8737,306
"F",2015-11-03,10.174,307
"F",2015-11-04,10.274,308
"F",2015-11-05,10.08,309
"F",2015-11-06,10.809,310
"F",2015-11-07,11.384,311
"F",2015-11-08,10.253,312
"F",2015-11-09,9.4775,313
"F",2015-11-10,9.4961,314
"F",2015-11-11,9.4111,315
"F",2015-11-12,9.971,316
"F",2015-11-13,10.176,317
"F",2015-11-14,9.6271,318
"F",2015-11-15,8.7544,319
"F",2015-11-16,8.9077,320
"F",2015-11-17,8.9047,321
"F",2015-11-18,8.0853,322
"F",2015-11-19,8.2981,323
"F",2015-11-20,9.6408,324
"F",2015-11-21,9.4138,325
"F",2015-11-22,8.8643,326
"F",2015-11-23,8.7497,327
"F",2015-11-24,7.8789,328
"F",2015-11-25,7.5533,329
"F",2015-11-26,7.579,330
"F",2015-11-27,8.1254,331
"F",2015-11-28,6.7241,332
"F",2015-11-29,2.5162,333
"F",2015-11-30,3.3724,334
"F",2015-12-01,6.1683,335
"F",2015-12-02,7.378,336
"F",2015-12-03,7.5731,337
"F",2015-12-04,7.8834,338
"F",2015-12-05,8.2756,339
"F",2015-12-06,8.3453,340
"F",2015-12-07,7.6349,341
"F",2015-12-08,7.2404,342
"F",2015-12-09,7.7235,343
"F",2015-12-10,8.5705,344
"F",2015-12-11,9.0778,345
"F",2015-12-12,8.3373,346
"F",2015-12-13,7.4963,347
"F",2015-12-14,7.2169,348
"F",2015-12-15,7.5927,349
"F",2015-12-16,6.6302,350
"F",2015-12-17,7.2868,351
"F",2015-12-18,6.9328,352
"F",2015-12-19,6.0309,353
"F",2015-12-20,5.0076,354
"F",2015-12-21,5.9079,355
"F",2015-12-22,6.4282,356
"F",2015-12-23,6.839,357
"F",2015-12-24,8.8947,358
"F",2015-12-25,7.3728,359
"F",2015-12-26,6.2141,360
"F",2015-12-27,5.6491,361
"F",2015-12-28,4.0797,362
"F",2015-12-29,3.6945,363
"F",2015-12-30,4.1053,364
"F",2015-12-31,4.9218,365
"F",2016-01-01,4.977349,1
"F",2016-01-02,4.475458,2
"F",2016-01-03,4.214169,3
"F",2016-01-04,1.771043,4
"F",2016-01-05,1.634105,5
"F",2016-01-06,2.674856,6
"F",2016-01-07,2.911922,7
"F",2016-01-08,3.353469,8
"F",2016-01-09,4.972101,9
"F",2016-01-10,6.27457,10
"F",2016-01-11,3.96055,11
"F",2016-01-12,3.11234,12
"F",2016-01-13,2.37869,13
"F",2016-01-14,2.97525,14
"F",2016-01-15,2.64567,15
"F",2016-01-16,3.51518,16
"F",2016-01-17,2.51454,17
"F",2016-01-18,1.93772,18
"F",2016-01-19,1.23327,19
"F",2016-01-20,1.74286,20
"F",2016-01-21,1.37236,21
"F",2016-01-22,2.3501,22
"F",2016-01-23,1.80443,23
"F",2016-01-24,1.57516,24
"F",2016-01-25,2.88872,25
"F",2016-01-26,3.7171,26
"F",2016-01-28,2.68236,28
"F",2016-01-29,2.1717,29
"F",2016-01-30,1.40506,30
"F",2016-01-31,3.3958,31
"F",2016-02-01,3.73833,32
"F",2016-02-02,2.27696,33
"F",2016-02-03,2.90332,34
"F",2016-02-04,3.21341,35
"F",2016-02-05,1.75224,36
"F",2016-02-06,2.68203,37
"F",2016-02-07,2.09222,38
"F",2016-02-08,1.27862,39
"F",2016-02-09,1.3714,40
"F",2016-02-10,1.58505,41
"F",2016-02-11,-0.1745,42
"F",2016-02-12,0.26637,43
"F",2016-02-13,-1.4247,44
"F",2016-02-14,-1.3818,45
"F",2016-02-15,-0.6864,46
"F",2016-02-16,1.122,47
"F",2016-02-17,2.39318,48
"F",2016-02-18,1.62059,49
"F",2016-02-19,1.65567,50
"F",2016-02-20,4.02174,51
"F",2016-02-21,3.12341,52
"F",2016-02-22,1.30993,53
"F",2016-02-23,0.95819,54
"F",2016-02-24,2.27911,55
"F",2016-02-25,2.67368,56
"F",2016-02-26,0.9277,57
"F",2016-02-27,1.89364,58
"F",2016-02-28,1.87136,59
"F",2016-02-29,2.05518,60
"F",2016-03-01,1.04392,61
"F",2016-03-02,1.37724,62
"F",2016-03-03,2.47168,63
"F",2016-03-04,2.77312,64
"F",2016-03-05,3.24551,65
"F",2016-03-06,3.62242,66
"F",2016-03-07,4.08909,67
"F",2016-03-08,4.33529,68
"F",2016-03-09,4.69996,69
"F",2016-03-10,4.41983,70
"F",2016-03-11,3.69869,71
"F",2016-03-12,3.69771,72
"F",2016-03-13,3.96622,73
"F",2016-03-14,3.31027,74
"F",2016-03-15,3.8348,75
"F",2016-03-16,4.05625,76
"F",2016-03-17,4.43616,77
"F",2016-03-18,4.33775,78
"F",2016-03-19,3.9839,79
"F",2016-03-20,4.18195,80
"F",2016-03-21,4.5868,81
"F",2016-03-22,4.87823,82
"F",2016-03-23,4.90318,83
"F",2016-03-24,4.28513,84
"F",2016-03-25,4.69207,85
"F",2016-03-26,4.84925,86
"F",2016-03-27,5.47936,87
"F",2016-03-28,5.69641,88
"F",2016-03-29,5.29296,89
"F",2016-03-30,5.77318,90
"F",2016-03-31,6.09236,91
"F",2016-04-01,5.89541,92
"F",2016-04-02,5.02083,93
"F",2016-04-03,4.11809,94
"F",2016-05-12,14.053,133
"F",2016-05-13,14.658,134
"F",2016-05-14,13.114,135
"F",2016-05-15,11.424,136
"F",2016-05-16,11.021,137
"F",2016-05-17,11.899,138
"F",2016-05-18,13.065,139
"F",2016-05-19,13.59,140
"F",2016-05-20,14.461,141
"F",2016-05-21,14.659,142
"F",2016-05-22,15.711,143
"F",2016-05-23,16.15,144
"F",2016-05-24,16.546,145
"F",2016-05-25,16.709,146
"F",2016-05-26,17.048,147
"F",2016-05-27,17.59,148
"F",2016-05-28,18.539,149
"F",2016-05-29,19.192,150
"F",2016-05-30,18.574,151
"F",2016-05-31,17.955,152
"F",2016-06-01,18.121,153
"F",2016-06-02,17.969,154
"F",2016-06-03,18.449,155
"F",2016-06-04,18.691,156
"F",2016-06-05,17.721,157
"F",2016-06-06,17.922,158
"F",2016-06-07,17.751,159
"F",2016-06-08,16.665,160
"F",2016-06-09,16.504,161
"F",2016-06-10,16.527,162
"F",2016-06-11,16.094,163
"F",2016-06-12,15.706,164
"F",2016-06-13,15.834,165
"F",2016-06-14,16.287,166
"F",2016-06-15,17.398,167
"F",2016-06-16,17.784,168
"F",2016-06-17,17.636,169
"F",2016-06-18,17.723,170
"F",2016-06-19,17.685,171
"F",2016-06-20,18.104,172
"F",2016-06-21,17.671,173
"F",2016-06-22,16.896,174
"F",2016-06-23,18.017,175
"F",2016-06-24,18.735,176
"F",2016-06-25,18.879,177
"F",2016-06-26,19.138,178
"F",2016-06-27,19.302,179
"F",2016-06-28,18.15,180
"F",2016-06-29,18.8,181
"F",2016-06-30,18.363,182
"F",2016-07-01,17.67,183
"F",2016-07-02,17.192,184
"F",2016-07-03,17.729,185
"F",2016-07-04,18.086,186
"F",2016-07-05,18.462,187
"F",2016-07-06,18.766,188
"F",2016-07-07,19.189,189
"F",2016-07-08,19.15,190
"F",2016-07-15,21.381,197
"F",2016-07-16,21.598,198
"F",2016-07-17,21.65,199
"F",2016-07-18,21.887,200
"F",2016-07-19,21.94,201
"F",2016-07-20,22,202
"F",2016-07-21,22.253,203
"F",2016-07-22,22.449,204
"F",2016-07-23,22.546,205
"F",2016-07-24,22.617,206
"F",2016-07-25,22.663,207
"F",2016-07-30,24.104,212
"F",2016-07-31,24.019,213
"F",2016-08-01,23.9,214
"F",2016-08-02,23.888,215
"F",2016-08-03,23.861,216
"F",2016-08-04,24.079,217
"F",2016-08-05,24.276,218
"F",2016-08-06,24.269,219
"F",2016-08-07,24.102,220
"F",2016-08-08,23.971,221
"F",2016-08-09,23.97,222
"F",2016-08-10,24.08,223
"F",2016-08-11,24.276,224
"F",2016-08-12,24.241,225
"F",2016-08-13,23.691,226
"F",2016-08-14,23.661,227
"F",2016-08-15,23.726,228
"F",2016-08-16,23.773,229
"F",2016-08-17,23.932,230
"F",2016-08-18,24.113,231
"F",2016-08-19,24.145,232
"F",2016-08-20,24.239,233
"F",2016-08-21,23.998,234
"F",2016-08-22,23.237,235
"F",2016-08-23,23.366,236
"F",2016-08-24,23.569,237
"F",2016-08-25,23.615,238
"F",2016-08-26,23.633,239
"F",2016-08-27,23.735,240
"F",2016-08-28,23.797,241
"F",2016-08-29,23.748,242
"F",2016-08-30,23.696,243
"F",2016-08-31,23.636,244
"F",2016-09-01,23.463,245
"F",2016-09-02,20.844,246
"F",2016-09-03,23.144,247
"F",2016-09-04,23.146,248
"F",2016-09-05,23.165,249
"F",2016-09-06,23.225,250
"F",2016-09-07,23.151,251
"F",2016-09-08,23.05,252
"F",2016-09-09,22.992,253
"F",2016-09-10,22.971,254
"F",2016-09-11,22.78,255
"F",2016-09-12,22.525,256
"F",2016-09-13,22.404,257
"F",2016-09-14,22.086,258
"F",2016-09-15,21.827,259
"F",2016-09-16,21.688,260
"F",2016-09-17,21.333,261
"F",2016-09-18,21.301,262
"F",2016-09-19,21.388,263
"F",2016-09-20,21.394,264
"F",2016-09-21,21.268,265
"F",2016-09-22,21.178,266
"F",2016-09-23,20.919,267
"F",2016-09-24,20.597,268
"F",2016-09-25,20.342,269
"F",2016-09-26,20.011,270
"F",2016-09-27,19.694,271
"F",2016-09-28,19.299,272
"F",2016-09-29,19.032,273
"F",2016-09-30,18.714,274
"F",2016-10-01,18.498,275
"F",2016-10-02,18.325,276
"F",2016-10-03,18.206,277
