VSTATION;DATUM;DAGNR;mean temp;LTEMP;HTEMP;XGR;LGR;HGR;XHUM;LHUM;HHUM;NED;NEDA;XVH;XVR;Solar rad.;GRD0;GRD3;GRD5;GRD7;GRD8;GRD10;BLFUKT;MT05;MT10;MT20;MT50;OBST;OBSR;OBSS;SNOW
Fransåker (Lantmet);20200501;122;6.6;3.8;8.0;;;;89.2;74.0;97.0;5.7;97.6;4.0;119;10.9;488;224;108;46;31;14;;;;;;;;;
Fransåker (Lantmet);20200502;123;9.1;6.8;13.1;;;;79.6;59.0;96.0;0.0;97.6;2.1;215;12.3;497;230;112;48;32;14;;;;;;;;;
Fransåker (Lantmet);20200503;124;9.2;4.3;15.0;;;;79.0;54.0;99.0;1.1;98.7;1.5;217;16.3;506;236;116;51;34;15;;;;;;;;;
Fransåker (Lantmet);20200504;125;5.4;1.0;10.6;;;;88.5;71.0;100.0;3.5;102.2;1.8;30;13.7;511;239;117;51;34;15;;;;;;;;;
Fransåker (Lantmet);20200505;126;8.1;3.0;13.9;;;;62.5;40.0;85.0;0.0;102.2;2.5;39;15.0;519;244;121;54;36;16;;;;;;;;;
Fransåker (Lantmet);20200506;127;8.8;2.1;14.7;;;;63.4;40.0;92.0;0.1;102.3;2.0;269;18.1;528;250;125;57;38;17;;;;;;;;;
Fransåker (Lantmet);20200507;128;8.0;2.1;13.2;;;;54.7;35.0;77.0;0.0;102.3;2.7;302;24.3;536;255;129;59;40;18;;;;;;;;;
Fransåker (Lantmet);20200508;129;10.0;2.2;15.4;;;;60.2;44.0;82.0;0.0;102.3;2.8;223;18.8;546;262;134;62;43;20;;;;;;;;;
Fransåker (Lantmet);20200509;130;8.8;3.2;14.3;;;;54.3;38.0;80.0;0.0;102.3;2.8;99;26.6;555;268;138;65;45;21;;;;;;;;;
Fransåker (Lantmet);20200510;131;8.7;4.1;15.3;;;;79.4;53.0;96.0;11.1;113.4;3.6;189;13.8;564;273;142;68;47;22;;;;;;;;;
Fransåker (Lantmet);20200511;132;4.1;1.1;8.8;;;;67.6;37.0;97.0;0.7;114.1;3.7;321;20.6;568;275;142;68;47;22;;;;;;;;;
Fransåker (Lantmet);20200512;133;4.4;-1.8;10.6;;;;71.8;41.0;95.0;1.3;115.4;1.9;222;22.0;572;277;144;68;47;22;;;;;;;;;
Fransåker (Lantmet);20200513;134;3.7;0.5;9.1;;;;81.7;43.0;98.0;3.4;118.8;3.5;309;14.9;576;279;144;68;47;22;;;;;;;;;
Fransåker (Lantmet);20200514;135;4.8;-1.7;9.5;;;;69.4;37.0;97.0;0.4;119.2;1.5;241;17.2;581;281;146;69;47;22;;;;;;;;;
Fransåker (Lantmet);20200515;136;7.6;0.3;12.5;;;;62.5;40.0;92.0;0.0;119.2;2.1;250;20.8;589;286;149;71;49;23;;;;;;;;;
Fransåker (Lantmet);20200516;137;6.9;2.8;11.0;;;;63.0;40.0;90.0;1.7;120.9;3.0;262;14.9;596;290;151;71;49;23;;;;;;;;;
Fransåker (Lantmet);20200517;138;6.7;4.4;11.4;;;;70.0;46.0;99.0;1.2;122.1;2.4;269;17.9;602;294;153;72;50;23;;;;;;;;;
Fransåker (Lantmet);20200518;139;6.7;-0.8;12.9;;;;76.3;53.0;99.0;0.6;122.7;1.4;305;23.3;609;298;156;74;51;23;;;;;;;;;
Fransåker (Lantmet);20200519;140;7.2;1.0;13.9;;;;75.5;40.0;100.0;0.2;122.9;1.5;346;13.6;616;302;159;76;52;23;;;;;;;;;
Fransåker (Lantmet);20200520;141;7.8;-0.2;13.2;;;;62.3;33.0;98.0;0.0;122.9;2.1;354;25.3;624;308;162;78;54;24;;;;;;;;;
Fransåker (Lantmet);20200521;142;10.2;0.4;16.9;;;;56.7;30.0;99.0;0.0;122.9;1.8;34;32.4;634;315;168;82;57;27;;;;;;;;;
Fransåker (Lantmet);20200522;143;11.5;4.2;17.4;;;;46.5;29.0;79.0;0.0;122.9;2.3;118;37.0;646;324;175;87;62;29;;;;;;;;;
Fransåker (Lantmet);20200523;144;9.1;6.7;14.2;;;;69.8;44.0;94.0;2.5;125.4;3.7;155;13.8;655;330;179;89;63;30;;;;;;;;;
Fransåker (Lantmet);20200524;145;11.9;6.9;16.9;;;;72.2;45.0;97.0;0.0;125.4;2.1;174;20.2;667;339;186;94;67;32;;;;;;;;;
Fransåker (Lantmet);20200525;146;11.8;4.2;17.9;;;;71.7;46.0;99.0;0.0;125.4;1.6;27;23.6;678;347;192;99;71;35;;;;;;;;;
Fransåker (Lantmet);20200526;147;14.7;3.7;22.0;;;;60.7;34.0;96.0;0.0;125.4;1.3;203;33.0;693;359;202;107;78;41;;;;;;;;;
Fransåker (Lantmet);20200527;148;12.7;9.9;19.2;;;;74.9;54.0;98.0;2.8;128.2;2.3;283;16.3;705;368;210;113;83;44;;;;;;;;;
Fransåker (Lantmet);20200528;149;11.2;4.0;16.1;;;;65.0;43.0;99.0;0.0;128.2;2.3;335;21.4;717;377;216;117;87;47;;;;;;;;;
Fransåker (Lantmet);20200529;150;11.7;3.3;18.0;;;;64.5;43.0;100.0;0.0;128.2;1.9;358;19.7;728;385;223;123;91;50;;;;;;;;;
Fransåker (Lantmet);20200530;151;12.7;5.0;18.6;;;;63.3;46.0;93.0;0.0;128.2;3.5;359;23.9;741;395;230;128;96;53;;;;;;;;;
Fransåker (Lantmet);20200531;152;14.7;7.0;21.0;;;;54.9;34.0;79.0;0.0;128.2;3.3;4;39.4;756;407;240;136;103;58;;;;;;;;;
Fransåker (Lantmet);20200601;153;18.7;6.9;26.5;;;;53.8;37.0;75.0;0.0;128.2;1.9;343;35.3;775;422;254;148;114;67;;;;;;;;;
Fransåker (Lantmet);20200602;154;14.9;11.2;25.5;;;;58.8;40.0;82.0;0.0;128.2;3.1;125;39.4;789;434;264;156;121;72;;;;;;;;;
Fransåker (Lantmet);20200603;155;13.1;4.6;19.2;;;;63.0;40.0;90.0;0.0;128.2;2.4;97;33.6;802;444;272;162;126;76;;;;;;;;;
Fransåker (Lantmet);20200604;156;13.4;4.0;20.2;;;;71.0;48.0;97.0;0.0;128.2;2.4;75;20.4;816;455;280;169;132;81;;;;;;;;;
Fransåker (Lantmet);20200605;157;14.2;8.6;19.6;;;;79.5;58.0;98.0;7.1;135.3;2.6;101;17.4;830;466;289;176;138;85;;;;;;;;;
Fransåker (Lantmet);20200606;158;12.5;11.1;16.3;;;;86.0;61.0;98.0;8.9;144.2;4.0;165;15.1;843;476;297;182;143;88;;;;;;;;;
Fransåker (Lantmet);20200607;159;14.6;9.7;18.6;;;;61.4;48.0;80.0;0.0;144.2;4.2;191;25.4;857;487;307;189;149;92;;;;;;;;;
Fransåker (Lantmet);20200608;160;15.2;8.6;19.9;;;;66.2;47.0;91.0;0.0;144.2;1.2;192;20.0;872;499;317;197;157;97;;;;;;;;;
Fransåker (Lantmet);20200609;161;15.2;6.1;21.2;;;;67.4;49.0;99.0;0.0;144.2;1.4;86;28.8;888;512;327;206;164;103;;;;;;;;;
Fransåker (Lantmet);20200610;162;15.4;7.3;21.5;;;;55.9;36.0;86.0;0.0;144.2;2.7;23;40.5;903;524;337;214;171;109;;;;;;;;;
Fransåker (Lantmet);20200611;163;16.6;9.0;21.8;;;;48.7;30.0;73.0;0.0;144.2;4.3;19;40.3;920;538;349;224;180;115;;;;;;;;;
Fransåker (Lantmet);20200612;164;18.2;9.9;24.0;;;;56.7;34.0;80.0;0.0;144.2;3.1;37;36.3;938;553;362;235;190;124;;;;;;;;;
Fransåker (Lantmet);20200613;165;17.7;9.6;23.0;;;;52.5;34.0;81.0;0.0;144.2;3.0;82;40.9;956;567;375;245;200;131;;;;;;;;;
Fransåker (Lantmet);20200614;166;17.5;8.7;23.6;;;;52.7;30.0;93.0;0.0;144.2;2.2;80;41.0;973;582;387;256;209;139;;;;;;;;;
Fransåker (Lantmet);20200615;167;18.0;6.2;25.1;;;;56.6;32.0;97.0;0.0;144.2;2.0;21;32.0;991;597;401;267;220;148;;;;;;;;;
Fransåker (Lantmet);20200616;168;15.3;12.9;22.4;;;;82.0;52.0;100.0;8.9;153.1;1.6;67;14.4;1006;609;411;276;227;153;;;;;;;;;
Fransåker (Lantmet);20200617;169;14.2;10.6;17.7;;;;94.1;86.0;99.0;6.0;159.1;1.3;358;14.6;1021;621;420;283;233;157;;;;;;;;;
Fransåker (Lantmet);20200618;170;17.9;9.6;24.2;;;;76.8;55.0;98.0;0.0;159.1;0.8;334;34.6;1039;636;433;294;243;165;;;;;;;;;
Fransåker (Lantmet);20200619;171;20.3;11.2;26.2;;;;72.1;48.0;100.0;0.0;159.1;1.9;72;39.9;1059;653;448;307;255;175;;;;;;;;;
Fransåker (Lantmet);20200620;172;20.0;14.1;24.7;;;;70.6;53.0;98.0;0.0;159.1;3.2;63;38.3;1079;670;463;320;268;185;;;;;;;;;
Fransåker (Lantmet);20200621;173;18.7;13.0;23.3;;;;60.9;40.0;87.0;0.0;159.1;2.5;80;41.1;1098;686;477;332;278;194;;;;;;;;;
Fransåker (Lantmet);20200622;174;17.8;10.2;22.6;;;;66.1;46.0;94.0;0.0;159.1;2.2;102;27.3;1115;700;490;343;288;202;;;;;;;;;
Fransåker (Lantmet);20200623;175;19.3;10.0;26.0;;;;69.4;40.0;99.0;0.0;159.1;1.0;243;34.7;1135;717;504;355;299;211;;;;;;;;;
Fransåker (Lantmet);20200624;176;22.5;12.8;29.5;;;;64.8;35.0;98.0;0.0;159.1;1.5;226;40.7;1157;736;522;370;314;224;;;;;;;;;
Fransåker (Lantmet);20200625;177;23.4;14.8;29.7;;;;61.7;41.0;91.0;0.0;159.1;1.5;207;38.5;1181;757;540;387;329;237;;;;;;;;;
Fransåker (Lantmet);20200626;178;22.7;14.2;28.9;;;;61.2;37.0;87.0;0.0;159.1;1.8;178;40.0;1203;776;558;402;344;250;;;;;;;;;
Fransåker (Lantmet);20200627;179;23.0;15.3;28.9;;;;61.8;39.0;94.0;0.0;159.1;1.6;160;35.4;1226;796;576;419;359;263;;;;;;;;;
Fransåker (Lantmet);20200628;180;22.5;15.3;28.8;;;;71.3;48.0;94.0;0.0;159.1;2.3;96;27.3;1249;816;593;434;373;275;;;;;;;;;
Fransåker (Lantmet);20200629;181;19.5;16.7;25.1;;;;75.5;46.0;100.0;2.9;162.0;2.0;246;22.5;1269;832;608;447;385;285;;;;;;;;;
Fransåker (Lantmet);20200630;182;15.9;12.5;21.0;;;;82.0;61.0;94.0;3.6;165.6;2.4;209;14.7;1284;845;619;455;393;291;;;;;;;;;
Fransåker (Lantmet);20200701;183;15.7;13.1;20.0;;;;79.1;59.0;98.0;0.5;166.1;2.3;251;17.9;1300;858;629;464;401;297;;;;;;;;;
Fransåker (Lantmet);20200702;184;15.9;11.7;20.3;;;;75.9;55.0;96.0;5.0;171.1;2.6;202;19.2;1316;871;640;473;409;302;;;;;;;;;
Fransåker (Lantmet);20200703;185;15.5;10.0;20.2;;;;64.2;45.0;84.0;0.0;171.1;2.7;238;30.3;1331;883;651;482;416;308;;;;;;;;;
Fransåker (Lantmet);20200704;186;14.5;10.3;18.5;;;;84.0;73.0;96.0;8.7;179.8;2.0;199;14.2;1346;895;660;489;423;312;;;;;;;;;
Fransåker (Lantmet);20200705;187;15.3;13.0;18.7;;;;90.4;72.0;100.0;20.0;199.8;3.3;150;14.8;1361;907;671;497;430;318;;;;;;;;;
Fransåker (Lantmet);20200706;188;14.9;12.7;19.1;;;;70.6;62.0;91.0;2.6;202.4;5.6;213;18.4;1376;919;681;505;437;323;;;;;;;;;
Fransåker (Lantmet);20200707;189;14.7;11.4;19.7;;;;69.3;46.0;91.0;0.8;203.2;3.3;249;22.1;1391;931;690;513;443;327;;;;;;;;;
Fransåker (Lantmet);20200708;190;11.9;8.6;16.1;;;;76.0;61.0;90.0;2.1;205.3;1.5;223;19.3;1403;940;697;518;447;329;;;;;;;;;
Fransåker (Lantmet);20200709;191;14.6;8.4;19.6;;;;67.7;46.0;91.0;0.3;205.6;1.9;263;32.9;1417;951;707;525;454;334;;;;;;;;;
Fransåker (Lantmet);20200710;192;13.1;8.0;19.6;;;;84.6;61.0;98.0;6.9;212.5;1.3;116;15.3;1430;961;715;532;459;337;;;;;;;;;
Fransåker (Lantmet);20200711;193;14.3;9.9;20.5;;;;81.4;56.0;97.0;0.6;213.1;2.1;280;16.5;1445;973;724;539;465;342;;;;;;;;;
Fransåker (Lantmet);20200712;194;13.8;9.0;19.9;;;;83.0;55.0;99.0;2.0;215.1;1.8;250;23.2;1459;983;733;546;471;345;;;;;;;;;
Fransåker (Lantmet);20200713;195;14.0;7.5;19.7;;;;80.0;51.0;100.0;0.0;215.1;1.7;266;21.3;1473;994;742;553;477;350;;;;;;;;;
Fransåker (Lantmet);20200714;196;16.3;10.7;20.6;;;;78.6;56.0;99.0;0.0;215.1;1.4;248;15.8;1489;1008;753;562;485;356;;;;;;;;;
Fransåker (Lantmet);20200715;197;16.4;13.1;20.8;;;;81.0;58.0;97.0;0.3;215.4;2.1;120;16.9;1505;1021;765;571;494;362;;;;;;;;;
Fransåker (Lantmet);20200716;198;18.5;11.2;25.5;;;;76.1;51.0;99.0;0.0;215.4;0.9;123;31.3;1524;1037;778;583;504;371;;;;;;;;;
Fransåker (Lantmet);20200717;199;19.9;11.5;25.8;;;;66.8;45.0;100.0;0.0;215.4;1.9;199;29.3;1544;1054;793;596;516;381;;;;;;;;;
Fransåker (Lantmet);20200718;200;19.6;13.9;24.9;;;;73.6;58.0;90.0;0.0;215.4;2.0;234;20.7;1563;1070;808;608;528;390;;;;;;;;;
Fransåker (Lantmet);20200719;201;20.9;14.5;25.8;;;;68.6;51.0;98.0;0.3;215.7;2.3;175;25.6;1584;1088;823;622;541;401;;;;;;;;;
Fransåker (Lantmet);20200720;202;19.5;17.1;23.6;;;;79.9;61.0;95.0;1.2;216.9;2.1;179;15.8;1604;1105;838;635;552;411;;;;;;;;;
Fransåker (Lantmet);20200721;203;14.8;12.3;19.9;;;;78.6;58.0;95.0;0.0;216.9;2.4;273;15.0;1618;1116;848;642;559;416;;;;;;;;;
Fransåker (Lantmet);20200722;204;15.1;10.6;19.9;;;;61.8;42.0;94.0;0.2;217.1;3.2;299;31.4;1634;1128;858;651;566;421;;;;;;;;;
Fransåker (Lantmet);20200723;205;14.1;8.9;18.9;;;;58.8;43.0;78.0;0.1;217.2;3.3;285;30.2;1648;1140;867;658;572;425;;;;;;;;;
Fransåker (Lantmet);20200724;206;15.1;9.7;20.6;;;;57.0;42.0;72.0;0.0;217.2;2.7;286;27.3;1663;1152;877;666;579;430;;;;;;;;;
Fransåker (Lantmet);20200725;207;15.6;8.2;22.5;;;;68.3;47.0;97.0;0.0;217.2;2.0;256;28.2;1678;1164;888;674;587;436;;;;;;;;;
Fransåker (Lantmet);20200726;208;17.5;9.3;23.2;;;;72.4;45.0;100.0;0.0;217.2;2.9;140;25.9;1696;1179;900;685;596;443;;;;;;;;;
Fransåker (Lantmet);20200727;209;18.4;15.2;22.7;;;;78.0;57.0;100.0;4.6;221.8;2.2;220;21.2;1714;1194;914;696;607;452;;;;;;;;;
Fransåker (Lantmet);20200728;210;16.5;12.0;20.5;;;;86.7;63.0;100.0;3.7;225.5;3.3;137;13.3;1731;1208;925;706;615;458;;;;;;;;;
Fransåker (Lantmet);20200729;211;15.6;11.8;19.2;;;;81.3;63.0;97.0;1.1;226.6;2.4;213;22.0;1746;1220;936;714;623;464;;;;;;;;;
Fransåker (Lantmet);20200730;212;15.9;13.1;21.2;;;;85.9;62.0;98.0;14.8;241.4;3.2;180;17.8;1762;1233;947;723;631;469;;;;;;;;;
Fransåker (Lantmet);20200731;213;16.7;13.3;20.8;;;;82.6;65.0;98.0;0.2;241.6;3.6;346;18.0;1779;1247;958;733;640;476;;;;;;;;;
Fransåker (Lantmet);20200801;214;18.7;9.9;25.8;;;;71.3;44.0;97.0;0.0;241.6;1.2;261;32.7;1798;1263;972;745;650;485;;;;;;;;;
Fransåker (Lantmet);20200802;215;18.9;14.2;24.2;;;;76.3;51.0;95.0;0.0;241.6;2.6;186;13.6;1817;1279;986;757;661;494;;;;;;;;;
Fransåker (Lantmet);20200803;216;17.0;13.4;21.0;;;;70.2;54.0;91.0;0.0;241.6;3.0;238;21.4;1834;1293;998;767;670;501;;;;;;;;;
Fransåker (Lantmet);20200804;217;16.0;9.8;21.7;;;;71.5;47.0;93.0;0.0;241.6;1.3;273;25.3;1850;1305;1009;776;678;507;;;;;;;;;
Fransåker (Lantmet);20200805;218;15.9;10.0;20.1;;;;68.0;48.0;88.0;0.0;241.6;2.6;227;17.9;1865;1318;1020;785;686;513;;;;;;;;;
Fransåker (Lantmet);20200806;219;18.7;15.1;23.0;;;;83.0;71.0;100.0;0.2;241.8;2.2;233;13.6;1884;1334;1033;796;697;521;;;;;;;;;
Fransåker (Lantmet);20200807;220;21.4;12.5;29.1;;;;69.1;43.0;100.0;0.0;241.8;1.9;161;26.5;1906;1352;1050;811;710;533;;;;;;;;;
Fransåker (Lantmet);20200808;221;22.3;16.3;28.4;;;;61.9;41.0;82.0;0.0;241.8;2.2;178;29.9;1928;1372;1067;826;724;545;;;;;;;;;
Fransåker (Lantmet);20200809;222;18.5;13.4;24.9;;;;74.9;59.0;97.0;0.0;241.8;2.2;9;29.1;1946;1387;1081;837;735;553;;;;;;;;;
Fransåker (Lantmet);20200810;223;16.5;9.1;22.9;;;;67.7;44.0;90.0;0.0;241.8;2.0;19;32.2;1963;1401;1092;847;743;560;;;;;;;;;
Fransåker (Lantmet);20200811;224;15.7;6.3;22.4;;;;72.3;48.0;96.0;0.0;241.8;1.9;23;29.1;1978;1413;1103;855;751;566;;;;;;;;;
Fransåker (Lantmet);20200812;225;18.3;8.7;25.9;;;;69.3;48.0;98.0;0.0;241.8;1.7;212;22.7;1997;1429;1116;867;761;575;;;;;;;;;
Fransåker (Lantmet);20200813;226;18.7;12.0;24.5;;;;76.8;57.0;96.0;0.0;241.8;1.4;42;23.1;2015;1444;1130;878;772;583;;;;;;;;;
Fransåker (Lantmet);20200814;227;20.7;15.1;27.5;;;;75.9;46.0;98.0;0.9;242.7;2.0;197;23.6;2036;1462;1146;892;785;594;;;;;;;;;
Fransåker (Lantmet);20200815;228;21.9;14.0;28.4;;;;67.1;38.0;98.0;0.0;242.7;1.6;232;29.6;2058;1481;1162;907;799;606;;;;;;;;;
Fransåker (Lantmet);20200816;229;21.0;14.5;27.6;;;;69.2;50.0;93.0;0.0;242.7;1.5;178;29.0;2079;1499;1178;921;812;617;;;;;;;;;
Fransåker (Lantmet);20200817;230;20.0;12.3;27.3;;;;78.0;50.0;98.0;1.4;244.1;1.7;99;22.5;2099;1516;1194;934;824;627;;;;;;;;;
Fransåker (Lantmet);20200818;231;21.1;14.9;27.6;;;;72.2;40.0;100.0;0.0;244.1;1.9;172;20.4;2120;1534;1210;948;837;638;;;;;;;;;
Fransåker (Lantmet);20200819;232;20.5;13.5;27.0;;;;73.9;47.0;100.0;0.0;244.1;2.4;159;25.3;2141;1552;1225;962;849;649;;;;;;;;;
Fransåker (Lantmet);20200820;233;19.4;13.9;25.4;;;;72.9;44.0;98.0;0.0;244.1;1.5;154;14.8;2160;1568;1240;974;861;658;;;;;;;;;
Fransåker (Lantmet);20200821;234;20.2;13.5;25.5;;;;77.1;49.0;100.0;0.9;245.0;2.8;141;16.4;2180;1585;1255;987;873;668;;;;;;;;;
Fransåker (Lantmet);20200822;235;20.4;17.9;25.1;;;;80.2;52.0;98.0;2.3;247.3;2.7;190;13.4;2201;1603;1270;1001;885;679;;;;;;;;;
Fransåker (Lantmet);20200823;236;17.6;14.6;22.5;;;;72.9;52.0;86.0;0.3;247.6;3.9;218;14.8;2218;1617;1283;1011;895;686;;;;;;;;;
Fransåker (Lantmet);20200824;237;16.2;13.8;20.4;;;;73.5;56.0;91.0;0.4;248.0;2.0;255;12.6;2235;1630;1294;1021;903;692;;;;;;;;;
Fransåker (Lantmet);20200825;238;14.3;8.4;19.6;;;;64.8;44.0;90.0;0.2;248.2;2.0;247;21.1;2249;1642;1303;1028;909;697;;;;;;;;;
Fransåker (Lantmet);20200826;239;13.9;5.4;20.3;;;;67.4;39.0;100.0;0.0;248.2;0.8;58;13.8;2263;1653;1312;1035;916;701;;;;;;;;;
Fransåker (Lantmet);20200827;240;13.4;6.5;19.1;;;;71.6;47.0;96.0;0.4;248.6;1.9;348;19.7;2276;1663;1320;1041;921;705;;;;;;;;;
Fransåker (Lantmet);20200828;241;13.1;6.4;19.0;;;;77.2;51.0;96.0;0.3;248.9;1.3;358;14.3;2289;1673;1329;1047;926;709;;;;;;;;;
Fransåker (Lantmet);20200829;242;12.6;8.0;16.1;;;;93.6;82.0;100.0;12.7;261.6;2.2;63;10.1;2302;1683;1336;1053;931;712;;;;;;;;;
Fransåker (Lantmet);20200830;243;13.8;10.7;18.6;;;;89.3;69.0;100.0;3.5;265.1;1.9;329;12.9;2316;1693;1345;1060;937;715;;;;;;;;;
Fransåker (Lantmet);20200831;244;11.0;7.4;14.4;;;;87.0;72.0;99.0;9.8;274.9;3.7;329;13.8;2327;1701;1351;1064;940;717;;;;;;;;;
Fransåker (Lantmet);20200901;245;13.9;9.8;19.7;;;;77.4;52.0;97.0;0.4;275.3;2.5;16;21.0;2340;1712;1360;1071;945;721;;;;;;;;;
Fransåker (Lantmet);20200902;246;12.7;5.0;18.2;;;;83.3;59.0;98.0;0.2;275.5;2.3;38;9.9;2353;1722;1367;1076;951;724;;;;;;;;;
Fransåker (Lantmet);20200903;247;16.1;13.2;20.2;;;;92.5;75.0;100.0;0.8;276.3;2.0;86;9.1;2369;1735;1379;1086;959;730;;;;;;;;;
Fransåker (Lantmet);20200904;248;15.6;12.6;18.9;;;;83.6;69.0;100.0;0.2;276.5;2.5;203;8.8;2385;1748;1389;1094;966;736;;;;;;;;;
Fransåker (Lantmet);20200905;249;14.4;11.7;18.1;;;;72.8;58.0;86.0;1.4;277.9;3.4;216;17.4;2399;1759;1399;1102;973;740;;;;;;;;;
Fransåker (Lantmet);20200906;250;12.8;9.7;17.8;;;;80.4;55.0;93.0;0.2;278.1;2.5;217;14.0;2412;1769;1406;1107;977;743;;;;;;;;;
Fransåker (Lantmet);20200907;251;12.6;6.1;18.3;;;;80.3;56.0;99.0;0.0;278.1;1.3;230;18.8;2425;1779;1414;1113;982;746;;;;;;;;;
Fransåker (Lantmet);20200908;252;14.3;9.9;19.0;;;;77.3;57.0;98.0;7.4;285.5;3.6;240;11.3;2439;1790;1423;1120;988;751;;;;;;;;;
Fransåker (Lantmet);20200909;253;13.3;10.6;17.7;;;;90.0;84.0;97.0;3.9;289.4;3.3;232;7.9;2452;1800;1432;1127;994;754;;;;;;;;;
Fransåker (Lantmet);20200910;254;10.8;7.9;15.2;;;;69.3;47.0;90.0;0.8;290.2;3.5;291;21.8;2463;1808;1437;1130;997;755;;;;;;;;;
Fransåker (Lantmet);20200911;255;11.7;5.0;16.4;;;;74.5;52.0;95.0;0.0;290.2;2.1;213;14.2;2475;1817;1444;1135;1001;758;;;;;;;;;
Fransåker (Lantmet);20200912;256;13.1;11.7;14.6;;;;86.1;72.0;99.0;6.2;296.4;4.3;209;7.3;2488;1827;1452;1141;1006;761;;;;;;;;;
Fransåker (Lantmet);20200913;257;13.3;9.8;17.0;;;;73.8;57.0;93.0;0.0;296.4;4.3;252;16.7;2501;1837;1461;1148;1011;765;;;;;;;;;
Fransåker (Lantmet);20200914;258;14.9;10.4;17.7;;;;91.9;86.0;98.0;0.2;296.6;2.3;246;7.3;2516;1849;1470;1156;1018;770;;;;;;;;;
Fransåker (Lantmet);20200915;259;14.5;11.4;16.5;;;;96.2;89.0;100.0;0.0;296.6;1.3;304;6.9;2531;1860;1480;1163;1025;774;;;;;;;;;
Fransåker (Lantmet);20200916;260;12.6;10.5;17.1;;;;82.4;61.0;99.0;0.1;296.7;3.6;276;7.0;2543;1870;1488;1169;1029;777;;;;;;;;;
Fransåker (Lantmet);20200917;261;9.7;6.9;13.7;;;;62.6;47.0;79.0;0.0;296.7;4.6;324;14.8;2553;1877;1492;1171;1031;778;;;;;;;;;
Fransåker (Lantmet);20200918;262;11.3;2.9;18.4;;;;78.0;60.0;93.0;0.0;296.7;2.4;264;17.2;2564;1885;1499;1177;1036;781;;;;;;;;;
Fransåker (Lantmet);20200919;263;9.5;3.2;16.0;;;;76.4;46.0;100.0;0.0;296.7;1.4;316;19.1;2574;1892;1503;1180;1038;782;;;;;;;;;
Fransåker (Lantmet);20200920;264;9.1;2.0;13.6;;;;92.1;84.0;100.0;0.0;296.7;2.0;224;8.5;2583;1898;1508;1183;1041;784;;;;;;;;;
Fransåker (Lantmet);20200921;265;13.7;10.0;17.2;;;;83.8;70.0;98.0;0.0;296.7;3.6;238;8.6;2597;1909;1517;1190;1047;787;;;;;;;;;
Fransåker (Lantmet);20200922;266;13.0;10.7;17.1;;;;79.9;63.0;96.0;0.0;296.7;2.8;227;10.4;2610;1918;1525;1196;1052;791;;;;;;;;;
Fransåker (Lantmet);20200923;267;12.9;6.2;19.8;;;;84.8;60.0;100.0;0.0;296.7;2.2;176;12.6;2622;1928;1533;1202;1057;794;;;;;;;;;
Fransåker (Lantmet);20200924;268;14.4;8.7;20.6;;;;86.2;54.0;100.0;1.0;297.7;2.2;153;9.8;2637;1940;1542;1209;1063;798;;;;;;;;;
Fransåker (Lantmet);20200925;269;12.4;6.4;17.7;;;;81.5;54.0;100.0;0.1;297.8;2.0;100;11.2;2649;1949;1549;1214;1067;801;;;;;;;;;
Fransåker (Lantmet);20200926;270;14.4;11.7;16.8;;;;94.9;90.0;99.0;8.2;306.0;2.5;66;6.9;2664;1961;1559;1222;1074;806;;;;;;;;;
Fransåker (Lantmet);20200927;271;13.5;11.9;17.9;;;;94.6;82.0;99.0;0.0;306.0;2.6;21;8.1;2677;1971;1567;1228;1079;809;;;;;;;;;
Fransåker (Lantmet);20200928;272;12.9;10.3;16.6;;;;95.0;84.0;100.0;0.1;306.1;2.2;46;6.6;2690;1981;1575;1234;1084;812;;;;;;;;;
Fransåker (Lantmet);20200929;273;13.2;12.0;14.4;;;;98.0;95.0;100.0;0.1;306.2;0.9;128;5.3;2703;1991;1583;1240;1089;815;;;;;;;;;
Fransåker (Lantmet);20200930;274;12.7;10.4;16.2;;;;93.0;78.0;100.0;0.0;306.2;1.0;122;7.8;2716;2001;1591;1246;1094;818;;;;;;;;;
Fransåker (Lantmet);20201001;275;11.7;9.0;13.6;;;;92.2;83.0;99.0;0.0;306.2;2.6;50;5.2;2728;2010;1598;1251;1098;820;;;;;;;;;
Fransåker (Lantmet);20201002;276;12.9;10.2;17.5;;;;90.3;70.0;99.0;0.0;306.2;2.7;70;9.8;2741;2019;1606;1257;1103;823;;;;;;;;;
Fransåker (Lantmet);20201003;277;12.8;10.3;14.2;;;;89.6;81.0;98.0;0.0;306.2;3.4;85;5.5;2753;2029;1614;1263;1108;825;;;;;;;;;
Fransåker (Lantmet);20201004;278;13.5;12.7;14.4;;;;94.8;86.0;99.0;1.2;307.4;5.1;91;4.8;2767;2040;1622;1269;1113;829;;;;;;;;;
Fransåker (Lantmet);20201005;279;13.9;11.6;17.8;;;;87.3;59.0;98.0;2.7;310.1;3.0;154;11.6;2781;2051;1631;1276;1119;833;;;;;;;;;
Fransåker (Lantmet);20201006;280;12.8;10.8;14.5;;;;97.8;95.0;99.0;17.0;327.1;3.1;89;4.6;2794;2060;1639;1282;1124;836;;;;;;;;;
Fransåker (Lantmet);20201007;281;12.9;11.3;15.2;;;;91.6;77.0;98.0;3.3;330.4;2.9;156;6.5;2806;2070;1647;1288;1129;839;;;;;;;;;
Fransåker (Lantmet);20201008;282;12.1;10.4;14.2;;;;89.3;74.0;98.0;1.0;331.4;2.8;175;4.9;2818;2079;1654;1293;1133;841;;;;;;;;;
Fransåker (Lantmet);20201009;283;10.8;9.9;12.8;;;;81.9;64.0;99.0;7.8;339.2;3.2;217;5.4;2829;2087;1659;1297;1135;842;;;;;;;;;
Fransåker (Lantmet);20201010;284;9.3;6.1;11.4;;;;92.9;84.0;99.0;4.3;343.5;2.1;146;4.5;2839;2093;1664;1299;1137;842;;;;;;;;;
Fransåker (Lantmet);20201011;285;8.3;4.2;12.1;;;;85.8;66.0;99.0;0.0;343.5;2.5;185;8.6;2847;2099;1667;1300;1138;842;;;;;;;;;
Fransåker (Lantmet);20201012;286;7.9;6.1;10.1;;;;81.6;73.0;89.0;0.9;344.4;2.5;241;4.9;2855;2104;1670;1301;1138;842;;;;;;;;;
Fransåker (Lantmet);20201013;287;6.2;2.0;10.1;;;;86.3;71.0;96.0;0.0;344.4;2.6;328;5.1;2861;2107;1672;1302;1139;842;;;;;;;;;
Fransåker (Lantmet);20201014;288;6.5;3.4;9.2;;;;80.6;62.0;94.0;0.0;344.4;3.9;6;5.0;2867;2110;1673;1302;1139;842;;;;;;;;;
Fransåker (Lantmet);20201015;289;6.7;3.9;10.3;;;;80.8;67.0;91.0;0.0;344.4;2.7;338;5.3;2874;2114;1675;1303;1139;842;;;;;;;;;
Fransåker (Lantmet);20201016;290;5.7;1.8;8.8;;;;92.5;83.0;100.0;1.1;345.5;1.8;330;5.5;2880;2117;1676;1303;1139;842;;;;;;;;;
Fransåker (Lantmet);20201017;291;7.0;-0.5;10.4;;;;82.7;67.0;98.0;0.0;345.5;2.5;245;7.5;2887;2121;1679;1304;1140;842;;;;;;;;;
Fransåker (Lantmet);20201018;292;3.7;2.0;9.2;;;;62.1;47.0;70.0;0.0;345.5;3.6;300;4.9;2891;2122;1679;1304;1140;842;;;;;;;;;
Fransåker (Lantmet);20201019;293;2.2;0.5;5.4;;;;62.6;47.0;84.0;0.0;345.5;3.4;308;7.7;2893;2123;1679;1304;1140;842;;;;;;;;;
Fransåker (Lantmet);20201020;294;2.2;-3.7;5.7;;;;89.0;70.0;98.0;8.4;353.9;1.8;150;3.5;2896;2124;1679;1304;1140;842;;;;;;;;;
Fransåker (Lantmet);20201021;295;8.6;5.3;10.0;;;;96.7;92.0;99.0;0.4;354.3;1.9;170;3.3;2905;2130;1683;1306;1141;842;;;;;;;;;
Fransåker (Lantmet);20201022;296;10.7;9.3;11.1;;;;97.4;92.0;100.0;14.8;369.1;2.7;185;3.0;2915;2137;1689;1310;1143;843;;;;;;;;;
Fransåker (Lantmet);20201023;297;4.0;-1.1;11.9;;;;92.8;77.0;100.0;4.1;373.2;2.6;276;3.4;2920;2139;1690;1311;1144;843;;;;;;;;;
Fransåker (Lantmet);20201024;298;2.5;-2.3;5.8;;;;98.5;97.0;100.0;4.4;377.6;1.4;139;2.9;2922;2140;1690;1311;1144;843;;;;;;;;;
Fransåker (Lantmet);20201025;299;8.4;2.7;12.0;;;;95.4;89.0;99.0;1.7;379.3;3.5;152;2.9;2931;2146;1694;1313;1146;844;;;;;;;;;
Fransåker (Lantmet);20201026;300;10.7;9.6;11.7;;;;96.8;93.0;99.0;15.7;395.0;2.1;174;2.8;2941;2153;1700;1317;1148;844;;;;;;;;;
Fransåker (Lantmet);20201027;301;9.4;8.3;10.9;;;;94.7;88.0;99.0;5.4;400.4;2.6;186;3.1;2951;2160;1704;1319;1150;844;;;;;;;;;
Fransåker (Lantmet);20201028;302;8.3;5.9;10.7;;;;92.2;81.0;97.0;2.5;402.9;3.6;184;3.0;2959;2165;1707;1321;1151;845;;;;;;;;;
Fransåker (Lantmet);20201029;303;6.7;4.0;10.1;;;;94.0;83.0;99.0;0.0;402.9;1.8;187;4.9;2966;2169;1709;1321;1151;845;;;;;;;;;
Fransåker (Lantmet);20201030;304;2.4;0.0;6.5;;;;99.2;98.0;100.0;0.0;402.9;0.7;316;3.2;2968;2169;1709;1321;1151;845;;;;;;;;;
Fransåker (Lantmet);20201031;305;6.0;0.4;8.9;;;;98.0;95.0;99.0;0.5;403.4;1.8;167;2.4;2974;2172;1711;1322;1151;845;;;;;;;;;
Fransåker (Lantmet);20201101;306;9.5;8.1;9.7;;;;91.0;83.0;97.0;0.9;404.3;5.4;158;2.3;2984;2179;1716;1325;1153;845;;;;;;;;;
Fransåker (Lantmet);20201102;307;12.7;9.4;14.4;;;;92.2;86.0;96.0;5.0;409.3;7.3;178;2.2;2996;2188;1723;1330;1157;847;;;;;;;;;
Fransåker (Lantmet);20201103;308;9.7;8.7;14.9;;;;80.4;67.0;99.0;4.4;413.7;4.0;232;2.8;3006;2195;1728;1333;1159;848;;;;;;;;;
Fransåker (Lantmet);20201104;309;6.3;3.8;9.6;;;;91.3;83.0;99.0;0.0;413.7;2.7;219;3.0;3012;2198;1729;1333;1159;848;;;;;;;;;
Fransåker (Lantmet);20201105;310;8.0;4.7;11.1;;;;82.6;71.0;90.0;0.0;413.7;3.8;246;4.4;3020;2203;1732;1335;1160;848;;;;;;;;;
Fransåker (Lantmet);20201106;311;9.6;6.9;13.3;;;;84.7;71.0;97.0;0.0;413.7;2.1;263;2.9;3030;2210;1737;1337;1162;848;;;;;;;;;
Fransåker (Lantmet);20201107;312;8.8;4.2;10.4;;;;90.6;80.0;99.0;0.0;413.7;3.2;254;2.0;3039;2216;1741;1339;1163;849;;;;;;;;;
Fransåker (Lantmet);20201108;313;6.5;3.1;9.9;;;;89.6;74.0;97.0;0.7;414.4;1.4;317;2.1;3045;2219;1742;1339;1163;849;;;;;;;;;
Fransåker (Lantmet);20201109;314;5.7;2.4;8.0;;;;94.3;86.0;99.0;0.2;414.6;1.5;268;2.2;3051;2222;1743;1339;1163;849;;;;;;;;;
Fransåker (Lantmet);20201110;315;4.8;2.1;5.7;;;;91.6;85.0;98.0;0.0;414.6;1.9;243;1.9;3056;2224;1744;1339;1163;849;;;;;;;;;
Fransåker (Lantmet);20201111;316;6.7;5.3;7.6;;;;87.2;81.0;97.0;0.0;414.6;1.4;202;1.7;3062;2227;1745;1340;1163;849;;;;;;;;;
Fransåker (Lantmet);20201112;317;6.1;5.1;6.9;;;;90.0;84.0;97.0;0.2;414.8;1.1;123;1.7;3068;2231;1747;1340;1163;849;;;;;;;;;
Fransåker (Lantmet);20201113;318;6.7;5.7;7.4;;;;97.8;94.0;100.0;2.0;416.8;2.3;116;1.7;3075;2234;1748;1340;1163;849;;;;;;;;;
Fransåker (Lantmet);20201114;319;7.3;5.7;8.9;;;;96.1;91.0;99.0;0.2;417.0;2.3;170;1.7;3082;2239;1751;1340;1163;849;;;;;;;;;
Fransåker (Lantmet);20201115;320;8.1;4.2;9.8;;;;95.7;90.0;99.0;0.0;417.0;3.2;153;1.5;3090;2244;1754;1342;1164;849;;;;;;;;;
Fransåker (Lantmet);20201116;321;10.0;9.3;10.4;;;;90.1;87.0;95.0;0.0;417.0;4.4;161;1.5;3100;2251;1759;1345;1166;849;;;;;;;;;
Fransåker (Lantmet);20201117;322;8.7;7.8;9.9;;;;92.1;87.0;97.0;2.1;419.1;3.5;190;1.7;3109;2256;1762;1346;1167;849;;;;;;;;;
Fransåker (Lantmet);20201118;323;11.8;7.9;13.4;;;;88.0;79.0;97.0;0.2;419.3;4.8;228;1.4;3121;2265;1769;1351;1170;850;;;;;;;;;
Fransåker (Lantmet);20201119;324;6.0;-0.1;12.4;;;;79.0;65.0;100.0;4.0;423.3;6.4;244;1.4;3127;2269;1772;1353;1172;851;;;;;;;;;
Fransåker (Lantmet);20201120;325;0.6;-0.9;3.3;;;;71.6;64.0;85.0;0.0;423.3;3.8;283;3.1;3128;2269;1772;1353;1172;851;;;;;;;;;
Fransåker (Lantmet);20201121;326;3.0;-3.0;6.4;;;;90.0;75.0;96.0;12.5;435.8;4.4;200;1.3;3131;2271;1773;1353;1172;851;;;;;;;;;
Fransåker (Lantmet);20201122;327;6.6;5.1;7.6;;;;75.3;71.0;85.0;0.0;435.8;5.1;248;2.8;3138;2274;1774;1353;1172;851;;;;;;;;;
Fransåker (Lantmet);20201123;328;4.1;2.7;7.1;;;;64.6;57.0;71.0;0.5;436.3;4.2;272;3.4;3142;2275;1774;1353;1172;851;;;;;;;;;
Fransåker (Lantmet);20201124;329;3.7;-1.1;7.0;;;;91.8;68.0;99.0;1.2;437.5;1.5;230;1.2;3146;2277;1775;1353;1172;851;;;;;;;;;
Fransåker (Lantmet);20201125;330;8.0;4.0;9.3;;;;90.8;80.0;99.0;0.7;438.2;3.1;215;1.1;3154;2282;1778;1354;1172;851;;;;;;;;;
Fransåker (Lantmet);20201126;331;5.3;1.5;8.6;;;;94.7;84.0;99.0;4.7;442.9;2.3;298;1.2;3159;2285;1779;1355;1172;851;;;;;;;;;
Fransåker (Lantmet);20201127;332;0.0;-1.7;3.4;;;;94.6;91.0;97.0;0.0;442.9;2.4;330;2.5;3159;2285;1779;1355;1172;851;;;;;;;;;
Fransåker (Lantmet);20201128;333;0.4;-1.1;1.2;;;;95.5;92.0;99.0;0.0;442.9;1.3;344;1.1;3160;2285;1779;1355;1172;851;;;;;;;;;
Fransåker (Lantmet);20201129;334;-0.9;-2.0;0.7;;;;96.5;94.0;100.0;0.0;442.9;1.5;335;1.0;3160;2285;1779;1355;1172;851;;;;;;;;;
Fransåker (Lantmet);20201130;335;-0.4;-2.6;1.4;;;;96.5;93.0;100.0;0.3;443.2;1.9;232;1.1;3160;2285;1779;1355;1172;851;;;;;;;;;
Fransåker (Lantmet);20201201;336;1.9;1.3;2.4;;;;96.8;95.0;98.0;0.2;443.4;1.6;236;1.0;3162;2285;1779;1355;1172;851;;;;;;;;;
Fransåker (Lantmet);20201202;337;2.2;0.6;3.3;;;;96.8;89.0;99.0;0.2;443.6;1.5;164;1.0;3164;2285;1779;1355;1172;851;;;;;;;;;
Fransåker (Lantmet);20201203;338;3.0;2.0;3.9;;;;78.7;71.0;87.0;0.3;443.9;3.5;142;1.0;3167;2285;1779;1355;1172;851;;;;;;;;;
Fransåker (Lantmet);20201204;339;3.5;1.9;4.2;;;;96.0;86.0;99.0;9.0;452.9;3.9;128;0.9;3171;2286;1779;1355;1172;851;;;;;;;;;
Fransåker (Lantmet);20201205;340;6.0;3.5;7.1;;;;96.8;94.0;98.0;0.5;453.4;2.1;125;1.0;3177;2289;1780;1355;1172;851;;;;;;;;;
Fransåker (Lantmet);20201206;341;7.2;6.3;8.1;;;;93.9;92.0;95.0;0.2;453.6;3.3;144;0.9;3184;2293;1782;1355;1172;851;;;;;;;;;
Fransåker (Lantmet);20201207;342;4.8;4.0;6.7;;;;87.0;75.0;97.0;0.0;453.6;4.4;136;0.9;3189;2295;1783;1355;1172;851;;;;;;;;;
Fransåker (Lantmet);20201208;343;2.9;1.5;4.7;;;;79.7;72.0;85.0;0.0;453.6;3.9;131;0.8;3192;2295;1783;1355;1172;851;;;;;;;;;
Fransåker (Lantmet);20201209;344;2.1;1.2;2.7;;;;95.0;87.0;98.0;0.7;454.3;2.6;119;0.8;3194;2295;1783;1355;1172;851;;;;;;;;;
Fransåker (Lantmet);20201210;345;2.0;1.4;3.0;;;;89.2;81.0;97.0;0.0;454.3;2.5;92;0.8;3196;2295;1783;1355;1172;851;;;;;;;;;
Fransåker (Lantmet);20201211;346;2.0;0.4;2.6;;;;93.2;82.0;98.0;0.9;455.2;2.8;74;0.8;3198;2295;1783;1355;1172;851;;;;;;;;;
Fransåker (Lantmet);20201212;347;4.2;2.2;5.1;;;;98.4;98.0;99.0;1.2;456.4;2.2;82;0.8;3202;2296;1783;1355;1172;851;;;;;;;;;
Fransåker (Lantmet);20201213;348;2.6;1.6;5.0;;;;97.6;92.0;100.0;0.4;456.8;2.0;92;0.8;3204;2296;1783;1355;1172;851;;;;;;;;;
Fransåker (Lantmet);20201214;349;0.9;-0.2;2.1;;;;93.8;91.0;97.0;0.0;456.8;1.5;84;1.0;3205;2296;1783;1355;1172;851;;;;;;;;;
Fransåker (Lantmet);20201215;350;5.8;1.5;6.8;;;;96.0;93.0;98.0;1.1;457.9;3.1;169;0.8;3211;2299;1783;1355;1172;851;;;;;;;;;
Fransåker (Lantmet);20201216;351;4.9;3.6;6.7;;;;94.0;86.0;99.0;4.6;462.5;2.9;254;0.8;3216;2301;1784;1355;1172;851;;;;;;;;;
Fransåker (Lantmet);20201217;352;4.2;1.0;5.3;;;;97.5;94.0;100.0;6.6;469.1;2.3;161;0.8;3220;2303;1784;1355;1172;851;;;;;;;;;
Fransåker (Lantmet);20201218;353;5.2;3.3;6.5;;;;95.1;89.0;98.0;2.4;471.5;2.8;231;0.8;3225;2305;1785;1355;1172;851;;;;;;;;;
Fransåker (Lantmet);20201219;354;5.8;3.7;7.3;;;;96.9;95.0;99.0;0.5;472.0;2.6;204;0.8;3231;2308;1786;1355;1172;851;;;;;;;;;
Fransåker (Lantmet);20201220;355;5.7;3.9;6.6;;;;95.3;91.0;98.0;0.3;472.3;3.1;189;0.8;3237;2310;1786;1355;1172;851;;;;;;;;;
Fransåker (Lantmet);20201221;356;5.9;5.4;6.5;;;;95.9;92.0;99.0;1.5;473.8;2.7;195;0.8;3243;2313;1787;1355;1172;851;;;;;;;;;
Fransåker (Lantmet);20201222;357;4.5;2.9;5.8;;;;94.3;86.0;99.0;9.4;483.2;3.6;163;0.8;3247;2315;1787;1355;1172;851;;;;;;;;;
Fransåker (Lantmet);20201223;358;3.4;1.6;5.2;;;;91.6;82.0;97.0;0.0;483.2;2.5;251;1.1;3251;2316;1787;1355;1172;851;;;;;;;;;
Fransåker (Lantmet);20201224;359;-1.1;-3.6;3.0;;;;93.6;89.0;97.0;0.0;483.2;1.9;317;2.1;3251;2316;1787;1355;1172;851;;;;;;;;;
Fransåker (Lantmet);20201225;360;-0.7;-1.7;0.2;;;;92.5;87.0;97.0;3.0;486.2;4.7;332;0.8;3251;2316;1787;1355;1172;851;;;;;;;;;
Fransåker (Lantmet);20201226;361;-2.0;-3.7;-0.6;;;;94.9;92.0;98.0;0.0;486.2;2.2;224;0.8;3251;2316;1787;1355;1172;851;;;;;;;;;
Fransåker (Lantmet);20201227;362;3.9;-1.5;5.0;;;;88.0;74.0;97.0;1.8;488.0;6.9;166;0.8;3255;2317;1787;1355;1172;851;;;;;;;;;
Fransåker (Lantmet);20201228;363;3.6;3.1;4.7;;;;85.2;72.0;97.0;3.9;491.9;6.2;139;0.8;3258;2317;1787;1355;1172;851;;;;;;;;;
Fransåker (Lantmet);20201229;364;4.1;0.8;5.0;;;;96.9;95.0;98.0;4.2;496.1;4.1;111;0.8;3262;2318;1787;1355;1172;851;;;;;;;;;
Fransåker (Lantmet);20201230;365;1.6;0.3;4.5;;;;97.9;97.0;100.0;3.8;499.9;1.8;86;0.8;3264;2318;1787;1355;1172;851;;;;;;;;;
Fransåker (Lantmet);20201231;366;2.4;0.7;3.6;;;;97.5;96.0;99.0;0.3;500.2;1.7;122;0.9;3266;2318;1787;1355;1172;851;;;;;;;;;
Fransåker (Lantmet);20210101;1;1.0;-0.6;3.4;;;;98.6;97.0;100.0;2.2;2.2;1.1;89;0.9;1;0;0;0;0;0;;;;;;;;;
Fransåker (Lantmet);20210102;2;0.9;-0.5;2.0;;;;97.9;93.0;100.0;0.1;2.3;1.4;39;0.9;1;0;0;0;0;0;;;;;;;;;
Fransåker (Lantmet);20210103;3;-0.6;-1.7;0.9;;;;89.8;81.0;97.0;0.0;2.3;2.7;337;0.9;1;0;0;0;0;0;;;;;;;;;
Fransåker (Lantmet);20210104;4;0.0;-1.8;0.3;;;;93.5;85.0;99.0;0.1;2.4;2.5;5;0.9;2;0;0;0;0;0;;;;;;;;;
Fransåker (Lantmet);20210105;5;-1.0;-2.4;0.3;;;;90.7;86.0;98.0;0.0;2.4;2.3;23;1.2;2;0;0;0;0;0;;;;;;;;;
Fransåker (Lantmet);20210106;6;-2.0;-3.6;-1.3;;;;85.9;77.0;90.0;0.0;2.4;3.1;25;1.4;2;0;0;0;0;0;;;;;;;;;
Fransåker (Lantmet);20210107;7;-0.5;-1.7;-0.1;;;;92.5;84.0;99.0;1.5;3.9;3.1;23;0.9;2;0;0;0;0;0;;;;;;;;;
Fransåker (Lantmet);20210108;8;0.0;-0.5;0.6;;;;95.9;94.0;99.0;0.3;4.2;2.5;26;0.9;2;0;0;0;0;0;;;;;;;;;
Fransåker (Lantmet);20210109;9;-2.0;-6.4;0.1;;;;96.0;90.0;99.0;0.0;4.2;1.1;352;1.0;2;0;0;0;0;0;;;;;;;;;
Fransåker (Lantmet);20210110;10;-1.1;-6.5;0.0;;;;94.4;89.0;99.0;2.9;7.1;2.8;212;1.0;2;0;0;0;0;0;;;;;;;;;
Fransåker (Lantmet);20210111;11;-1.0;-4.1;0.5;;;;96.6;94.0;100.0;5.9;13.0;4.0;174;1.1;2;0;0;0;0;0;;;;;;;;;
Fransåker (Lantmet);20210112;12;-2.2;-6.3;2.4;;;;92.9;82.0;99.0;5.3;18.3;3.1;184;1.9;3;0;0;0;0;0;;;;;;;;;
Fransåker (Lantmet);20210113;13;-2.5;-6.1;-0.1;;;;95.5;90.0;98.0;2.3;20.6;3.4;32;1.4;3;0;0;0;0;0;;;;;;;;;
Fransåker (Lantmet);20210114;14;-4.4;-7.5;-0.8;;;;92.7;89.0;96.0;1.1;21.7;4.1;357;1.2;3;0;0;0;0;0;;;;;;;;;
Fransåker (Lantmet);20210115;15;-9.1;-11.6;-5.9;;;;87.9;85.0;91.0;0.4;22.1;3.0;323;1.2;3;0;0;0;0;0;;;;;;;;;
Fransåker (Lantmet);20210116;16;-3.6;-8.3;-1.7;;;;92.8;85.0;98.0;0.0;22.1;2.1;16;1.3;3;0;0;0;0;0;;;;;;;;;
Fransåker (Lantmet);20210117;17;-2.6;-3.4;-2.0;;;;92.8;90.0;96.0;0.0;22.1;1.1;210;1.2;3;0;0;0;0;0;;;;;;;;;
Fransåker (Lantmet);20210118;18;-1.5;-2.7;-0.8;;;;87.3;84.0;94.0;0.0;22.1;2.5;210;1.2;3;0;0;0;0;0;;;;;;;;;
Fransåker (Lantmet);20210119;19;-1.1;-2.9;0.5;;;;92.2;88.0;96.0;0.2;22.3;1.7;134;1.3;3;0;0;0;0;0;;;;;;;;;
Fransåker (Lantmet);20210120;20;0.4;-1.6;0.8;;;;97.4;96.0;100.0;2.3;24.6;4.0;111;1.3;3;0;0;0;0;0;;;;;;;;;
Fransåker (Lantmet);20210121;21;2.8;0.0;4.2;;;;96.5;88.0;99.0;1.6;26.2;3.3;156;1.3;6;0;0;0;0;0;;;;;;;;;
Fransåker (Lantmet);20210122;22;3.2;2.0;5.3;;;;90.3;80.0;98.0;5.4;31.6;5.1;166;1.4;9;0;0;0;0;0;;;;;;;;;
Fransåker (Lantmet);20210123;23;3.2;1.0;4.8;;;;79.9;71.0;92.0;0.1;31.7;4.5;200;1.7;12;1;0;0;0;0;;;;;;;;;
Fransåker (Lantmet);20210124;24;-1.5;-3.1;2.5;;;;96.8;94.0;100.0;0.0;31.7;1.2;320;2.4;12;1;0;0;0;0;;;;;;;;;
Fransåker (Lantmet);20210125;25;-1.0;-3.0;0.1;;;;95.0;92.0;99.0;4.2;35.9;3.9;336;1.5;12;1;0;0;0;0;;;;;;;;;
Fransåker (Lantmet);20210126;26;-3.1;-3.9;-1.2;;;;92.2;90.0;93.0;0.3;36.2;3.5;325;1.5;12;1;0;0;0;0;;;;;;;;;
Fransåker (Lantmet);20210127;27;-5.5;-9.1;-2.9;;;;92.8;89.0;98.0;0.0;36.2;2.4;313;1.6;12;1;0;0;0;0;;;;;;;;;
Fransåker (Lantmet);20210128;28;-4.8;-10.8;-2.0;;;;94.7;90.0;98.0;7.4;43.6;2.5;6;1.6;12;1;0;0;0;0;;;;;;;;;
Fransåker (Lantmet);20210129;29;-4.4;-5.7;-2.0;;;;95.0;91.0;100.0;0.0;43.6;3.1;336;1.8;12;1;0;0;0;0;;;;;;;;;
Fransåker (Lantmet);20210130;30;-10.2;-12.7;-4.3;;;;88.8;83.0;93.0;0.0;43.6;2.6;315;2.6;12;1;0;0;0;0;;;;;;;;;
Fransåker (Lantmet);20210131;31;-11.2;-15.6;-7.0;;;;88.7;81.0;94.0;0.0;43.6;1.4;282;4.5;12;1;0;0;0;0;;;;;;;;;
Fransåker (Lantmet);20210201;32;-8.9;-13.3;-6.1;;;;90.3;86.0;93.0;0.0;43.6;0.8;253;4.9;12;1;0;0;0;0;;;;;;;;;
Fransåker (Lantmet);20210202;33;-4.7;-10.0;-1.6;;;;93.3;87.0;98.0;3.8;47.4;2.8;37;1.9;12;1;0;0;0;0;;;;;;;;;
Fransåker (Lantmet);20210203;34;-6.9;-8.4;-2.6;;;;88.7;85.0;92.0;0.3;47.7;3.6;333;2.3;12;1;0;0;0;0;;;;;;;;;
Fransåker (Lantmet);20210204;35;-9.1;-11.3;-7.4;;;;86.9;83.0;92.0;0.7;48.4;3.6;328;2.5;12;1;0;0;0;0;;;;;;;;;
Fransåker (Lantmet);20210205;36;-9.2;-12.0;-5.8;;;;90.4;84.0;96.0;0.2;48.6;2.4;326;2.9;12;1;0;0;0;0;;;;;;;;;
Fransåker (Lantmet);20210206;37;-8.7;-13.9;-6.6;;;;86.5;74.0;92.0;0.1;48.7;2.6;329;4.1;12;1;0;0;0;0;;;;;;;;;
Fransåker (Lantmet);20210207;38;-9.8;-15.5;-5.4;;;;90.4;87.0;95.0;0.0;48.7;2.2;343;3.0;12;1;0;0;0;0;;;;;;;;;
Fransåker (Lantmet);20210208;39;-9.4;-13.9;-4.6;;;;89.0;77.0;95.0;0.0;48.7;2.1;7;3.1;12;1;0;0;0;0;;;;;;;;;
Fransåker (Lantmet);20210209;40;-11.0;-14.0;-6.0;;;;82.9;66.0;88.0;0.0;48.7;2.5;14;5.2;12;1;0;0;0;0;;;;;;;;;
Fransåker (Lantmet);20210210;41;-11.5;-18.6;-6.4;;;;86.6;81.0;97.0;1.4;50.1;2.0;352;2.5;12;1;0;0;0;0;;;;;;;;;
Fransåker (Lantmet);20210211;42;-10.9;-14.3;-6.4;;;;87.7;81.0;96.0;0.0;50.1;2.7;338;3.4;12;1;0;0;0;0;;;;;;;;;
Fransåker (Lantmet);20210212;43;-7.9;-14.4;-2.4;;;;82.5;77.0;86.0;0.0;50.1;2.4;323;3.0;12;1;0;0;0;0;;;;;;;;;
Fransåker (Lantmet);20210213;44;-5.6;-10.6;-1.2;;;;65.9;56.0;79.0;0.0;50.1;3.1;306;7.6;12;1;0;0;0;0;;;;;;;;;
Fransåker (Lantmet);20210214;45;-3.1;-7.1;-0.1;;;;72.0;61.0;81.0;0.0;50.1;2.6;322;3.0;12;1;0;0;0;0;;;;;;;;;
Fransåker (Lantmet);20210215;46;-7.1;-11.3;-1.6;;;;77.1;48.0;88.0;0.0;50.1;1.3;216;8.0;12;1;0;0;0;0;;;;;;;;;
Fransåker (Lantmet);20210216;47;-6.9;-12.8;-2.7;;;;82.6;76.0;88.0;0.0;50.1;1.0;296;3.1;12;1;0;0;0;0;;;;;;;;;
Fransåker (Lantmet);20210217;48;-4.1;-5.9;-2.2;;;;76.9;68.0;90.0;0.0;50.1;2.9;91;3.4;12;1;0;0;0;0;;;;;;;;;
Fransåker (Lantmet);20210218;49;-3.5;-6.7;-2.3;;;;75.0;66.0;85.0;0.0;50.1;2.5;145;3.1;12;1;0;0;0;0;;;;;;;;;
Fransåker (Lantmet);20210219;50;0.7;-3.0;1.4;;;;93.8;87.0;99.0;0.1;50.2;2.9;158;3.1;13;1;0;0;0;0;;;;;;;;;
Fransåker (Lantmet);20210220;51;2.4;0.9;3.6;;;;96.8;94.0;99.0;2.3;52.5;2.6;209;3.3;15;1;0;0;0;0;;;;;;;;;
Fransåker (Lantmet);20210221;52;3.8;2.0;6.2;;;;95.0;87.0;100.0;0.9;53.4;1.7;197;3.4;19;2;0;0;0;0;;;;;;;;;
Fransåker (Lantmet);20210222;53;2.7;1.6;5.1;;;;98.0;94.0;100.0;0.0;53.4;2.2;91;3.4;22;2;0;0;0;0;;;;;;;;;
Fransåker (Lantmet);20210223;54;2.8;1.0;4.4;;;;98.1;95.0;100.0;0.5;53.9;2.7;219;3.4;25;3;0;0;0;0;;;;;;;;;
Fransåker (Lantmet);20210224;55;5.3;-0.4;9.2;;;;93.9;87.0;99.0;0.0;53.9;3.5;214;3.5;30;6;1;0;0;0;;;;;;;;;
Fransåker (Lantmet);20210225;56;8.6;7.7;10.5;;;;85.8;77.0;93.0;0.0;53.9;4.8;240;3.6;39;11;5;2;1;0;;;;;;;;;
Fransåker (Lantmet);20210226;57;6.3;3.0;10.3;;;;70.3;52.0;89.0;0.0;53.9;4.4;291;10.9;45;15;7;3;1;0;;;;;;;;;
Fransåker (Lantmet);20210227;58;3.4;-0.2;8.5;;;;70.6;58.0;85.0;0.0;53.9;2.8;290;8.1;48;16;7;3;1;0;;;;;;;;;
Fransåker (Lantmet);20210228;59;4.9;1.0;11.4;;;;72.5;53.0;91.0;0.0;53.9;2.3;302;8.1;53;18;9;4;2;0;;;;;;;;;
Fransåker (Lantmet);20210301;60;3.8;-1.6;8.2;;;;73.6;57.0;95.0;0.0;53.9;2.4;253;5.5;56;20;9;4;2;0;;;;;;;;;
Fransåker (Lantmet);20210302;61;4.2;0.8;8.7;;;;65.8;40.0;83.0;0.0;53.9;2.5;290;7.3;59;21;10;4;2;0;;;;;;;;;
Fransåker (Lantmet);20210303;62;1.9;-1.5;5.0;;;;83.9;71.0;94.0;0.0;53.9;2.2;272;11.6;60;21;10;4;2;0;;;;;;;;;
Fransåker (Lantmet);20210304;63;-0.8;-2.7;3.5;;;;68.6;49.0;86.0;0.1;54.0;2.5;326;8.6;61;21;10;4;2;0;;;;;;;;;
Fransåker (Lantmet);20210305;64;-2.6;-5.5;1.2;;;;65.6;38.0;83.0;0.0;54.0;2.6;310;9.8;61;21;10;4;2;0;;;;;;;;;
Fransåker (Lantmet);20210306;65;2.0;-4.7;5.2;;;;58.3;52.0;67.0;0.2;54.2;4.8;260;5.5;62;22;10;4;2;0;;;;;;;;;
Fransåker (Lantmet);20210307;66;-0.4;-1.6;4.6;;;;45.7;36.0;69.0;0.1;54.3;6.2;328;6.2;62;22;10;4;2;0;;;;;;;;;
Fransåker (Lantmet);20210308;67;-1.1;-3.9;2.3;;;;52.1;27.0;72.0;0.2;54.5;3.0;302;13.3;63;22;10;4;2;0;;;;;;;;;
Fransåker (Lantmet);20210309;68;-1.6;-3.9;1.0;;;;75.4;59.0;87.0;0.5;55.0;3.6;295;4.9;63;22;10;4;2;0;;;;;;;;;
Fransåker (Lantmet);20210310;69;-5.0;-6.4;-0.7;;;;79.9;73.0;87.0;0.2;55.2;2.4;82;5.0;63;22;10;4;2;0;;;;;;;;;
Fransåker (Lantmet);20210311;70;-0.9;-6.4;2.5;;;;84.4;63.0;97.0;1.9;57.1;6.7;145;5.4;63;22;10;4;2;0;;;;;;;;;
Fransåker (Lantmet);20210312;71;2.3;-0.2;3.6;;;;91.9;78.0;100.0;1.6;58.7;3.2;218;4.9;65;22;10;4;2;0;;;;;;;;;
Fransåker (Lantmet);20210313;72;3.1;1.4;5.8;;;;81.3;63.0;92.0;0.1;58.8;2.1;199;6.1;68;22;10;4;2;0;;;;;;;;;
Fransåker (Lantmet);20210314;73;1.7;-1.1;5.9;;;;80.3;42.0;99.0;0.0;58.8;1.5;334;5.5;69;23;10;4;2;0;;;;;;;;;
Fransåker (Lantmet);20210315;74;1.7;-1.1;7.4;;;;76.3;50.0;97.0;0.0;58.8;1.0;80;7.6;71;23;10;4;2;0;;;;;;;;;
Fransåker (Lantmet);20210316;75;1.0;-3.8;6.1;;;;80.1;56.0;100.0;0.0;58.8;1.4;314;10.7;72;24;10;4;2;0;;;;;;;;;
Fransåker (Lantmet);20210317;76;-0.3;-2.4;2.6;;;;75.4;56.0;92.0;0.0;58.8;2.4;331;7.6;73;24;10;4;2;0;;;;;;;;;
Fransåker (Lantmet);20210318;77;-1.2;-4.8;3.4;;;;74.3;57.0;87.0;0.1;58.9;2.8;339;6.5;73;24;10;4;2;0;;;;;;;;;
Fransåker (Lantmet);20210319;78;-2.1;-5.4;1.1;;;;59.2;39.0;78.0;0.0;58.9;3.0;354;9.9;73;24;10;4;2;0;;;;;;;;;
Fransåker (Lantmet);20210320;79;3.0;-3.1;7.0;;;;64.4;55.0;84.0;0.0;58.9;3.6;244;6.8;76;25;10;4;2;0;;;;;;;;;
Fransåker (Lantmet);20210321;80;3.5;1.7;6.2;;;;48.2;31.0;93.0;0.0;58.9;5.1;323;14.2;78;25;10;4;2;0;;;;;;;;;
Fransåker (Lantmet);20210322;81;4.8;-0.1;10.5;;;;56.2;45.0;67.0;0.0;58.9;2.6;289;7.0;81;27;11;4;2;0;;;;;;;;;
Fransåker (Lantmet);20210323;82;7.0;0.5;13.8;;;;61.5;39.0;78.0;0.0;58.9;2.2;238;14.7;86;30;13;5;3;0;;;;;;;;;
Fransåker (Lantmet);20210324;83;6.7;3.7;10.1;;;;74.5;61.0;86.0;0.0;58.9;5.1;244;9.6;91;33;14;6;3;0;;;;;;;;;
Fransåker (Lantmet);20210325;84;6.3;3.2;10.5;;;;71.8;49.0;85.0;0.0;58.9;4.0;245;13.4;95;35;15;6;3;0;;;;;;;;;
Fransåker (Lantmet);20210326;85;6.5;2.1;12.3;;;;76.3;50.0;97.0;0.0;58.9;3.0;210;9.9;99;37;17;7;4;0;;;;;;;;;
Fransåker (Lantmet);20210327;86;6.9;2.9;13.1;;;;76.6;47.0;92.0;0.0;58.9;3.6;139;11.9;104;40;18;8;5;1;;;;;;;;;
Fransåker (Lantmet);20210328;87;4.3;2.8;6.2;;;;89.2;78.0;98.0;1.7;60.6;3.8;170;7.3;108;41;19;8;5;1;;;;;;;;;
Fransåker (Lantmet);20210329;88;8.1;4.7;11.3;;;;86.7;77.0;96.0;0.8;61.4;4.4;212;7.2;116;46;22;10;6;1;;;;;;;;;
Fransåker (Lantmet);20210330;89;10.5;7.6;14.1;;;;81.7;69.0;92.0;0.0;61.4;4.8;256;8.1;126;54;27;13;8;2;;;;;;;;;
Fransåker (Lantmet);20210331;90;5.9;4.3;12.2;;;;89.9;83.0;99.0;1.6;63.0;2.2;302;7.9;132;57;28;13;8;2;;;;;;;;;
Fransåker (Lantmet);20210401;91;4.5;-1.2;9.8;;;;66.6;44.0;89.0;0.0;63.0;2.7;314;17.1;137;59;30;14;8;2;;;;;;;;;
Fransåker (Lantmet);20210402;92;4.5;0.2;8.6;;;;61.5;48.0;76.0;0.4;63.4;3.1;315;9.3;141;61;30;14;8;2;;;;;;;;;
Fransåker (Lantmet);20210403;93;4.7;1.0;8.9;;;;53.8;39.0;69.0;0.0;63.4;3.5;314;14.7;146;63;31;14;8;2;;;;;;;;;
Fransåker (Lantmet);20210404;94;6.8;1.1;12.4;;;;59.6;39.0;74.0;0.0;63.4;5.2;233;21.7;153;67;34;16;9;2;;;;;;;;;
Fransåker (Lantmet);20210405;95;1.8;-2.0;10.5;;;;75.3;54.0;94.0;4.0;67.4;5.1;252;9.4;155;67;34;16;9;2;;;;;;;;;
Fransåker (Lantmet);20210406;96;3.8;-0.4;8.0;;;;47.0;31.0;61.0;0.0;67.4;5.1;257;13.2;159;69;34;16;9;2;;;;;;;;;
Fransåker (Lantmet);20210407;97;2.9;0.2;7.9;;;;68.7;35.0;99.0;0.7;68.1;2.7;338;11.6;162;70;35;16;9;2;;;;;;;;;
Fransåker (Lantmet);20210408;98;2.4;-5.0;8.1;;;;57.3;30.0;91.0;0.0;68.1;2.5;275;20.0;165;71;35;16;9;2;;;;;;;;;
Fransåker (Lantmet);20210409;99;4.2;1.1;7.8;;;;78.2;56.0;100.0;9.1;77.2;6.3;210;9.4;169;73;36;16;9;2;;;;;;;;;
Fransåker (Lantmet);20210410;100;4.6;0.9;9.0;;;;60.2;29.0;99.0;0.4;77.6;4.8;242;23.5;174;75;37;16;10;2;;;;;;;;;
Fransåker (Lantmet);20210411;101;3.6;-2.9;9.5;;;;67.1;33.0;100.0;2.8;80.4;3.0;146;14.4;178;77;38;17;10;2;;;;;;;;;
Fransåker (Lantmet);20210412;102;3.6;-0.1;6.3;;;;91.4;76.0;98.0;1.1;81.5;2.4;257;8.8;181;78;38;17;10;2;;;;;;;;;
Fransåker (Lantmet);20210413;103;3.0;-0.1;7.4;;;;78.9;55.0;99.0;0.1;81.6;2.6;224;13.9;185;79;38;17;10;2;;;;;;;;;
Fransåker (Lantmet);20210414;104;2.3;-3.8;8.0;;;;69.5;41.0;100.0;0.0;81.6;1.9;335;19.2;188;80;39;17;10;2;;;;;;;;;
Fransåker (Lantmet);20210415;105;3.1;-4.7;9.9;;;;64.1;39.0;96.0;0.1;81.7;2.5;15;21.7;192;83;40;17;10;2;;;;;;;;;
Fransåker (Lantmet);20210416;106;5.6;-2.0;12.6;;;;55.9;29.0;82.0;0.0;81.7;3.9;20;26.1;198;86;43;19;11;3;;;;;;;;;
Fransåker (Lantmet);20210417;107;7.2;-0.5;14.4;;;;55.4;24.0;92.0;0.1;81.8;3.5;21;20.4;205;91;47;21;13;4;;;;;;;;;
Fransåker (Lantmet);20210418;108;7.6;-0.5;15.5;;;;54.0;26.0;91.0;0.0;81.8;2.9;39;27.6;212;97;51;24;16;6;;;;;;;;;
Fransåker (Lantmet);20210419;109;7.6;-1.1;15.5;;;;56.5;30.0;83.0;0.0;81.8;2.5;54;28.5;220;102;55;27;18;7;;;;;;;;;
Fransåker (Lantmet);20210420;110;7.9;-2.2;16.0;;;;55.1;30.0;92.0;0.0;81.8;1.6;79;28.3;228;108;59;31;21;9;;;;;;;;;
Fransåker (Lantmet);20210421;111;7.4;0.4;15.7;;;;59.1;35.0;96.0;0.5;82.3;2.3;184;20.5;235;113;63;33;23;10;;;;;;;;;
Fransåker (Lantmet);20210422;112;1.6;-0.3;7.4;;;;94.0;89.0;97.0;3.7;86.0;4.7;340;9.9;237;113;63;33;23;10;;;;;;;;;
Fransåker (Lantmet);20210423;113;3.8;-0.2;8.1;;;;56.1;33.0;82.0;0.0;86.0;4.6;324;16.4;241;114;63;33;23;10;;;;;;;;;
Fransåker (Lantmet);20210424;114;2.5;-0.2;6.2;;;;60.0;54.0;72.0;0.5;86.5;4.3;323;13.4;243;115;63;33;23;10;;;;;;;;;
Fransåker (Lantmet);20210425;115;1.4;-1.5;4.6;;;;68.2;50.0;87.0;0.2;86.7;4.5;332;11.0;245;115;63;33;23;10;;;;;;;;;
Fransåker (Lantmet);20210426;116;2.2;-1.1;5.2;;;;63.7;48.0;89.0;0.0;86.7;4.2;335;10.7;247;115;63;33;23;10;;;;;;;;;
Fransåker (Lantmet);20210427;117;3.9;-2.2;10.5;;;;53.1;29.0;87.0;0.0;86.7;2.5;347;20.0;251;117;64;34;23;10;;;;;;;;;
Fransåker (Lantmet);20210428;118;3.7;-3.6;9.3;;;;60.3;35.0;95.0;0.0;86.7;1.0;226;12.1;256;120;66;34;23;10;;;;;;;;;
Fransåker (Lantmet);20210429;119;4.1;-1.6;9.3;;;;61.8;38.0;91.0;0.0;86.7;1.7;99;12.2;260;122;67;34;23;10;;;;;;;;;
Fransåker (Lantmet);20210430;120;4.3;-4.8;11.1;;;;55.9;28.0;91.0;0.0;86.7;2.4;341;23.3;265;125;69;35;24;10;;;;;;;;;
Fransåker (Lantmet);20210501;121;4.2;-3.4;10.5;;;;58.1;35.0;91.0;0.0;86.7;1.9;11;14.8;270;128;71;36;24;10;;;;;;;;;
Fransåker (Lantmet);20210502;122;6.0;1.4;10.5;;;;58.2;41.0;74.0;0.4;87.1;2.8;121;16.3;276;131;72;37;25;10;;;;;;;;;
Fransåker (Lantmet);20210503;123;6.0;-2.5;11.8;;;;59.7;36.0;95.0;0.0;87.1;1.0;145;18.2;282;135;75;38;26;10;;;;;;;;;
Fransåker (Lantmet);20210504;124;6.2;1.5;11.4;;;;66.6;37.0;90.0;0.0;87.1;3.5;101;13.6;288;138;77;39;26;10;;;;;;;;;
Fransåker (Lantmet);20210505;125;2.8;2.0;5.6;;;;94.5;90.0;97.0;17.6;104.7;5.9;59;11.3;291;139;77;39;26;10;;;;;;;;;
Fransåker (Lantmet);20210506;126;3.0;1.5;4.4;;;;92.3;86.0;98.0;0.2;104.9;4.6;356;11.3;294;139;77;39;26;10;;;;;;;;;
Fransåker (Lantmet);20210507;127;3.3;0.8;6.8;;;;77.3;52.0;90.0;0.3;105.2;3.3;314;12.2;297;140;77;39;26;10;;;;;;;;;
Fransåker (Lantmet);20210508;128;6.4;-0.6;12.4;;;;64.6;38.0;94.0;0.2;105.4;2.6;232;22.3;303;144;80;41;27;11;;;;;;;;;
Fransåker (Lantmet);20210509;129;6.1;1.3;10.8;;;;83.6;52.0;99.0;5.2;110.6;3.1;153;12.8;310;147;82;41;28;11;;;;;;;;;
Fransåker (Lantmet);20210510;130;12.4;6.2;17.3;;;;80.7;59.0;100.0;6.0;116.6;3.5;153;15.0;322;156;89;47;32;14;;;;;;;;;
Fransåker (Lantmet);20210511;131;15.6;7.4;23.8;;;;68.5;47.0;91.0;0.0;116.6;1.7;113;21.6;338;169;100;55;40;20;;;;;;;;;
Fransåker (Lantmet);20210512;132;15.9;8.1;21.2;;;;58.7;37.0;91.0;0.0;116.6;3.8;119;35.5;353;182;111;64;48;26;;;;;;;;;
Fransåker (Lantmet);20210513;133;17.8;11.3;23.3;;;;55.7;34.0;78.0;0.1;116.7;3.1;117;31.6;371;197;123;75;58;34;;;;;;;;;
Fransåker (Lantmet);20210514;134;12.4;8.2;20.8;;;;79.7;62.0;97.0;3.2;119.9;1.7;93;14.8;384;206;131;81;62;36;;;;;;;;;
Fransåker (Lantmet);20210515;135;9.9;7.0;14.1;;;;88.7;66.0;100.0;2.7;122.6;2.8;132;12.8;394;213;136;84;64;37;;;;;;;;;
Fransåker (Lantmet);20210516;136;11.1;7.6;16.6;;;;79.3;52.0;98.0;0.0;122.6;2.6;147;14.3;405;221;142;88;67;39;;;;;;;;;
Fransåker (Lantmet);20210517;137;10.9;7.6;16.7;;;;86.2;63.0;98.0;7.5;130.1;3.4;138;14.7;415;229;148;91;70;40;;;;;;;;;
Fransåker (Lantmet);20210518;138;12.0;5.7;18.6;;;;76.0;48.0;99.0;0.0;130.1;1.8;227;21.6;427;238;155;97;74;43;;;;;;;;;
Fransåker (Lantmet);20210519;139;12.7;5.8;18.4;;;;72.0;39.0;94.0;0.3;130.4;2.0;294;22.1;440;248;162;102;79;47;;;;;;;;;
Fransåker (Lantmet);20210520;140;11.8;7.9;16.2;;;;71.4;49.0;87.0;0.1;130.5;2.4;249;19.4;452;256;169;107;83;49;;;;;;;;;
Fransåker (Lantmet);20210521;141;10.8;4.9;17.7;;;;78.8;54.0;98.0;0.6;131.1;2.2;259;18.3;463;264;175;111;86;51;;;;;;;;;
Fransåker (Lantmet);20210522;142;10.6;4.5;15.8;;;;79.5;48.0;100.0;0.1;131.2;1.5;185;17.2;473;272;181;115;89;53;;;;;;;;;
Fransåker (Lantmet);20210523;143;8.6;3.5;14.2;;;;89.1;74.0;100.0;3.6;134.8;2.5;66;16.1;482;277;184;117;91;53;;;;;;;;;
Fransåker (Lantmet);20210524;144;9.1;5.5;12.9;;;;86.8;73.0;100.0;1.4;136.2;1.8;105;13.6;491;283;188;119;92;54;;;;;;;;;
Fransåker (Lantmet);20210525;145;11.5;7.1;15.5;;;;76.6;47.0;100.0;0.9;137.1;3.8;77;15.2;502;292;195;124;96;56;;;;;;;;;
Fransåker (Lantmet);20210526;146;8.9;8.1;12.4;;;;96.8;96.0;98.0;26.4;163.5;5.1;33;12.9;511;298;199;126;97;56;;;;;;;;;
Fransåker (Lantmet);20210527;147;6.3;5.5;8.4;;;;97.2;95.0;99.0;5.5;169.0;4.7;329;13.0;518;301;200;126;97;56;;;;;;;;;
Fransåker (Lantmet);20210528;148;10.6;5.5;17.4;;;;76.5;42.0;100.0;0.1;169.1;2.7;2;22.7;528;309;206;130;100;58;;;;;;;;;
Fransåker (Lantmet);20210529;149;12.6;5.0;18.0;;;;57.9;38.0;90.0;0.1;169.2;2.1;41;34.1;541;318;213;135;105;61;;;;;;;;;
Fransåker (Lantmet);20210530;150;13.6;3.3;21.2;;;;58.2;34.0;99.0;0.0;169.2;1.4;181;39.0;554;329;222;142;111;66;;;;;;;;;
Fransåker (Lantmet);20210531;151;13.9;8.2;21.3;;;;57.3;34.0;85.0;0.0;169.2;2.8;344;20.8;568;340;231;149;117;71;;;;;;;;;
Fransåker (Lantmet);20210601;152;12.9;6.5;17.6;;;;64.5;49.0;83.0;0.0;169.2;3.7;40;26.0;581;350;239;155;122;74;;;;;;;;;
Fransåker (Lantmet);20210602;153;15.4;6.5;21.4;;;;60.9;40.0;93.0;0.2;169.4;2.3;85;37.6;597;362;249;164;130;80;;;;;;;;;
Fransåker (Lantmet);20210603;154;16.0;5.6;23.0;;;;60.4;38.0;96.0;1.3;170.7;1.6;81;32.8;613;375;260;173;138;86;;;;;;;;;
Fransåker (Lantmet);20210604;155;16.1;5.9;22.7;;;;58.7;33.0;95.0;1.1;171.8;1.0;100;31.4;629;388;271;182;146;93;;;;;;;;;
Fransåker (Lantmet);20210605;156;18.2;8.3;25.1;;;;60.1;36.0;93.0;0.3;172.1;1.6;110;36.6;647;403;284;193;156;101;;;;;;;;;
Fransåker (Lantmet);20210606;157;19.2;10.6;25.8;;;;58.7;36.0;96.0;1.5;173.6;1.6;139;29.0;666;420;299;205;168;111;;;;;;;;;
Fransåker (Lantmet);20210607;158;19.5;11.7;26.5;;;;65.4;41.0;88.0;3.8;177.4;2.1;252;20.9;686;436;313;218;179;120;;;;;;;;;
Fransåker (Lantmet);20210608;159;17.3;14.2;21.4;;;;86.1;69.0;100.0;6.9;184.3;0.9;298;17.2;703;450;325;228;188;127;;;;;;;;;
Fransåker (Lantmet);20210609;160;17.8;11.9;22.5;;;;84.5;64.0;100.0;3.7;188.0;1.1;202;18.3;721;465;338;239;198;135;;;;;;;;;
Fransåker (Lantmet);20210610;161;19.2;12.2;24.3;;;;65.5;38.0;100.0;0.2;188.2;1.9;225;37.7;740;481;352;251;209;144;;;;;;;;;
Fransåker (Lantmet);20210611;162;19.3;12.1;25.3;;;;72.6;51.0;95.0;1.7;189.9;2.8;175;31.5;759;498;367;263;221;154;;;;;;;;;
Fransåker (Lantmet);20210612;163;15.7;13.1;21.5;;;;88.9;67.0;100.0;15.9;205.8;3.3;263;16.1;775;510;377;272;228;159;;;;;;;;;
Fransåker (Lantmet);20210613;164;15.4;10.0;20.1;;;;64.5;40.0;99.0;0.0;205.8;3.1;304;32.9;790;523;388;280;236;165;;;;;;;;;
Fransåker (Lantmet);20210614;165;17.0;11.0;21.2;;;;71.9;62.0;89.0;0.9;206.7;4.3;217;20.0;807;537;400;290;245;172;;;;;;;;;
Fransåker (Lantmet);20210615;166;16.5;12.4;20.4;;;;60.4;42.0;85.0;0.0;206.7;4.2;256;34.1;824;550;411;300;253;178;;;;;;;;;
Fransåker (Lantmet);20210616;167;16.7;9.0;22.0;;;;64.5;40.0;95.0;0.0;206.7;2.1;209;30.7;841;564;423;310;262;185;;;;;;;;;
Fransåker (Lantmet);20210617;168;19.2;13.4;23.9;;;;62.5;35.0;86.0;0.0;206.7;3.0;175;27.3;860;580;437;322;273;194;;;;;;;;;
Fransåker (Lantmet);20210618;169;22.7;14.6;29.1;;;;62.9;48.0;83.0;0.0;206.7;3.6;171;36.3;882;600;455;338;288;207;;;;;;;;;
Fransåker (Lantmet);20210619;170;20.9;14.1;28.9;;;;65.0;45.0;81.0;0.0;206.7;3.1;95;37.9;903;618;471;351;301;218;;;;;;;;;
Fransåker (Lantmet);20210620;171;23.2;16.2;29.2;;;;71.7;46.0;95.0;0.0;206.7;2.5;162;32.8;927;638;489;368;316;231;;;;;;;;;
Fransåker (Lantmet);20210621;172;22.5;18.1;27.4;;;;71.7;47.0;93.0;1.3;208.0;2.9;183;25.4;949;658;507;383;331;243;;;;;;;;;
Fransåker (Lantmet);20210622;173;19.7;15.4;26.4;;;;83.5;65.0;99.0;0.3;208.3;3.1;10;21.6;969;674;521;396;342;253;;;;;;;;;
Fransåker (Lantmet);20210623;174;16.9;12.9;21.0;;;;85.1;73.0;96.0;0.4;208.7;2.4;335;17.2;986;688;533;406;351;260;;;;;;;;;
Fransåker (Lantmet);20210624;175;18.4;14.7;22.7;;;;82.3;66.0;97.0;0.2;208.9;1.9;133;15.9;1004;704;547;417;362;268;;;;;;;;;
Fransåker (Lantmet);20210625;176;18.2;14.9;22.4;;;;89.0;69.0;100.0;6.2;215.1;1.0;120;15.6;1022;719;560;428;372;277;;;;;;;;;
Fransåker (Lantmet);20210626;177;18.0;14.3;21.8;;;;81.7;60.0;98.0;0.2;215.3;1.9;11;20.0;1040;734;573;439;382;285;;;;;;;;;
Fransåker (Lantmet);20210627;178;19.5;11.9;25.9;;;;79.5;60.0;100.0;0.4;215.7;1.2;176;21.0;1060;750;587;452;393;294;;;;;;;;;
Fransåker (Lantmet);20210628;179;19.7;14.1;25.5;;;;78.0;52.0;99.0;0.0;215.7;1.6;258;26.5;1079;767;602;464;405;304;;;;;;;;;
Fransåker (Lantmet);20210629;180;21.1;13.2;26.5;;;;71.8;50.0;100.0;0.2;215.9;1.2;201;29.6;1101;785;618;479;418;315;;;;;;;;;
Fransåker (Lantmet);20210630;181;16.3;13.5;23.7;;;;76.2;67.0;92.0;0.0;215.9;4.5;4;17.1;1117;798;629;488;426;321;;;;;;;;;
Fransåker (Lantmet);20210701;182;18.3;12.8;23.5;;;;63.1;48.0;84.0;0.1;216.0;4.6;23;27.2;1135;814;643;499;437;329;;;;;;;;;
Fransåker (Lantmet);20210702;183;19.9;12.1;26.3;;;;62.1;39.0;81.0;0.0;216.0;2.6;34;36.4;1155;830;657;512;448;339;;;;;;;;;
Fransåker (Lantmet);20210703;184;20.2;12.1;26.6;;;;64.5;43.0;90.0;0.0;216.0;2.6;69;35.7;1175;848;673;525;461;350;;;;;;;;;
Fransåker (Lantmet);20210704;185;21.1;11.2;27.4;;;;66.0;43.0;98.0;0.5;216.5;1.7;74;25.2;1196;866;689;539;474;361;;;;;;;;;
Fransåker (Lantmet);20210705;186;21.6;14.0;27.1;;;;72.9;49.0;97.0;0.7;217.2;3.2;91;19.2;1218;884;705;554;487;372;;;;;;;;;
Fransåker (Lantmet);20210706;187;22.1;18.1;26.8;;;;74.5;49.0;98.0;2.1;219.3;3.2;150;26.1;1240;903;722;569;501;384;;;;;;;;;
Fransåker (Lantmet);20210707;188;19.3;17.9;23.9;;;;95.4;86.0;100.0;7.5;226.8;2.3;169;14.9;1259;920;737;581;513;394;;;;;;;;;
Fransåker (Lantmet);20210708;189;20.4;13.3;25.1;;;;72.0;51.0;100.0;0.0;226.8;2.0;236;30.6;1280;937;752;595;525;404;;;;;;;;;
Fransåker (Lantmet);20210709;190;20.6;15.9;25.0;;;;74.9;52.0;98.0;2.1;228.9;1.8;88;16.3;1300;955;768;608;538;415;;;;;;;;;
Fransåker (Lantmet);20210710;191;21.2;16.5;26.9;;;;82.0;62.0;98.0;2.8;231.7;4.4;123;20.1;1322;973;784;623;551;426;;;;;;;;;
Fransåker (Lantmet);20210711;192;20.8;17.6;25.2;;;;70.2;43.0;92.0;0.0;231.7;3.1;220;29.9;1342;991;800;636;564;437;;;;;;;;;
Fransåker (Lantmet);20210712;193;20.3;13.0;25.4;;;;70.1;52.0;99.0;0.0;231.7;1.3;239;26.3;1363;1008;815;650;576;447;;;;;;;;;
Fransåker (Lantmet);20210713;194;21.2;12.4;27.8;;;;77.3;52.0;99.0;1.0;232.7;2.0;83;29.6;1384;1026;831;664;589;458;;;;;;;;;
Fransåker (Lantmet);20210714;195;24.2;17.1;29.8;;;;69.1;43.0;97.0;0.0;232.7;2.6;89;37.8;1408;1048;851;681;606;473;;;;;;;;;
Fransåker (Lantmet);20210715;196;25.0;17.9;30.8;;;;71.9;49.0;98.0;0.0;232.7;1.7;199;32.2;1433;1070;871;699;623;487;;;;;;;;;
Fransåker (Lantmet);20210716;197;20.7;18.2;28.5;;;;61.0;42.0;90.0;0.4;233.1;3.5;32;28.1;1454;1087;886;713;635;498;;;;;;;;;
Fransåker (Lantmet);20210717;198;21.9;12.1;28.2;;;;67.2;46.0;90.0;0.0;233.1;2.6;205;34.2;1476;1106;903;728;649;510;;;;;;;;;
Fransåker (Lantmet);20210718;199;19.4;16.2;26.2;;;;65.1;49.0;98.0;1.0;234.1;2.5;311;21.0;1495;1122;917;740;661;519;;;;;;;;;
Fransåker (Lantmet);20210719;200;16.3;10.0;21.4;;;;60.3;42.0;90.0;0.0;234.1;2.5;301;29.3;1511;1136;929;749;669;526;;;;;;;;;
Fransåker (Lantmet);20210720;201;17.5;11.9;21.7;;;;66.3;47.0;88.0;2.3;236.4;2.2;271;16.3;1529;1150;941;760;678;533;;;;;;;;;
Fransåker (Lantmet);20210721;202;16.3;9.5;22.0;;;;57.1;36.0;79.0;0.0;236.4;2.6;317;37.3;1545;1164;953;769;687;540;;;;;;;;;
Fransåker (Lantmet);20210722;203;19.7;9.8;27.4;;;;60.5;39.0;93.0;0.0;236.4;2.7;268;28.5;1565;1180;967;782;698;549;;;;;;;;;
Fransåker (Lantmet);20210723;204;17.3;12.1;24.0;;;;59.7;42.0;86.0;0.1;236.5;2.5;347;33.6;1582;1195;980;792;708;557;;;;;;;;;
Fransåker (Lantmet);20210724;205;19.1;9.9;26.1;;;;66.5;37.0;98.0;0.0;236.5;1.8;228;33.5;1601;1211;994;804;719;566;;;;;;;;;
Fransåker (Lantmet);20210725;206;21.4;12.9;28.2;;;;61.2;35.0;95.0;0.0;236.5;1.7;185;35.9;1623;1229;1010;819;732;577;;;;;;;;;
Fransåker (Lantmet);20210726;207;20.8;12.3;27.4;;;;69.0;40.0;96.0;0.0;236.5;2.4;97;26.1;1643;1247;1026;833;745;588;;;;;;;;;
Fransåker (Lantmet);20210727;208;23.5;16.6;30.2;;;;69.4;39.0;97.0;0.3;236.8;3.6;89;24.7;1667;1268;1044;849;761;601;;;;;;;;;
Fransåker (Lantmet);20210728;209;19.7;17.8;25.7;;;;91.0;77.0;100.0;6.0;242.8;1.3;316;16.3;1687;1284;1059;862;772;611;;;;;;;;;
Fransåker (Lantmet);20210729;210;17.9;14.6;23.8;;;;82.8;56.0;99.0;3.2;246.0;2.8;224;22.6;1705;1299;1072;873;782;619;;;;;;;;;
Fransåker (Lantmet);20210730;211;16.1;11.9;20.7;;;;78.0;53.0;93.0;3.9;249.9;2.6;227;15.9;1721;1312;1083;882;790;625;;;;;;;;;
Fransåker (Lantmet);20210731;212;17.8;13.6;22.4;;;;81.1;61.0;96.0;1.9;251.8;2.2;225;19.2;1738;1327;1096;893;800;633;;;;;;;;;
Fransåker (Lantmet);20210801;213;17.5;14.3;21.2;;;;76.8;49.0;98.0;0.4;252.2;2.1;240;16.2;1756;1341;1108;903;810;640;;;;;;;;;
Fransåker (Lantmet);20210802;214;14.3;11.1;18.9;;;;82.3;69.0;94.0;3.3;255.5;2.9;309;19.5;1770;1353;1118;910;816;645;;;;;;;;;
Fransåker (Lantmet);20210803;215;14.7;9.1;19.7;;;;61.6;39.0;90.0;0.0;255.5;2.3;308;21.0;1785;1364;1127;918;822;649;;;;;;;;;
Fransåker (Lantmet);20210804;216;15.9;9.1;21.3;;;;65.3;39.0;97.0;0.1;255.6;0.9;332;18.7;1801;1377;1138;927;830;655;;;;;;;;;
Fransåker (Lantmet);20210805;217;16.4;8.0;22.3;;;;69.6;43.0;100.0;0.1;255.7;1.7;152;25.1;1817;1391;1150;936;839;662;;;;;;;;;
Fransåker (Lantmet);20210806;218;16.0;7.0;22.6;;;;67.9;39.0;99.0;0.0;255.7;2.5;61;24.8;1833;1404;1161;945;847;668;;;;;;;;;
Fransåker (Lantmet);20210807;219;14.7;10.5;19.9;;;;91.2;71.0;100.0;34.9;290.6;2.6;33;12.4;1848;1416;1171;953;854;673;;;;;;;;;
Fransåker (Lantmet);20210808;220;16.4;12.8;19.1;;;;89.5;77.0;98.0;1.7;292.3;2.4;183;15.4;1864;1429;1182;963;862;679;;;;;;;;;
Fransåker (Lantmet);20210809;221;16.9;13.0;21.3;;;;87.6;66.0;100.0;2.3;294.6;2.3;204;15.1;1881;1443;1194;972;871;686;;;;;;;;;
Fransåker (Lantmet);20210810;222;16.6;13.1;20.6;;;;86.2;66.0;100.0;3.4;298.0;1.8;193;15.2;1898;1456;1205;982;879;693;;;;;;;;;
Fransåker (Lantmet);20210811;223;16.8;10.7;22.4;;;;80.5;54.0;100.0;0.0;298.0;1.1;184;14.7;1915;1470;1217;992;888;700;;;;;;;;;
Fransåker (Lantmet);20210812;224;17.6;9.8;23.9;;;;77.8;56.0;100.0;0.4;298.4;1.8;250;23.8;1932;1485;1230;1002;898;707;;;;;;;;;
Fransåker (Lantmet);20210813;225;18.4;11.8;23.9;;;;82.4;56.0;98.0;0.3;298.7;2.4;212;15.7;1951;1500;1243;1014;908;716;;;;;;;;;
Fransåker (Lantmet);20210814;226;16.9;14.1;20.6;;;;77.5;56.0;100.0;1.9;300.6;4.5;223;14.4;1968;1514;1255;1024;917;722;;;;;;;;;
Fransåker (Lantmet);20210815;227;15.4;12.3;18.0;;;;76.8;63.0;94.0;4.3;304.9;4.5;243;10.9;1983;1526;1265;1032;924;728;;;;;;;;;
Fransåker (Lantmet);20210816;228;14.6;11.2;17.3;;;;90.4;79.0;98.0;6.9;311.8;2.1;180;11.1;1998;1538;1275;1040;931;732;;;;;;;;;
Fransåker (Lantmet);20210817;229;14.1;12.7;16.3;;;;98.0;94.0;100.0;14.6;326.4;1.8;77;10.6;2012;1549;1284;1047;937;737;;;;;;;;;
Fransåker (Lantmet);20210818;230;13.0;9.7;15.7;;;;94.5;84.0;100.0;13.3;339.7;3.0;228;10.6;2025;1559;1292;1053;942;740;;;;;;;;;
Fransåker (Lantmet);20210819;231;13.7;11.0;17.5;;;;76.4;60.0;95.0;2.3;342.0;3.6;261;11.4;2038;1570;1301;1059;948;743;;;;;;;;;
Fransåker (Lantmet);20210820;232;14.6;9.2;20.0;;;;69.0;49.0;93.0;0.4;342.4;2.3;252;25.1;2053;1582;1311;1067;955;748;;;;;;;;;
Fransåker (Lantmet);20210821;233;13.0;8.2;18.4;;;;73.6;50.0;96.0;0.3;342.7;2.6;309;22.0;2066;1592;1319;1073;960;751;;;;;;;;;
Fransåker (Lantmet);20210822;234;12.6;4.7;17.8;;;;73.3;49.0;98.0;0.2;342.9;2.0;339;20.7;2079;1601;1326;1079;964;755;;;;;;;;;
Fransåker (Lantmet);20210823;235;12.7;7.4;17.7;;;;73.3;48.0;100.0;0.0;342.9;2.3;343;23.0;2091;1611;1334;1085;969;758;;;;;;;;;
Fransåker (Lantmet);20210824;236;12.8;5.0;18.0;;;;76.0;52.0;100.0;1.9;344.8;2.0;302;17.0;2104;1621;1342;1090;974;761;;;;;;;;;
Fransåker (Lantmet);20210825;237;13.3;10.8;16.9;;;;87.0;70.0;98.0;18.2;363.0;3.7;294;11.0;2118;1631;1350;1097;980;765;;;;;;;;;
Fransåker (Lantmet);20210826;238;12.8;9.8;14.8;;;;95.4;91.0;98.0;13.2;376.2;4.4;28;9.6;2130;1641;1358;1103;984;767;;;;;;;;;
Fransåker (Lantmet);20210827;239;13.3;12.1;14.0;;;;96.3;94.0;99.0;1.9;378.1;4.0;31;9.3;2144;1651;1366;1109;990;771;;;;;;;;;
Fransåker (Lantmet);20210828;240;14.1;12.9;15.2;;;;93.3;90.0;96.0;0.4;378.5;4.3;17;9.7;2158;1662;1375;1116;996;775;;;;;;;;;
Fransåker (Lantmet);20210829;241;15.0;12.6;19.0;;;;87.6;73.0;98.0;3.3;381.8;3.6;359;9.2;2173;1674;1385;1124;1003;780;;;;;;;;;
Fransåker (Lantmet);20210830;242;14.3;8.3;20.7;;;;81.2;55.0;99.0;0.3;382.1;2.9;8;19.2;2187;1685;1394;1131;1009;784;;;;;;;;;
Fransåker (Lantmet);20210831;243;12.7;6.0;17.4;;;;77.3;53.0;98.0;0.0;382.1;3.1;345;23.7;2200;1695;1402;1137;1014;787;;;;;;;;;
Fransåker (Lantmet);20210901;244;13.2;8.2;16.8;;;;68.3;52.0;83.0;0.2;382.3;4.0;329;12.4;2213;1705;1410;1143;1019;790;;;;;;;;;
Fransåker (Lantmet);20210902;245;13.0;5.3;19.3;;;;65.9;48.0;84.0;0.0;382.3;3.1;304;13.6;2226;1715;1418;1149;1024;794;;;;;;;;;
Fransåker (Lantmet);20210903;246;11.3;9.1;16.3;;;;63.1;43.0;99.0;0.0;382.3;3.5;330;15.4;2237;1724;1425;1154;1028;796;;;;;;;;;
Fransåker (Lantmet);20210904;247;8.4;2.7;14.4;;;;72.5;45.0;96.0;0.0;382.3;2.5;342;19.8;2246;1729;1428;1156;1030;797;;;;;;;;;
Fransåker (Lantmet);20210905;248;9.2;-0.2;16.8;;;;77.0;45.0;100.0;0.1;382.4;1.9;204;12.1;2255;1736;1434;1160;1033;800;;;;;;;;;
Fransåker (Lantmet);20210906;249;13.3;7.6;18.0;;;;81.5;58.0;97.0;0.1;382.5;2.3;251;10.3;2268;1746;1442;1167;1039;803;;;;;;;;;
Fransåker (Lantmet);20210907;250;14.3;8.8;18.5;;;;83.5;68.0;97.0;0.0;382.5;3.1;238;9.5;2282;1757;1451;1174;1045;807;;;;;;;;;
Fransåker (Lantmet);20210908;251;17.4;14.0;22.3;;;;81.3;61.0;93.0;0.0;382.5;3.3;245;10.9;2300;1772;1464;1184;1054;815;;;;;;;;;
Fransåker (Lantmet);20210909;252;16.1;12.1;22.0;;;;86.5;65.0;100.0;0.0;382.5;2.3;237;17.8;2316;1785;1475;1193;1062;821;;;;;;;;;
Fransåker (Lantmet);20210910;253;14.0;11.1;17.4;;;;96.3;90.0;100.0;0.1;382.6;1.9;180;7.7;2330;1796;1484;1200;1068;825;;;;;;;;;
Fransåker (Lantmet);20210911;254;15.1;13.2;18.3;;;;95.3;83.0;100.0;5.1;387.7;1.2;134;8.1;2345;1808;1494;1209;1076;830;;;;;;;;;
Fransåker (Lantmet);20210912;255;15.8;13.9;18.4;;;;96.4;90.0;100.0;12.3;400.0;2.3;217;8.2;2361;1821;1505;1217;1083;836;;;;;;;;;
Fransåker (Lantmet);20210913;256;11.2;8.3;16.6;;;;78.3;52.0;96.0;0.3;400.3;3.5;314;14.4;2372;1829;1511;1222;1087;838;;;;;;;;;
Fransåker (Lantmet);20210914;257;10.0;3.6;15.8;;;;79.4;49.0;100.0;0.2;400.5;1.6;302;14.2;2382;1836;1516;1225;1090;839;;;;;;;;;
Fransåker (Lantmet);20210915;258;10.8;7.0;15.9;;;;79.5;55.0;100.0;1.1;401.6;1.8;63;14.9;2393;1844;1522;1229;1093;841;;;;;;;;;
Fransåker (Lantmet);20210916;259;8.7;3.5;11.7;;;;81.7;68.0;98.0;0.0;401.6;2.8;56;7.0;2401;1849;1525;1231;1094;841;;;;;;;;;
Fransåker (Lantmet);20210917;260;9.4;7.9;10.8;;;;78.0;70.0;86.0;0.1;401.7;3.4;43;6.8;2411;1856;1530;1234;1096;842;;;;;;;;;
Fransåker (Lantmet);20210918;261;9.3;8.2;11.7;;;;76.7;64.0;84.0;1.7;403.4;2.4;43;7.1;2420;1862;1534;1236;1097;842;;;;;;;;;
Fransåker (Lantmet);20210919;262;8.4;3.9;11.3;;;;75.2;64.0;89.0;0.0;403.4;2.3;26;6.7;2428;1867;1538;1238;1098;842;;;;;;;;;
Fransåker (Lantmet);20210920;263;7.4;4.7;10.8;;;;76.6;62.0;98.0;0.0;403.4;1.7;32;7.4;2436;1872;1540;1239;1099;842;;;;;;;;;
Fransåker (Lantmet);20210921;264;6.2;-0.5;11.2;;;;90.8;69.0;100.0;1.0;404.4;1.1;159;6.9;2442;1876;1543;1240;1099;842;;;;;;;;;
Fransåker (Lantmet);20210922;265;10.6;7.0;13.5;;;;85.7;67.0;99.0;0.0;404.4;2.4;158;7.0;2453;1884;1548;1244;1102;843;;;;;;;;;
Fransåker (Lantmet);20210923;266;11.4;9.4;13.1;;;;90.2;79.0;98.0;10.7;415.1;4.3;212;6.3;2464;1892;1555;1248;1105;845;;;;;;;;;
Fransåker (Lantmet);20210924;267;8.9;7.0;11.3;;;;90.0;72.0;98.0;1.8;416.9;4.2;290;6.1;2473;1898;1559;1250;1106;845;;;;;;;;;
Fransåker (Lantmet);20210925;268;11.7;7.7;16.6;;;;77.7;47.0;99.0;0.0;416.9;2.7;291;16.3;2485;1907;1565;1255;1110;847;;;;;;;;;
Fransåker (Lantmet);20210926;269;10.1;2.5;18.2;;;;77.8;43.0;100.0;0.0;416.9;1.2;178;14.5;2495;1914;1571;1259;1114;850;;;;;;;;;
Fransåker (Lantmet);20210927;270;11.6;6.8;16.4;;;;84.6;58.0;99.0;0.0;416.9;3.3;129;15.0;2506;1922;1578;1264;1117;852;;;;;;;;;
Fransåker (Lantmet);20210928;271;12.0;9.5;14.1;;;;77.1;67.0;98.0;1.8;418.7;4.9;140;5.6;2518;1931;1585;1269;1121;854;;;;;;;;;
Fransåker (Lantmet);20210929;272;11.8;10.4;14.2;;;;79.8;70.0;95.0;0.1;418.8;4.3;129;6.3;2530;1940;1591;1273;1125;856;;;;;;;;;
Fransåker (Lantmet);20210930;273;10.8;8.5;12.1;;;;89.4;79.0;100.0;2.1;420.9;4.3;121;5.3;2541;1948;1597;1277;1128;857;;;;;;;;;
