"date","air.temp","glorad","n","year","doy"
2015-01-06,-16.7,53.9,24,2015,6
2015-01-07,-14.9,62.7,24,2015,7
2015-01-08,-23.4,36.2,24,2015,8
2015-01-09,-9.64,68.5,24,2015,9
2015-01-10,-13.2,81.8,24,2015,10
2015-01-11,-9.86,38.9,24,2015,11
2015-01-12,-3.75,33.6,24,2015,12
2015-01-13,-18.8,101,24,2015,13
2015-01-14,-21.2,104,24,2015,14
2015-01-15,-17.8,46.8,24,2015,15
2015-01-16,-8.41,102,24,2015,16
2015-01-17,-19.7,55,24,2015,17
2015-01-18,-10.7,29.7,24,2015,18
2015-01-19,-3.64,32.4,24,2015,19
2015-01-20,-16.4,109,24,2015,20
2015-01-21,-16.1,111,24,2015,21
2015-01-22,-14.8,110,24,2015,22
2015-01-23,-8.06,89,24,2015,23
2015-01-24,-2,29.3,24,2015,24
2015-01-25,-10,117,24,2015,25
2015-01-26,-17.4,114,24,2015,26
2015-01-27,-14.5,112,24,2015,27
2015-01-28,-12.8,123,24,2015,28
2015-01-29,-14,39.1,24,2015,29
2015-01-30,-9.11,111,24,2015,30
2015-01-31,-19.2,128,24,2015,31
2015-02-01,-16.7,119,24,2015,32
2015-02-02,-18.5,66.6,24,2015,33
2015-02-03,-18,87.6,24,2015,34
2015-02-04,-8.39,44.8,24,2015,35
2015-02-05,-13.5,140,24,2015,36
2015-02-06,-18.3,115,24,2015,37
2015-02-07,-12.3,70.9,24,2015,38
2015-02-08,-14.8,36.7,24,2015,39
2015-02-09,-13.5,38.9,24,2015,40
2015-02-10,-9.52,129,24,2015,41
2015-02-11,-12.6,95.1,24,2015,42
2015-02-12,-12.1,103,24,2015,43
2015-02-13,-21.8,155,24,2015,44
2015-02-14,-18.9,92.8,24,2015,45
2015-02-15,-17.9,158,24,2015,46
2015-02-16,-21.9,165,24,2015,47
2015-02-17,-20.2,123,24,2015,48
2015-02-18,-15.2,120,24,2015,49
2015-02-19,-14.8,119,24,2015,50
2015-02-20,-19.3,167,24,2015,51
2015-02-21,-15.9,47.9,24,2015,52
2015-02-22,-9.23,105,24,2015,53
2015-02-23,-16.9,182,24,2015,54
2015-02-24,-19.7,98.1,24,2015,55
2015-02-25,-10.3,160,24,2015,56
2015-02-26,-17.6,174,24,2015,57
2015-02-27,-16.4,194,24,2015,58
2015-02-28,-13,193,24,2015,59
2015-03-01,-10.8,132,24,2015,60
2015-03-02,-5.89,153,24,2015,61
2015-03-06,-14.8,200,24,2015,65
2015-03-07,-7.09,6.48,24,2015,66
2015-05-02,15,319,24,2015,122
2015-05-03,17.7,266,24,2015,123
2015-05-04,18.5,192,24,2015,124
2015-05-05,14.7,308,24,2015,125
2015-05-06,15,315,24,2015,126
2015-05-07,19,320,24,2015,127
2015-05-08,21.2,303,24,2015,128
2015-05-09,22.7,167,24,2015,129
2015-05-10,18.3,108,24,2015,130
2015-05-11,11,41.4,24,2015,131
2015-05-12,12.6,161,24,2015,132
2015-05-13,11,327,24,2015,133
2015-05-14,11.7,335,24,2015,134
2015-05-15,13,191,24,2015,135
2015-05-16,16.6,99.4,24,2015,136
2015-05-17,17.9,329,24,2015,137
2015-05-18,19.3,229,24,2015,138
2015-05-19,21.3,300,24,2015,139
2015-05-20,10.4,328,24,2015,140
2015-05-21,13.3,292,24,2015,141
2015-05-22,10.1,283,24,2015,142
2015-05-23,7.72,293,24,2015,143
2015-05-24,17.2,237,24,2015,144
2015-05-25,18,56.5,24,2015,145
2015-05-26,21.2,275,24,2015,146
2015-05-27,23.1,199,24,2015,147
2015-05-28,20.1,188,24,2015,148
2015-05-29,17.9,296,24,2015,149
2015-05-30,22.6,175,24,2015,150
2015-05-31,11.5,162,24,2015,151
2015-06-01,13,222,24,2015,152
2015-06-02,12.1,170,24,2015,153
2015-06-03,12.8,343,24,2015,154
2015-06-04,16.8,337,24,2015,155
2015-06-05,20.1,148,24,2015,156
2015-06-06,14.4,362,24,2015,157
2015-06-07,14.4,280,24,2015,158
2015-06-08,19.3,101,24,2015,159
2015-06-09,17.7,83.2,24,2015,160
2015-06-10,17.8,204,24,2015,161
2015-06-11,18.2,214,24,2015,162
2015-06-12,18.2,69.4,24,2015,163
2015-06-13,17.8,317,24,2015,164
2015-06-14,18.8,234,24,2015,165
2015-06-15,20.3,273,24,2015,166
2015-06-16,21.4,182,24,2015,167
2015-06-17,17.1,308,24,2015,168
2015-06-18,20,314,24,2015,169
2015-06-19,16.2,364,24,2015,170
2015-06-20,16.7,353,24,2015,171
2015-06-21,21.3,223,24,2015,172
2015-06-22,21.8,333,24,2015,173
2015-06-23,21.9,220,24,2015,174
2015-06-24,18.8,341,24,2015,175
2015-06-25,18.3,285,24,2015,176
2015-06-26,18,330,24,2015,177
2015-06-27,18.2,193,24,2015,178
2015-06-28,16.1,65.6,24,2015,179
2015-06-29,15.6,225,24,2015,180
2015-06-30,18.8,191,24,2015,181
2015-07-01,18,98.8,24,2015,182
2015-07-02,16.3,356,24,2015,183
2015-07-03,18.2,337,24,2015,184
2015-07-04,18.8,279,24,2015,185
2015-07-05,21,311,24,2015,186
2015-07-06,22.1,288,24,2015,187
2015-07-07,24.5,251,24,2015,188
2015-07-08,18.8,327,24,2015,189
2015-07-09,18.2,168,24,2015,190
2015-07-10,20.4,314,24,2015,191
2015-07-11,23,312,24,2015,192
2015-07-12,25.1,281,24,2015,193
2015-07-13,23.9,312,24,2015,194
2015-07-14,23.2,169,24,2015,195
2015-07-15,16,335,24,2015,196
2015-07-16,16.9,339,24,2015,197
2015-07-17,17.5,145,24,2015,198
2015-07-18,20.4,202,24,2015,199
2015-07-19,25.1,221,24,2015,200
2015-07-20,23.1,310,24,2015,201
2015-07-21,22.4,256,24,2015,202
2015-07-22,19.4,242,24,2015,203
2015-07-23,20.2,259,24,2015,204
2015-07-24,20,272,24,2015,205
2015-07-25,20,181,24,2015,206
2015-07-26,22.5,253,24,2015,207
2015-07-27,24.7,294,24,2015,208
2015-07-28,24.7,311,24,2015,209
2015-07-29,26.7,293,24,2015,210
2015-07-30,25.3,224,24,2015,211
2015-07-31,23.4,273,24,2015,212
2015-08-01,20.1,250,24,2015,213
2015-08-02,19.9,245,24,2015,214
2015-08-03,20.8,171,24,2015,215
2015-08-04,19.9,275,24,2015,216
2015-08-05,18.4,282,24,2015,217
2015-08-06,18.7,214,24,2015,218
2015-08-07,18,214,24,2015,219
2015-08-08,18,224,24,2015,220
2015-08-09,19.1,291,24,2015,221
2015-08-10,19.7,256,24,2015,222
2015-08-11,20.8,109,24,2015,223
2015-08-12,18.6,125,24,2015,224
2015-08-13,18.4,266,24,2015,225
2015-08-14,20.9,132,24,2015,226
2015-08-15,22.5,190,24,2015,227
2015-08-16,23.6,246,24,2015,228
2015-08-17,25.2,261,24,2015,229
2015-08-18,25.7,211,24,2015,230
2015-08-19,24,187,24,2015,231
2015-08-20,25.4,133,24,2015,232
2015-08-21,20.7,190,24,2015,233
2015-08-22,20.1,276,24,2015,234
2015-08-23,19.2,231,24,2015,235
2015-08-24,20.3,158,24,2015,236
2015-08-25,18.3,125,24,2015,237
2015-08-26,17.1,149,24,2015,238
2015-08-27,17.2,165,24,2015,239
2015-08-28,15.6,195,24,2015,240
2015-08-29,17.5,127,24,2015,241
2015-08-30,19.7,209,24,2015,242
2015-08-31,21.1,179,24,2015,243
2015-09-01,20.4,223,24,2015,244
2015-09-02,21.7,123,24,2015,245
2015-09-03,23.1,234,24,2015,246
2015-09-04,20.4,258,24,2015,247
2015-09-05,19.8,224,24,2015,248
2015-09-06,23.3,210,24,2015,249
2015-09-07,25.7,194,24,2015,250
2015-09-08,23.9,157,24,2015,251
2015-09-09,23.5,80.6,24,2015,252
2015-09-10,18.8,190,24,2015,253
2015-09-11,17.5,180,24,2015,254
2015-09-12,14.8,35.6,24,2015,255
2015-09-13,15.3,54.2,24,2015,256
2015-09-14,17,209,24,2015,257
2015-09-15,19.4,227,24,2015,258
2015-09-16,21.3,223,24,2015,259
2015-09-17,21.9,222,24,2015,260
2015-09-18,21.4,207,24,2015,261
2015-09-19,21.6,74.7,24,2015,262
2015-09-20,14.3,226,24,2015,263
2015-09-21,12.5,183,24,2015,264
2015-09-22,14.6,214,24,2015,265
2015-09-23,16.2,195,24,2015,266
2015-09-24,16.8,212,24,2015,267
2015-09-25,13.6,106,24,2015,268
2015-09-26,11.3,214,24,2015,269
2015-09-27,13.3,203,24,2015,270
2015-09-28,17.2,64.7,24,2015,271
2015-09-29,18.9,38.2,24,2015,272
2015-09-30,13,114,24,2015,273
2015-10-01,9.08,204,24,2015,274
2015-10-02,8.69,171,24,2015,275
2015-10-03,8.4,191,24,2015,276
2015-10-04,9.4,153,24,2015,277
2015-10-05,11.9,106,24,2015,278
2015-10-06,13.1,63.5,24,2015,279
2015-10-07,13.2,161,24,2015,280
2015-10-08,8.52,172,24,2015,281
2015-10-09,7.82,28.8,24,2015,282
2015-10-10,6.64,177,24,2015,283
2015-10-11,12,119,24,2015,284
2015-10-12,15.4,158,24,2015,285
2015-10-13,15,55.7,24,2015,286
2015-10-14,10.2,95.2,24,2015,287
2015-10-15,6.36,80.2,24,2015,288
2015-10-16,8.25,102,24,2015,289
2015-10-17,4.36,102,24,2015,290
2015-10-18,-0.0304,76,24,2015,291
2015-10-19,-0.314,86.3,24,2015,292
2015-10-20,11.5,135,24,2015,293
2015-10-21,7.46,77.9,24,2015,294
2015-10-22,9.11,124,24,2015,295
2015-10-23,4.76,139,24,2015,296
2015-10-24,3.16,61.8,24,2015,297
2015-10-25,9.02,91.2,24,2015,298
2015-10-26,3.89,148,24,2015,299
2015-10-28,3.27,13.2,24,2015,301
2015-10-29,9.33,79.4,24,2015,302
2015-10-30,5.83,113,24,2015,303
2015-10-31,1.16,62.6,24,2015,304
2015-11-01,7.73,30.2,24,2015,305
2015-11-02,9.49,82.7,24,2015,306
2015-11-03,9.11,114,24,2015,307
2015-11-04,7.45,120,24,2015,308
2015-11-05,10.4,103,24,2015,309
2015-11-06,16.5,27.5,24,2015,310
2015-11-07,9.15,93.8,24,2015,311
2015-11-08,3.75,119,24,2015,312
2015-11-09,5.17,116,24,2015,313
2015-11-10,3.58,72.1,24,2015,314
2015-11-11,9.07,36.2,24,2015,315
2015-11-12,8.52,6.71,24,2015,316
2015-11-13,7.91,24.8,24,2015,317
2015-11-14,0.742,37.8,24,2015,318
2015-11-15,2.77,34.1,24,2015,319
2015-11-16,5.21,110,24,2015,320
2015-11-17,0.446,106,24,2015,321
2015-11-18,1.44,49.4,24,2015,322
2015-11-19,11.8,29.6,24,2015,323
2015-11-20,7.47,90.3,24,2015,324
2015-11-21,1.39,47.6,24,2015,325
2015-11-22,3.38,43.2,24,2015,326
2015-11-23,-2.77,96,24,2015,327
2015-11-24,-3.35,34.4,24,2015,328
2015-11-25,-3.65,51.7,24,2015,329
2015-11-26,3.8,22.6,24,2015,330
2015-11-27,11.1,6.25,24,2015,331
2015-11-28,-1.46,65.1,24,2015,332
2015-11-29,-3.87,35.5,24,2015,333
2015-11-30,-3.83,44.7,24,2015,334
2015-12-01,-3.66,34.5,24,2015,335
2015-12-02,1.23,12.3,24,2015,336
2015-12-03,1.98,31.5,24,2015,337
2015-12-04,2.87,21.5,24,2015,338
2015-12-05,5.51,71.9,24,2015,339
2015-12-06,4.58,74.5,24,2015,340
2015-12-07,1.94,35,24,2015,341
2015-12-08,1.56,31.7,24,2015,342
2015-12-09,3.17,56.8,24,2015,343
2015-12-10,6.61,71.2,24,2015,344
2015-12-11,9.4,52.9,24,2015,345
2015-12-12,7.04,65.3,24,2015,346
2015-12-13,2.72,27.3,24,2015,347
2015-12-14,1.87,14,24,2015,348
2015-12-15,4.8,22.6,24,2015,349
2015-12-16,0.918,21.2,24,2015,350
2015-12-17,1.83,4.63,24,2015,351
2015-12-18,3.02,22.9,24,2015,352
2015-12-19,-0.737,42.5,24,2015,353
2015-12-20,-3.66,45,24,2015,354
2015-12-22,2.96,7.18,24,2015,356
2015-12-23,3.62,15.7,24,2015,357
2015-12-24,9.98,73.3,24,2015,358
2015-12-25,5.91,49.1,24,2015,359
2015-12-26,0.798,61.7,24,2015,360
2015-12-27,0.0904,19.8,24,2015,361
2015-12-28,-7.23,60.2,24,2015,362
2015-12-29,-9.7,13.4,24,2015,363
2015-12-30,-7.42,21.6,24,2015,364
2015-12-31,-4.23,26.6,24,2015,365
2016-01-01,-1.85,33.1,24,2016,1
2016-01-02,-2.37,25.3,24,2016,2
2016-01-03,-1.99,39.8,24,2016,3
2016-01-05,-16.6,106,24,2016,5
2016-01-06,-9.25,79,24,2016,6
2016-01-07,-5.54,62.7,24,2016,7
2016-01-08,-5.41,54.6,24,2016,8
2016-01-09,-0.215,13.8,24,2016,9
2016-01-10,2.52,11.8,24,2016,10
2016-01-11,-6.61,93.5,24,2016,11
2016-01-12,-11.2,26.2,24,2016,12
2016-01-13,-10.3,98.2,24,2016,13
2016-01-14,-12.3,73.7,24,2016,14
2016-01-15,-10.6,32.3,24,2016,15
2016-01-16,-6.53,19.7,24,2016,16
2016-01-17,-9.28,43.3,24,2016,17
2016-01-18,-9.97,106,24,2016,18
2016-01-19,-15.3,46.8,24,2016,19
2016-01-20,-9.61,104,24,2016,20
2016-01-21,-10.6,105,24,2016,21
2016-01-22,-8.08,71.3,24,2016,22
2016-01-23,-11,112,24,2016,23
2016-01-24,-12.4,53.3,24,2016,24
2016-01-25,-5.16,69.4,24,2016,25
2016-01-26,-0.223,15.4,24,2016,26
2016-01-27,-3.17,101,24,2016,27
2016-01-28,-4.81,17.2,24,2016,28
2016-01-29,-2.7,52.2,24,2016,29
2016-01-30,-9.57,20.4,24,2016,30
2016-01-31,-2.45,45.7,24,2016,31
2016-02-01,3.44,105,24,2016,32
2016-02-02,-3.34,124,24,2016,33
2016-02-03,-2.29,21.6,24,2016,34
2016-02-04,2.55,52.5,24,2016,35
2016-02-05,-4.47,130,24,2016,36
2016-02-06,-2.94,69.8,24,2016,37
2016-02-07,-2.19,37,24,2016,38
2016-02-08,-7.5,72.9,24,2016,39
2016-02-09,-7.44,82.5,24,2016,40
2016-02-10,-6.52,76,24,2016,41
2016-02-11,-14.6,105,24,2016,42
2016-02-12,-15.1,86.1,24,2016,43
2016-02-13,-21.4,137,24,2016,44
2016-02-14,-25.1,155,24,2016,45
2016-02-15,-18.9,129,24,2016,46
2016-02-16,-7.68,21.4,24,2016,47
2016-02-17,-4.69,99.8,24,2016,48
2016-02-18,-13.5,165,24,2016,49
2016-02-19,-14.2,58.9,24,2016,50
2016-02-20,0.816,49.4,24,2016,51
2016-02-21,0.671,109,24,2016,52
2016-02-22,-10.7,176,24,2016,53
2016-02-23,-13,79.1,24,2016,54
2016-02-24,-4.15,44.2,24,2016,55
2016-02-25,0.506,51.4,24,2016,56
2016-02-26,-9.73,186,24,2016,57
2016-02-27,-8.18,101,24,2016,58
2016-02-28,-3.41,44.8,24,2016,59
2016-02-29,-5.25,129,24,2016,60
2016-03-01,-11.5,143,24,2016,61
2016-03-02,-10.3,172,24,2016,62
2016-03-03,-14.9,204,24,2016,63
2016-03-04,-14.6,189,24,2016,64
2016-03-05,-10.3,167,24,2016,65
2016-03-06,-4.82,187,24,2016,66
2016-03-07,1.21,53.7,24,2016,67
2016-03-08,3.2,113,24,2016,68
2016-03-09,4.38,60.7,24,2016,69
2016-03-10,5.79,41.1,24,2016,70
2016-03-11,1.47,216,24,2016,71
2016-03-12,1.41,194,24,2016,72
2016-03-13,5.18,196,24,2016,73
2016-03-14,1.41,31.1,24,2016,74
2016-03-15,2.39,27.8,24,2016,75
2016-03-16,4.3,117,24,2016,76
2016-03-17,4.53,144,24,2016,77
2016-03-18,1.33,236,24,2016,78
2016-03-19,-4.61,241,24,2016,79
2016-03-20,-3.43,241,24,2016,80
2016-03-21,-2.17,205,24,2016,81
2016-03-22,-0.63,167,24,2016,82
2016-03-23,0.526,211,24,2016,83
2016-03-24,-3.44,36,24,2016,84
2016-03-25,-1.75,67.5,24,2016,85
2016-03-26,-2.18,247,24,2016,86
2016-03-27,2.59,232,24,2016,87
2016-03-28,4.62,19.9,24,2016,88
2016-03-29,1.83,263,24,2016,89
2016-03-30,3.11,177,24,2016,90
2016-03-31,7.47,27,24,2016,91
2016-04-01,11.2,118,24,2016,92
2016-04-02,3.07,161,24,2016,93
2016-04-03,-5.57,234,24,2016,94
2016-04-04,-6.29,259,24,2016,95
2016-04-05,-4.69,282,24,2016,96
2016-04-06,-2.36,74.8,24,2016,97
2016-04-07,1.4,89.9,24,2016,98
2016-04-08,-0.509,134,24,2016,99
2016-04-09,-5.11,291,24,2016,100
2016-04-10,-3.63,275,24,2016,101
2016-04-11,0.219,33.2,24,2016,102
2016-04-12,3.41,193,24,2016,103
2016-04-13,1.48,286,24,2016,104
2016-04-14,3.52,274,24,2016,105
2016-04-15,6.73,269,24,2016,106
2016-04-16,9.79,270,24,2016,107
2016-04-17,11.8,282,24,2016,108
2016-04-18,11.9,155,24,2016,109
2016-04-19,7.6,297,24,2016,110
2016-04-20,8.53,301,24,2016,111
2016-04-21,11.2,236,24,2016,112
2016-04-22,13.3,59.5,24,2016,113
2016-04-23,5.62,317,24,2016,114
2016-04-24,5.26,309,24,2016,115
2016-04-25,5.05,245,24,2016,116
2016-04-26,5.25,246,24,2016,117
2016-04-27,3.35,313,24,2016,118
2016-04-28,3.68,304,24,2016,119
2016-04-29,5.92,301,24,2016,120
2016-04-30,8.65,321,24,2016,121
2016-05-01,8.78,61.3,24,2016,122
2016-05-02,7.8,50.8,24,2016,123
2016-05-03,8.4,281,24,2016,124
2016-05-04,9.82,205,24,2016,125
2016-05-05,13.1,314,24,2016,126
2016-05-06,13.6,308,24,2016,127
2016-05-07,16,217,24,2016,128
2016-05-08,8.14,258,24,2016,129
2016-05-09,5.78,298,24,2016,130
2016-05-10,10.1,334,24,2016,131
2016-05-11,14,330,24,2016,132
2016-05-12,17.7,308,24,2016,133
2016-05-13,20.1,150,24,2016,134
2016-05-14,14.4,130,24,2016,135
2016-05-15,7.39,207,24,2016,136
2016-05-16,5.95,238,24,2016,137
2016-05-17,8.56,304,24,2016,138
2016-05-18,10.5,279,24,2016,139
2016-05-19,14.7,255,24,2016,140
2016-05-20,16,326,24,2016,141
2016-05-21,17.7,267,24,2016,142
2016-05-22,18.8,331,24,2016,143
2016-05-23,19.4,344,24,2016,144
2016-05-24,19.7,324,24,2016,145
2016-05-25,21,235,24,2016,146
2016-05-26,19.1,262,24,2016,147
2016-05-27,21.6,245,24,2016,148
2016-05-28,24.3,270,24,2016,149
2016-05-29,23.3,252,24,2016,150
2016-05-30,24.6,256,24,2016,151
2016-05-31,19.7,317,24,2016,152
2016-06-01,16.2,316,24,2016,153
2016-06-02,18.9,138,24,2016,154
2016-06-03,20.3,349,24,2016,155
2016-06-04,20.6,282,24,2016,156
2016-06-05,17.9,42,24,2016,157
2016-06-06,19,241,24,2016,158
2016-06-07,17,203,24,2016,159
2016-06-08,11.8,190,24,2016,160
2016-06-09,11.5,298,24,2016,161
2016-06-10,13.3,333,24,2016,162
2016-06-11,12.6,64.7,24,2016,163
2016-06-12,12.4,117,24,2016,164
2016-06-13,13.6,260,24,2016,165
2016-06-14,15.6,353,24,2016,166
2016-06-15,20.4,342,24,2016,167
2016-06-16,21.5,353,24,2016,168
2016-06-17,21.4,357,24,2016,169
2016-06-18,22.3,341,24,2016,170
2016-06-19,25.1,321,24,2016,171
2016-06-20,26,307,24,2016,172
2016-06-21,21.1,355,24,2016,173
2016-06-22,18,252,24,2016,174
2016-06-23,18.5,317,24,2016,175
2016-06-24,19.8,348,24,2016,176
2016-06-25,23.1,325,24,2016,177
2016-06-26,24.7,305,24,2016,178
2016-06-27,24.9,228,24,2016,179
2016-06-28,23.3,231,24,2016,180
2016-06-29,20,161,24,2016,181
2016-06-30,21.1,347,24,2016,182
2016-07-01,19.9,187,24,2016,183
2016-07-02,16.6,265,24,2016,184
2016-07-03,19.9,339,24,2016,185
2016-07-04,22.6,293,24,2016,186
2016-07-05,22.9,327,24,2016,187
2016-07-06,25.5,282,24,2016,188
2016-07-07,24.7,245,24,2016,189
2016-07-08,20.6,98.1,24,2016,190
2016-07-09,17.8,35.8,24,2016,191
2016-07-10,17.2,127,24,2016,192
2016-07-11,19.5,282,24,2016,193
2016-07-12,22.6,316,24,2016,194
2016-07-13,25,240,24,2016,195
2016-07-14,25,140,24,2016,196
2016-07-15,22.2,241,24,2016,197
2016-07-16,18.9,215,24,2016,198
2016-07-17,21.1,309,24,2016,199
2016-07-18,23.3,283,24,2016,200
2016-07-19,19.2,265,24,2016,201
2016-07-20,19.3,314,24,2016,202
2016-07-21,22.5,289,24,2016,203
2016-07-22,26.9,302,24,2016,204
2016-07-23,23.4,269,24,2016,205
2016-07-24,21.1,280,24,2016,206
2016-07-25,22.5,103,24,2016,207
2016-07-27,23.8,271,24,2016,209
2016-07-28,23.2,200,24,2016,210
2016-07-29,20.9,272,24,2016,211
2016-07-30,20,308,24,2016,212
2016-07-31,21.1,287,24,2016,213
2016-08-01,23.4,266,24,2016,214
2016-08-02,23,302,24,2016,215
2016-08-03,23.4,229,24,2016,216
2016-08-04,24.8,248,24,2016,217
2016-08-05,26.2,247,24,2016,218
2016-08-06,24.1,306,24,2016,219
2016-08-07,22.1,260,24,2016,220
2016-08-08,21.3,289,24,2016,221
2016-08-09,22.8,282,24,2016,222
2016-08-10,26.4,266,24,2016,223
2016-08-11,27.3,274,24,2016,224
2016-08-12,24.7,74.5,24,2016,225
2016-08-13,17.8,42,24,2016,226
2016-08-14,20.9,193,24,2016,227
2016-08-15,20.9,279,24,2016,228
2016-08-16,19.4,55.3,24,2016,229
2016-08-17,20.3,267,24,2016,230
2016-08-18,22.3,195,24,2016,231
2016-08-19,21.4,280,24,2016,232
2016-08-20,23.2,224,24,2016,233
2016-08-21,23.5,51.4,24,2016,234
2016-08-22,17.5,250,24,2016,235
2016-08-23,18.7,272,24,2016,236
2016-08-24,22.5,258,24,2016,237
2016-08-25,24.1,148,24,2016,238
2016-08-26,24.1,273,24,2016,239
2016-08-27,22.1,266,24,2016,240
2016-08-28,22.7,159,24,2016,241
2016-08-29,21.3,247,24,2016,242
2016-08-30,19.3,160,24,2016,243
2016-08-31,21.9,196,24,2016,244
2016-09-01,18.4,189,24,2016,245
2016-09-02,16.9,263,24,2016,246
2016-09-03,15.3,259,24,2016,247
2016-09-04,16.7,252,24,2016,248
2016-09-05,18.1,257,24,2016,249
2016-09-06,19.9,246,24,2016,250
2016-09-07,22.6,139,24,2016,251
2016-09-08,22.8,67.6,24,2016,252
2016-09-09,23.2,232,24,2016,253
2016-09-10,19.8,87.6,24,2016,254
2016-09-11,19.1,209,24,2016,255
2016-09-12,15.3,235,24,2016,256
2016-09-13,18.2,204,24,2016,257
2016-09-14,19,135,24,2016,258
2016-09-15,12.1,239,24,2016,259
2016-09-16,12.8,231,24,2016,260
2016-09-17,16.2,72.2,24,2016,261
2016-09-18,21.1,180,24,2016,262
2016-09-19,19.9,194,24,2016,263
2016-09-20,20.5,209,24,2016,264
2016-09-21,19.5,195,24,2016,265
2016-09-22,19.7,146,24,2016,266
2016-09-23,13.9,151,24,2016,267
2016-09-24,11.3,194,24,2016,268
2016-09-25,10.6,217,24,2016,269
2016-09-26,10,112,24,2016,270
2016-09-27,15.5,174,24,2016,271
2016-09-28,14,147,24,2016,272
2016-09-29,13.5,176,24,2016,273
2016-09-30,13.9,123,24,2016,274
2016-10-01,14.3,86.5,24,2016,275
2016-10-02,13.8,29.4,24,2016,276
2016-10-03,15.5,125,24,2016,277
2016-10-04,13.6,188,24,2016,278
2016-10-05,13.3,140,24,2016,279
2016-10-06,14.2,146,24,2016,280
2016-10-07,15.4,174,24,2016,281
2016-10-08,15.4,54.6,24,2016,282
2016-10-09,9.54,156,24,2016,283
2016-10-10,6.11,178,24,2016,284
2016-10-11,7.88,169,24,2016,285
2016-10-12,12.6,168,24,2016,286
2016-10-13,12.6,63.4,24,2016,287
2016-10-14,5.87,129,24,2016,288
2016-10-15,8.35,152,24,2016,289
2016-10-16,14.8,38.9,24,2016,290
2016-10-17,12.7,135,24,2016,291
2016-10-19,14.7,155,24,2016,293
2016-10-20,9.28,27.4,24,2016,294
2016-10-21,9.77,17,24,2016,295
2016-10-22,5.36,20.7,24,2016,296
2016-10-23,5.5,149,24,2016,297
2016-10-24,5.78,72.7,24,2016,298
2016-10-25,2.94,84.9,24,2016,299
2016-10-26,1.08,71.6,24,2016,300
2016-10-27,0.213,33.6,24,2016,301
2016-10-28,1.91,24.5,24,2016,302
2016-10-29,3.35,9.38,24,2016,303
2016-10-30,5.78,52,24,2016,304
2016-10-31,2.59,53.8,24,2016,305
2016-11-01,2.04,60.7,24,2016,306
2016-11-03,9.2,28,24,2016,308
2016-11-04,4.11,112,24,2016,309
2016-11-05,4.7,46.6,24,2016,310
2016-11-06,6.18,121,24,2016,311
2016-11-07,3.78,118,24,2016,312
2016-11-08,6.84,105,24,2016,313
2016-11-09,7.03,110,24,2016,314
2016-11-10,3.71,77.3,24,2016,315
2016-11-11,6.67,71.1,24,2016,316
2016-11-12,1.81,81,24,2016,317
2016-11-13,7.65,107,24,2016,318
2016-11-14,7.95,99.5,24,2016,319
2016-11-15,5.82,87.5,24,2016,320
2016-11-16,6.08,47,24,2016,321
2016-11-17,6.53,40.2,24,2016,322
2016-11-18,4.89,77.1,24,2016,323
2016-11-19,5.09,38.5,24,2016,324
2016-11-20,2.48,21.5,24,2016,325
2016-11-21,-2.92,39.7,24,2016,326
2016-11-22,-1.57,54.1,24,2016,327
2016-11-23,-2.9,89.2,24,2016,328
2016-11-24,-2.29,27.7,24,2016,329
2016-11-25,-0.0463,21.3,24,2016,330
2016-11-26,1.07,61.8,24,2016,331
2016-11-27,0.405,27.8,24,2016,332
2016-11-28,-0.446,58,24,2016,333
2016-11-29,-0.774,9.14,24,2016,334
2016-11-30,1.79,14.9,24,2016,335
2016-12-01,5.91,19.7,24,2016,336
2016-12-02,4.14,33.4,24,2016,337
2016-12-03,1.65,39.9,24,2016,338
2016-12-04,-0.685,74.7,24,2016,339
2016-12-05,-3.29,36.9,24,2016,340
2016-12-06,-1.33,76.9,24,2016,341
2016-12-07,0.131,50.5,24,2016,342
2016-12-08,0.574,42,24,2016,343
2016-12-09,-4.43,88.8,24,2016,344
2016-12-10,-7.99,73.6,24,2016,345
2016-12-11,-9.54,55.1,24,2016,346
2016-12-12,-5.08,20.1,24,2016,347
2016-12-13,-2.41,41.4,24,2016,348
2016-12-14,-4.88,80.2,24,2016,349
2016-12-15,-11.9,72.4,24,2016,350
2016-12-16,-20.2,71.1,24,2016,351
2016-12-17,-14,30.7,24,2016,352
2016-12-18,-8.12,49.2,24,2016,353
2016-12-19,-18.5,57.2,24,2016,354
2016-12-20,-11.7,31.5,24,2016,355
2016-12-21,-0.771,72.1,24,2016,356
2016-12-22,0.0419,35.6,24,2016,357
2016-12-23,-0.0169,49.2,24,2016,358
2016-12-24,1.35,30.8,24,2016,359
2016-12-25,-2.42,87.5,24,2016,360
2016-12-26,-9.86,9.84,24,2016,361
2016-12-27,2.88,19.8,24,2016,362
2016-12-28,-3.7,84.3,24,2016,363
2016-12-29,-6.31,22.1,24,2016,364
2016-12-30,-4.96,60.1,24,2016,365
2016-12-31,-12.1,22.1,24,2016,366
2017-01-01,-6.58,61.6,24,2017,1
2017-01-02,-7.7,84.1,24,2017,2
2017-01-03,-2.11,11.6,24,2017,3
2017-01-04,0.0285,48.1,24,2017,4
2017-01-05,-7.96,66.3,24,2017,5
2017-01-06,-11.2,95.1,24,2017,6
2017-01-07,-16.3,88,24,2017,7
2017-01-08,-15.8,66.7,24,2017,8
2017-01-10,-6.54,36.9,24,2017,10
2017-01-11,2.1,78,24,2017,11
2017-01-12,3.4,23.1,24,2017,12
2017-01-13,-5.33,98.8,24,2017,13
2017-01-14,-15.3,45.4,24,2017,14
2017-01-15,-9.39,92.8,24,2017,15
2017-01-16,-7.62,97.4,24,2017,16
2017-01-17,-3.87,59.7,24,2017,17
2017-01-18,-2.9,27,24,2017,18
2017-01-19,0.478,33.3,24,2017,19
2017-01-20,1.15,26.9,24,2017,20
2017-01-21,1.03,37.8,24,2017,21
2017-01-22,1.51,56.8,24,2017,22
2017-01-23,-0.692,43.8,24,2017,23
2017-01-24,-2.07,24.8,24,2017,24
2017-01-25,-1.99,53.6,24,2017,25
2017-01-26,0.479,45.1,24,2017,26
2017-01-27,-0.175,46.7,24,2017,27
2017-01-28,-1.75,37,24,2017,28
2017-01-29,-3.03,62.9,24,2017,29
2017-01-30,-11.8,113,24,2017,30
2017-01-31,-15.1,125,24,2017,31
2017-02-01,-9.6,98.4,24,2017,32
2017-02-02,-8.93,91.6,24,2017,33
2017-02-03,-7.53,118,24,2017,34
2017-02-04,-8.39,62.5,24,2017,35
2017-02-05,-3.81,50.7,24,2017,36
2017-02-06,-9.66,83,24,2017,37
2017-02-07,-10,45.3,24,2017,38
2017-02-08,-4.22,135,24,2017,39
2017-02-09,-12.7,124,24,2017,40
2017-02-10,-14.7,139,24,2017,41
2017-02-11,-13,36.3,24,2017,42
2017-02-12,-10.4,27.9,24,2017,43
2017-02-13,-6.06,86.9,24,2017,44
2017-02-14,-7.99,68.1,24,2017,45
2017-02-15,-4.17,95,24,2017,46
2017-02-16,-4.85,91.5,24,2017,47
2017-02-17,-6.74,149,24,2017,48
2017-02-18,-2.06,155,24,2017,49
2017-02-19,4.32,141,24,2017,50
2017-02-20,-1.19,172,24,2017,51
2017-02-21,-5.04,77.1,24,2017,52
2017-02-22,1.48,67.9,24,2017,53
2017-02-23,5.14,84.8,24,2017,54
2017-02-24,2.95,45,24,2017,55
2017-02-25,1.5,26.9,24,2017,56
2017-02-26,-1.97,178,24,2017,57
2017-02-27,1.3,143,24,2017,58
2017-02-28,-0.833,111,24,2017,59
2017-03-01,2.65,34.8,24,2017,60
2017-03-02,-6.18,142,24,2017,61
2017-03-03,-11.9,139,24,2017,62
2017-03-04,-16.2,206,24,2017,63
2017-03-05,-14.1,208,24,2017,64
2017-03-06,-7.92,55.9,24,2017,65
2017-03-07,-1.34,20.6,24,2017,66
2017-03-08,4.35,181,24,2017,67
2017-03-09,-1.24,187,24,2017,68
2017-03-10,-6.27,145,24,2017,69
2017-03-11,-17,193,24,2017,70
2017-03-12,-15.3,210,24,2017,71
2017-03-13,-12.7,153,24,2017,72
2017-03-14,-9.82,48.6,24,2017,73
2017-03-15,-9.03,91.5,24,2017,74
2017-03-17,-5.15,238,24,2017,76
2017-03-19,-2.69,240,24,2017,78
2017-03-23,-6.07,249,24,2017,82
2017-03-24,-1.29,57.4,24,2017,83
2017-03-25,-0.187,218,24,2017,84
2017-03-26,-3.06,106,24,2017,85
2017-03-27,0.296,51.6,24,2017,86
2017-03-28,2.75,107,24,2017,87
2017-03-29,3,178,24,2017,88
2017-03-30,0.734,252,24,2017,89
2017-03-31,1.27,56.2,24,2017,90
2017-04-01,1.45,132,24,2017,91
2017-04-02,2.64,256,24,2017,92
2017-04-03,3.54,249,24,2017,93
2017-04-04,3.05,22.7,24,2017,94
2017-04-05,4.38,141,24,2017,95
2017-04-06,3.86,23,24,2017,96
2017-04-07,2.92,99,24,2017,97
2017-04-08,3.16,274,24,2017,98
2017-04-09,7.64,196,24,2017,99
2017-04-10,14.6,198,24,2017,100
2017-04-12,7.03,110,24,2017,102
2017-04-13,6.38,291,24,2017,103
2017-04-14,7.51,295,24,2017,104
2017-04-15,8.63,149,24,2017,105
2017-04-16,12,40.2,24,2017,106
2017-04-17,6.6,131,24,2017,107
2017-04-18,3.48,301,24,2017,108
2017-04-19,6.65,24.8,24,2017,109
2017-04-20,7.44,153,24,2017,110
2017-04-21,9.2,81.3,24,2017,111
2017-04-22,7.86,129,24,2017,112
2017-04-23,9.04,268,24,2017,113
2017-04-24,5.46,296,24,2017,114
2017-04-25,8.04,155,24,2017,115
2017-04-26,11.7,211,24,2017,116
2017-04-27,16.2,224,24,2017,117
2017-04-28,17.3,277,24,2017,118
2017-04-29,13.6,280,24,2017,119
2017-04-30,4.18,65.9,24,2017,120
2017-05-01,5.76,26.5,24,2017,121
2017-05-02,11.1,147,24,2017,122
2017-05-03,8.35,236,24,2017,123
2017-05-04,8.87,184,24,2017,124
2017-05-05,8.23,34.8,24,2017,125
2017-05-06,9.26,45.6,24,2017,126
2017-05-07,5.68,186,24,2017,127
2017-05-08,2.4,182,24,2017,128
2017-05-09,2.89,135,24,2017,129
2017-05-10,7.63,281,24,2017,130
2017-05-11,10.2,146,24,2017,131
2017-05-12,12.5,276,24,2017,132
2017-05-13,13.4,83.4,24,2017,133
2017-05-14,10.8,116,24,2017,134
2017-05-15,12.5,321,24,2017,135
2017-05-16,14.7,236,24,2017,136
2017-05-17,20.1,297,24,2017,137
2017-05-19,15,305,24,2017,139
2017-05-20,11.2,350,24,2017,140
2017-05-21,13.2,104,24,2017,141
2017-05-22,13,58.1,24,2017,142
2017-05-23,14.1,292,24,2017,143
2017-05-24,17.1,272,24,2017,144
2017-05-25,17.1,89.9,24,2017,145
2017-05-26,13.2,71.3,24,2017,146
2017-05-27,15.7,333,24,2017,147
2017-05-28,18.8,310,24,2017,148
2017-05-29,17.2,43.3,24,2017,149
2017-05-30,16.6,177,24,2017,150
2017-05-31,16,252,24,2017,151
2017-06-01,14.1,238,24,2017,152
2017-06-02,11.4,210,24,2017,153
2017-06-03,13.1,238,24,2017,154
2017-06-04,14.5,105,24,2017,155
2017-06-05,14.5,52.1,24,2017,156
2017-06-06,12.3,66.2,24,2017,157
2017-06-07,14.8,355,24,2017,158
2017-06-08,20.8,329,24,2017,159
2017-06-09,19.9,245,24,2017,160
2017-06-10,19.1,293,24,2017,161
2017-06-11,25.5,326,24,2017,162
2017-06-12,26.9,262,24,2017,163
2017-06-13,23.6,217,24,2017,164
2017-06-14,17.7,362,24,2017,165
2017-06-15,17.5,257,24,2017,166
2017-06-16,16.7,81.2,24,2017,167
2017-06-17,20.4,119,24,2017,168
2017-06-18,24.7,251,24,2017,169
2017-06-19,23.3,214,24,2017,170
2017-06-20,20.6,273,24,2017,171
2017-06-21,18.7,301,24,2017,172
2017-06-22,19.4,266,24,2017,173
2017-06-23,20,104,24,2017,174
2017-06-24,20.7,326,24,2017,175
2017-06-25,16.7,195,24,2017,176
2017-06-26,16.1,317,24,2017,177
2017-06-27,14.8,180,24,2017,178
2017-06-28,16.3,285,24,2017,179
2017-06-29,16.1,58.4,24,2017,180
2017-06-30,17.6,66.9,24,2017,181
2017-07-01,20.7,120,24,2017,182
2017-07-02,19.2,177,24,2017,183
2017-07-03,18.7,335,24,2017,184
2017-07-04,19.7,328,24,2017,185
2017-07-05,20.4,352,24,2017,186
2017-07-06,22.1,286,24,2017,187
2017-07-07,22.5,155,24,2017,188
2017-07-08,19.6,229,24,2017,189
2017-07-09,19.1,290,24,2017,190
2017-07-10,19.4,178,24,2017,191
2017-07-11,21.2,175,24,2017,192
2017-07-12,19.1,136,24,2017,193
2017-07-13,17.4,263,24,2017,194
2017-07-14,18.5,127,24,2017,195
2017-07-15,20.9,299,24,2017,196
2017-07-16,22.1,256,24,2017,197
2017-07-17,21.5,210,24,2017,198
2017-07-18,23,272,24,2017,199
2017-07-19,22.9,180,24,2017,200
2017-07-20,23.3,247,24,2017,201
2017-07-21,22.3,285,24,2017,202
2017-07-22,21.4,273,24,2017,203
2017-07-23,19.6,119,24,2017,204
2017-07-25,16.7,251,24,2017,206
2017-07-26,17.7,152,24,2017,207
2017-07-27,20.1,224,24,2017,208
2017-07-28,18.7,318,24,2017,209
2017-07-29,18.8,338,24,2017,210
2017-07-30,19.9,305,24,2017,211
2017-07-31,21.3,284,24,2017,212
2017-08-01,21.6,316,24,2017,213
2017-08-02,23.9,267,24,2017,214
2017-08-03,21,194,24,2017,215
2017-08-05,20.5,225,24,2017,217
2017-08-06,16.7,272,24,2017,218
2017-08-07,16.8,247,24,2017,219
2017-08-08,18.6,312,24,2017,220
2017-08-09,19.3,302,24,2017,221
2017-08-10,19.2,202,24,2017,222
2017-08-11,20.5,245,24,2017,223
2017-08-12,20.2,126,24,2017,224
2017-08-13,20.1,305,24,2017,225
2017-08-14,20.1,237,24,2017,226
2017-08-15,20.8,165,24,2017,227
2017-08-16,18.6,300,24,2017,228
2017-08-17,18.8,250,24,2017,229
2017-08-18,19.2,102,24,2017,230
2017-08-19,21.1,134,24,2017,231
2017-08-20,20.3,266,24,2017,232
2017-08-21,22.5,222,24,2017,233
2017-08-22,22.1,74.3,24,2017,234
2017-08-23,18.9,241,24,2017,235
2017-08-24,16.8,274,24,2017,236
2017-08-25,15.1,240,24,2017,237
2017-08-26,15.1,253,24,2017,238
2017-08-27,16.4,237,24,2017,239
2017-08-28,16.8,257,24,2017,240
2017-08-31,15.2,84.4,24,2017,243
2017-09-01,11.2,258,24,2017,244
2017-09-02,11.9,270,24,2017,245
2017-09-03,12.5,45.4,24,2017,246
2017-09-04,15,48.4,24,2017,247
2017-09-05,17.5,183,24,2017,248
2017-09-06,15.6,111,24,2017,249
2017-09-07,15.5,119,24,2017,250
2017-09-08,12.8,116,24,2017,251
2017-09-09,13.6,231,24,2017,252
2017-09-10,12.9,236,24,2017,253
2017-09-11,15,226,24,2017,254
2017-09-12,16.6,235,24,2017,255
2017-09-13,18.7,217,24,2017,256
2017-09-14,19.4,223,24,2017,257
2017-09-15,19.4,203,24,2017,258
2017-09-16,20.5,213,24,2017,259
2017-09-17,21.5,198,24,2017,260
2017-09-18,20.5,180,24,2017,261
2017-09-19,21.6,173,24,2017,262
2017-09-20,21.8,159,24,2017,263
2017-09-21,20.5,213,24,2017,264
2017-09-22,19.5,208,24,2017,265
2017-09-23,20.6,191,24,2017,266
2017-09-24,24,199,24,2017,267
2017-09-25,24.5,194,24,2017,268
2017-09-26,23.8,166,24,2017,269
2017-09-27,23.3,124,24,2017,270
2017-09-28,14.5,160,24,2017,271
2017-09-29,10.4,147,24,2017,272
2017-09-30,10.6,179,24,2017,273
2017-10-01,10,202,24,2017,274
2017-10-02,11.3,190,24,2017,275
2017-10-03,14,189,24,2017,276
2017-10-04,17.1,47.1,24,2017,277
2017-10-05,15.6,142,24,2017,278
2017-10-06,14.2,156,24,2017,279
2017-10-07,13.5,41.4,24,2017,280
2017-10-08,20.2,104,24,2017,281
2017-10-09,15.4,26.4,24,2017,282
2017-10-10,14.8,118,24,2017,283
2017-10-11,10.5,54.1,24,2017,284
2017-10-12,8.92,175,24,2017,285
2017-10-13,10.1,72.7,24,2017,286
2017-10-14,15,27.1,24,2017,287
2017-10-15,16.2,27.5,24,2017,288
2017-10-16,7.26,79.2,24,2017,289
2017-10-17,6.11,110,24,2017,290
2017-10-18,13.8,156,24,2017,291
2017-10-19,13.6,105,24,2017,292
2017-10-20,13,153,24,2017,293
2017-10-21,13.6,123,24,2017,294
2017-10-22,14.3,111,24,2017,295
2017-10-23,14.1,100,24,2017,296
2017-10-24,16.8,55,24,2017,297
2017-10-25,12.3,87.4,24,2017,298
2017-10-26,7.7,105,24,2017,299
2017-10-27,7.26,74.4,24,2017,300
2017-10-28,9.2,90.5,24,2017,301
2017-10-29,8.31,16.7,24,2017,302
2017-10-30,8.36,47.6,24,2017,303
2017-10-31,6.89,67.6,24,2017,304
2017-11-01,3.29,19.7,24,2017,305
2017-11-02,6.66,9.7,24,2017,306
2017-11-03,10.8,77.5,24,2017,307
2017-11-04,2.82,61.5,24,2017,308
2017-11-05,4.39,7.08,24,2017,309
2017-11-06,10.4,57.8,24,2017,310
2017-11-07,1.77,112,24,2017,311
2017-11-08,3.68,67.6,24,2017,312
2017-11-09,2.91,43.5,24,2017,313
2017-11-10,-4.9,123,24,2017,314
2017-11-11,-6.64,113,24,2017,315
2017-11-12,-1.76,89.6,24,2017,316
2017-11-13,-0.138,21.9,24,2017,317
2017-11-14,0.692,21.4,24,2017,318
2017-11-15,0.551,96.5,24,2017,319
2017-11-16,4.91,26.3,24,2017,320
2017-11-17,-2.06,106,24,2017,321
2017-11-18,-2.99,16.2,24,2017,322
2017-11-19,-1.06,45.7,24,2017,323
2017-11-20,-5.35,72,24,2017,324
2017-11-21,-0.742,57.6,24,2017,325
2017-11-22,1.71,47.7,24,2017,326
2017-11-23,-4.81,31.5,24,2017,327
2017-11-24,3.04,51.8,24,2017,328
2017-11-25,6.33,13.1,24,2017,329
2017-11-26,-1.15,75.1,24,2017,330
2017-11-27,-4.87,85.9,24,2017,331
2017-11-28,-6.45,77.8,24,2017,332
2017-11-29,4.86,74.7,24,2017,333
2017-11-30,-2.4,45.5,24,2017,334
2017-12-01,2.48,30.3,24,2017,335
2017-12-02,1.51,28.6,24,2017,336
2017-12-03,1.15,50.5,24,2017,337
2017-12-04,0.512,42.9,24,2017,338
2017-12-07,-0.0345,28,24,2017,341
2017-12-09,-2.22,28.1,24,2017,343
2017-12-19,-5.75,19.6,24,2017,353
2017-12-20,-1.73,71.6,24,2017,354
2017-12-21,-12.2,76.4,24,2017,355
2017-12-22,-13.5,33.6,24,2017,356
2017-12-23,-9.48,14.2,24,2017,357
2017-12-24,-9.02,73.8,24,2017,358
2017-12-25,-7.73,47.7,24,2017,359
2017-12-26,-11.4,81.8,24,2017,360
2017-12-27,-21.1,87.3,24,2017,361
2017-12-28,-23.9,87.5,24,2017,362
2017-12-29,-21.2,63.7,24,2017,363
2017-12-30,-21.5,57.2,24,2017,364
2017-12-31,-21.3,88.6,24,2017,365
2018-01-01,-22.8,81.7,24,2018,1
2018-01-02,-20.8,38.7,24,2018,2
2018-01-03,-7.78,23.9,24,2018,3
2018-01-04,-8.59,32.5,24,2018,4
2018-01-05,-20.3,67.7,24,2018,5
2018-01-06,-23.5,73.2,24,2018,6
2018-01-07,-21.2,37.3,24,2018,7
2018-01-08,-8.21,19.2,24,2018,8
2018-01-09,-0.798,28.5,24,2018,9
2018-01-10,-11,58.3,24,2018,10
2018-01-11,0.888,25,24,2018,11
2018-01-12,5.92,9.95,24,2018,12
2018-01-13,-14.1,68.1,24,2018,13
2018-01-14,-18.9,100,24,2018,14
2018-01-15,-19.4,81.7,24,2018,15
2018-01-16,-13.7,60.7,24,2018,16
2018-01-17,-10.8,76.3,24,2018,17
2018-01-18,-5.54,34.5,24,2018,18
2018-01-19,-3.75,20.5,24,2018,19
2018-01-20,2.26,57.5,24,2018,20
2018-01-21,0.903,52.7,24,2018,21
2018-01-22,-4.58,33.4,24,2018,22
2018-01-23,-2.71,23,24,2018,23
2018-01-24,-6.71,107,24,2018,24
2018-01-25,-13.6,101,24,2018,25
2018-01-26,-13,103,24,2018,26
2018-01-27,-6.26,23.7,24,2018,27
2018-01-28,2.5,99.2,24,2018,28
2018-01-29,-7.8,80.3,24,2018,29
2018-01-30,-10.4,95.2,24,2018,30
2018-01-31,-15,53.8,24,2018,31
2018-02-01,-6.26,73.8,24,2018,32
2018-02-02,-13.5,127,24,2018,33
2018-02-03,-15.3,97.3,24,2018,34
2018-02-04,-3.97,40.7,24,2018,35
2018-02-05,-9.19,125,24,2018,36
2018-02-06,-8.45,84.2,24,2018,37
2018-02-07,-12.9,34.3,24,2018,38
2018-02-08,-12.5,139,24,2018,39
2018-02-09,-10.7,92.4,24,2018,40
2018-02-10,-7.04,55.7,24,2018,41
2018-02-11,-6.54,36,24,2018,42
2018-02-12,-5.82,148,24,2018,43
2018-02-13,-11.5,120,24,2018,44
2018-02-14,-4.58,148,24,2018,45
2018-02-15,-0.783,44.4,24,2018,46
2018-02-16,0.621,88.9,24,2018,47
2018-02-17,-8.09,104,24,2018,48
2018-02-18,-2.86,147,24,2018,49
2018-02-19,-0.398,94,24,2018,50
2018-02-20,1.83,29.8,24,2018,51
2018-02-21,3.15,53.7,24,2018,52
2018-02-22,-2.93,79.6,24,2018,53
2018-02-23,-4.98,43.2,24,2018,54
2018-02-24,0.484,110,24,2018,55
2018-02-25,-0.851,32.5,24,2018,56
2018-02-26,2.63,162,24,2018,57
2018-02-27,1.5,156,24,2018,58
2018-02-28,4.51,100,24,2018,59
2018-03-01,2.22,182,24,2018,60
2018-03-02,-0.107,51.4,24,2018,61
2018-03-03,0.241,82.1,24,2018,62
2018-03-04,-0.862,138,24,2018,63
2018-03-05,-1.76,105,24,2018,64
2018-03-06,-0.572,65.1,24,2018,65
2018-03-07,-1.13,55.4,24,2018,66
2018-03-08,-1.74,73.9,24,2018,67
2018-03-09,-1.79,131,24,2018,68
2018-03-10,-2.11,124,24,2018,69
2018-03-11,-1.51,179,24,2018,70
2018-03-12,-1.27,118,24,2018,71
2018-03-13,-0.525,81.1,24,2018,72
2018-03-14,-0.686,104,24,2018,73
2018-03-15,-0.786,145,24,2018,74
2018-03-16,-5.51,212,24,2018,75
2018-03-17,-7.98,236,24,2018,76
2018-03-18,-10.6,232,24,2018,77
2018-03-19,-8.5,240,24,2018,78
2018-03-20,-6.5,243,24,2018,79
2018-03-21,-3.64,206,24,2018,80
2018-03-22,-0.249,236,24,2018,81
2018-03-23,1.18,200,24,2018,82
2018-03-24,-2.83,254,24,2018,83
2018-03-26,0.0665,254,24,2018,85
2018-03-27,1.71,116,24,2018,86
2018-03-28,2.87,88.5,24,2018,87
2018-03-29,4.13,86,24,2018,88
2018-03-30,4.24,157,24,2018,89
2018-03-31,2.16,181,24,2018,90
2018-04-01,2.34,234,24,2018,91
2018-04-02,-0.545,160,24,2018,92
2018-04-03,2.19,140,24,2018,93
2018-04-04,1.54,90.3,24,2018,94
2018-04-05,-7.08,283,24,2018,95
2018-04-06,-1.38,134,24,2018,96
2018-04-07,-0.378,253,24,2018,97
2018-04-08,-1.59,201,24,2018,98
2018-04-09,-2.6,266,24,2018,99
2018-04-10,0.604,192,24,2018,100
2018-04-11,1.74,151,24,2018,101
2018-04-12,2.85,97.2,24,2018,102
2018-04-13,4.86,190,24,2018,103
2018-04-14,0.967,65.4,24,2018,104
2018-04-15,-3.24,61.7,24,2018,105
2018-04-16,-0.635,21.5,24,2018,106
2018-04-17,1.18,67,24,2018,107
2018-04-18,2.41,126,24,2018,108
2018-04-20,2.86,258,24,2018,110
2018-04-21,5.63,311,24,2018,111
2018-04-22,6.53,315,24,2018,112
2018-04-23,8.8,313,24,2018,113
2018-04-24,11.6,183,24,2018,114
2018-04-25,11.5,57.5,24,2018,115
2018-04-26,9.23,86.2,24,2018,116
2018-04-27,8.76,223,24,2018,117
2018-05-02,18.7,159,24,2018,122
2018-05-03,14.7,47.3,24,2018,123
2018-05-04,10.7,68.5,24,2018,124
2018-05-05,14,266,24,2018,125
2018-05-06,14.4,267,24,2018,126
2018-05-07,10.5,335,24,2018,127
2018-05-08,13.2,328,24,2018,128
2018-05-09,17.4,315,24,2018,129
2018-05-10,18.7,92.6,24,2018,130
2018-05-11,7.25,323,24,2018,131
2018-05-12,9.49,337,24,2018,132
2018-05-13,13.2,341,24,2018,133
2018-05-14,17.2,315,24,2018,134
2018-05-15,16.6,156,24,2018,135
2018-05-16,13.6,329,24,2018,136
2018-05-17,16.2,329,24,2018,137
2018-05-18,11.5,341,24,2018,138
2018-05-19,12.4,127,24,2018,139
2018-05-20,14.4,282,24,2018,140
2018-05-21,15.8,330,24,2018,141
2018-05-22,16.5,116,24,2018,142
2018-05-23,15.9,306,24,2018,143
2018-05-24,17.3,326,24,2018,144
2018-05-25,20.1,173,24,2018,145
2018-05-26,19.3,82.4,24,2018,146
2018-05-27,18.1,205,24,2018,147
2018-05-28,19.6,190,24,2018,148
2018-05-29,21.2,352,24,2018,149
2018-05-30,20.6,313,24,2018,150
2018-05-31,23.5,164,24,2018,151
2018-06-01,23.7,194,24,2018,152
2018-06-02,18.6,349,24,2018,153
2018-06-03,18.4,268,24,2018,154
2018-06-04,14.8,73.2,24,2018,155
2018-06-05,12.5,97.6,24,2018,156
2018-06-06,13.6,142,24,2018,157
2018-06-07,15.7,233,24,2018,158
2018-06-08,17.3,351,24,2018,159
2018-06-09,17.8,338,24,2018,160
2018-06-10,16.4,373,24,2018,161
2018-06-11,17.3,363,24,2018,162
2018-06-12,18.8,339,24,2018,163
2018-06-14,15.5,74.6,24,2018,165
2018-06-15,16.6,337,24,2018,166
2018-06-16,20,343,24,2018,167
2018-06-17,22.5,275,24,2018,168
2018-06-18,24.7,146,24,2018,169
2018-06-19,18.5,358,24,2018,170
2018-06-20,19.6,310,24,2018,171
2018-06-21,16.7,361,24,2018,172
2018-06-22,17.1,348,24,2018,173
2018-06-23,19.3,122,24,2018,174
2018-06-24,17.7,190,24,2018,175
2018-06-25,16.2,358,24,2018,176
2018-06-26,16.8,335,24,2018,177
2018-06-27,18.7,143,24,2018,178
2018-06-28,19.7,160,24,2018,179
2018-06-29,23.7,341,24,2018,180
2018-06-30,26,228,24,2018,181
2018-07-01,28.9,285,24,2018,182
2018-07-02,28.3,273,24,2018,183
2018-07-03,26.1,347,24,2018,184
2018-07-04,26.6,339,24,2018,185
2018-07-05,27.9,283,24,2018,186
2018-07-06,22.9,270,24,2018,187
2018-07-07,19.9,352,24,2018,188
2018-07-08,22.6,339,24,2018,189
2018-07-09,25,333,24,2018,190
2018-07-10,24.7,295,24,2018,191
2018-07-11,20.6,341,24,2018,192
2018-07-12,21.6,339,24,2018,193
2018-07-13,22.2,215,24,2018,194
2018-07-14,24.1,270,24,2018,195
2018-07-15,25.2,327,24,2018,196
2018-07-16,25.6,253,24,2018,197
2018-07-17,24.8,297,24,2018,198
2018-07-18,19.5,344,24,2018,199
2018-07-19,20,335,24,2018,200
2018-07-20,23.1,334,24,2018,201
2018-07-21,24.8,330,24,2018,202
2018-07-22,21.1,179,24,2018,203
2018-07-23,23.4,173,24,2018,204
2018-07-24,23.8,91.1,24,2018,205
2018-07-25,22.3,89,24,2018,206
2018-07-26,23.5,277,24,2018,207
2018-07-27,21.3,242,24,2018,208
2018-07-28,21.1,214,24,2018,209
2018-07-29,20.5,307,24,2018,210
2018-07-30,20.8,289,24,2018,211
2018-07-31,22.6,294,24,2018,212
2018-08-01,23.6,89.6,24,2018,213
2018-08-02,24.1,247,24,2018,214
2018-08-03,23.9,204,24,2018,215
2018-08-04,24.2,272,24,2018,216
2018-08-05,24.6,281,24,2018,217
2018-08-06,25.9,254,24,2018,218
2018-08-07,23.3,230,24,2018,219
2018-08-08,22.3,83.1,24,2018,220
2018-08-09,22.3,250,24,2018,221
2018-08-10,20.9,311,24,2018,222
2018-08-11,21.1,299,24,2018,223
2018-08-12,21.8,290,24,2018,224
2018-08-13,22.6,232,24,2018,225
2018-08-14,23.6,124,24,2018,226
2018-08-15,22.3,158,24,2018,227
2018-08-16,20.2,288,24,2018,228
2018-08-17,20.3,80.6,24,2018,229
2018-08-18,19.7,215,24,2018,230
2018-08-19,20.7,271,24,2018,231
2018-08-20,20.5,242,24,2018,232
2018-08-21,19.9,93,24,2018,233
2018-08-22,19.8,101,24,2018,234
2018-08-23,17.9,277,24,2018,235
2018-08-24,20.9,248,24,2018,236
2018-08-25,21.5,231,24,2018,237
2018-08-26,22.4,143,24,2018,238
2018-08-27,21.5,105,24,2018,239
2018-08-28,25.2,178,24,2018,240
2018-08-29,24.1,138,24,2018,241
2018-08-30,17.7,238,24,2018,242
2018-08-31,16.3,235,24,2018,243
2018-09-01,21.2,161,24,2018,244
2018-09-02,23,88.9,24,2018,245
2018-09-03,24.7,183,24,2018,246
2018-09-04,22.4,192,24,2018,247
2018-09-05,23.7,201,24,2018,248
2018-09-06,22.6,201,24,2018,249
2018-09-07,16.2,254,24,2018,250
2018-09-08,14,260,24,2018,251
2018-09-09,11.8,221,24,2018,252
2018-09-10,11.2,84.6,24,2018,253
2018-09-11,14.7,71.3,24,2018,254
2018-09-12,17.2,157,24,2018,255
2018-09-13,18.1,233,24,2018,256
2018-09-14,20.1,230,24,2018,257
2018-09-15,22.8,218,24,2018,258
2018-09-16,23.7,211,24,2018,259
2018-09-17,23,215,24,2018,260
2018-09-18,20.5,142,24,2018,261
2018-09-19,15,74,24,2018,262
2018-09-20,12.8,93.3,24,2018,263
2018-09-21,18.3,101,24,2018,264
2018-09-22,14.3,220,24,2018,265
2018-09-23,9.53,139,24,2018,266
2018-09-24,9.43,207,24,2018,267
2018-09-25,10.2,24.5,24,2018,268
2018-09-26,19.1,98.7,24,2018,269
2018-09-27,12.7,156,24,2018,270
2018-09-28,14.2,135,24,2018,271
2018-09-29,12.1,142,24,2018,272
2018-09-30,9.14,47.1,24,2018,273
2018-10-01,9.13,105,24,2018,274
2018-10-02,9.31,39.2,24,2018,275
2018-10-03,11,44.1,24,2018,276
2018-10-04,16.2,154,24,2018,277
2018-10-05,7.68,149,24,2018,278
2018-10-06,7.61,36.5,24,2018,279
2018-10-07,9.38,66.2,24,2018,280
2018-10-08,8.07,44.3,24,2018,281
2018-10-09,14.5,123,24,2018,282
2018-10-10,21.2,128,24,2018,283
2018-10-11,9.94,33.5,24,2018,284
2018-10-12,9.53,136,24,2018,285
2018-10-13,6.28,153,24,2018,286
2018-10-14,6.97,150,24,2018,287
2018-10-15,7.58,23.6,24,2018,288
2018-10-16,6.3,98.7,24,2018,289
2018-10-17,6.34,99.4,24,2018,290
2018-10-18,1.46,165,24,2018,291
2018-10-20,10.2,127,24,2018,293
2018-10-21,2.08,77.7,24,2018,294
2018-10-22,1.79,56.6,24,2018,295
2018-10-23,4.08,113,24,2018,296
2018-10-26,0.939,136,24,2018,299
2018-10-27,1.78,63.1,24,2018,300
2018-10-28,0.983,40.7,24,2018,301
2018-10-29,2.68,45.5,24,2018,302
2018-10-30,2.83,86.7,24,2018,303
2018-10-31,1.42,8.97,24,2018,304
2018-11-01,5.06,34.7,24,2018,305
2018-11-03,3.91,30.8,24,2018,307
2018-11-04,3.31,128,24,2018,308
2018-11-05,2.59,12.7,24,2018,309
2018-11-06,6.26,17.7,24,2018,310
2018-11-07,9.68,55.8,24,2018,311
2018-11-08,5.31,68,24,2018,312
2018-11-09,0.867,19.8,24,2018,313
2018-11-10,1.2,44.2,24,2018,314
2018-11-11,-2.63,106,24,2018,315
2018-11-12,-0.748,71.7,24,2018,316
2018-11-13,0.164,30,24,2018,317
2018-11-14,-8.29,104,24,2018,318
2018-11-15,-9.13,61.4,24,2018,319
2018-11-16,-5.19,45,24,2018,320
2018-11-17,-1.03,48.1,24,2018,321
2018-11-18,-7.36,83.6,24,2018,322
2018-11-19,-2.59,43,24,2018,323
2018-11-20,-5.03,48.5,24,2018,324
2018-11-21,-7.51,71.1,24,2018,325
2018-11-22,-13.7,107,24,2018,326
2018-11-23,-12.9,56.7,24,2018,327
2018-11-24,-5.58,74.4,24,2018,328
2018-11-25,0.804,23.8,24,2018,329
2018-11-26,1.67,16.3,24,2018,330
2018-11-27,0.792,33.1,24,2018,331
2018-11-28,1.18,57.6,24,2018,332
2018-11-29,0.973,55.8,24,2018,333
2018-11-30,-0.18,22.9,24,2018,334
2018-12-01,-0.484,46,24,2018,335
2018-12-02,-0.312,10.5,24,2018,336
2018-12-03,0.495,26.9,24,2018,337
2018-12-04,-4.45,64.4,24,2018,338
2018-12-05,-5.06,17.8,24,2018,339
2018-12-06,-3.48,43.6,24,2018,340
2018-12-07,-8.47,85.8,24,2018,341
2018-12-08,-13.8,55.6,24,2018,342
2018-12-09,-5.41,34.5,24,2018,343
2018-12-10,-6.38,89.3,24,2018,344
2018-12-11,-9.42,20.9,24,2018,345
2018-12-12,-7.03,86.9,24,2018,346
2018-12-13,-12,45.9,24,2018,347
2018-12-14,-5.08,16.9,24,2018,348
2018-12-15,1.23,73.4,24,2018,349
2018-12-16,-1.67,40.4,24,2018,350
2018-12-17,-0.317,16,24,2018,351
2018-12-18,-7.47,72.1,24,2018,352
2018-12-19,-8.16,43.3,24,2018,353
2018-12-20,-3.73,59.3,24,2018,354
2018-12-21,2.05,13.5,24,2018,355
2018-12-22,-0.858,29.8,24,2018,356
2018-12-23,-9.48,75.6,24,2018,357
2018-12-24,-8.34,35.4,24,2018,358
2018-12-25,-12.8,87.7,24,2018,359
2018-12-26,-11.3,34.4,24,2018,360
2018-12-27,-11.9,64.8,24,2018,361
2018-12-28,-5.55,13.2,24,2018,362
2018-12-29,-2.68,62.1,24,2018,363
2018-12-30,-11.3,30.2,24,2018,364
2018-12-31,-5,49.4,24,2018,365
2019-01-01,-2.76,65.5,24,2019,1
2019-01-02,-15.1,85,24,2019,2
2019-01-03,-10.4,35,24,2019,3
2019-01-04,-0.183,32.7,24,2019,4
2019-01-05,1.01,38.3,24,2019,5
2019-01-06,-1.68,54.1,24,2019,6
2019-01-07,-12.8,43.5,24,2019,7
2019-01-08,-7.26,40.7,24,2019,8
2019-01-09,0.463,29.5,24,2019,9
2019-01-10,-5.97,65.1,24,2019,10
2019-01-11,-16.7,91.1,24,2019,11
2019-01-12,-16,99.2,24,2019,12
2019-01-13,-14.9,45.3,24,2019,13
2019-01-14,-14.4,84.5,24,2019,14
2019-01-15,-5.56,31,24,2019,15
2019-01-16,-3.25,75.9,24,2019,16
2019-01-17,-17.4,95.8,24,2019,17
2019-01-18,-13.7,53.4,24,2019,18
2019-01-19,-19.4,38,24,2019,19
2019-01-20,-19.4,50.4,24,2019,20
2019-01-21,-21.4,78.5,24,2019,21
2019-01-22,-19.7,89.7,24,2019,22
2019-01-23,-11.8,24.4,24,2019,23
2019-01-24,-2.48,33.5,24,2019,24
2019-01-25,-7.72,82.4,24,2019,25
2019-01-26,-13.7,100,24,2019,26
2019-01-27,-11.3,64.3,24,2019,27
2019-01-28,-19.4,113,24,2019,28
2019-01-29,-16.1,28.8,24,2019,29
2019-01-30,-12.6,109,24,2019,30
2019-01-31,-17.4,106,24,2019,31
2019-02-01,-16.4,131,24,2019,32
2019-02-02,-13.8,29.8,24,2019,33
2019-02-03,-9.97,25.7,24,2019,34
2019-02-04,-8.21,25.8,24,2019,35
2019-02-05,-1.07,88.4,24,2019,36
2019-02-06,-10.8,27.8,24,2019,37
2019-02-07,-6.16,45.7,24,2019,38
2019-02-08,-0.578,61.5,24,2019,39
2019-02-09,-10.1,148,24,2019,40
2019-02-10,-11.8,134,24,2019,41
2019-02-11,-11.5,150,24,2019,42
2019-02-12,-14.6,37.2,24,2019,43
2019-02-13,-5.55,65.3,24,2019,44
2019-02-14,-6.33,155,24,2019,45
2019-02-15,-3.57,58.4,24,2019,46
2019-02-16,-4.23,152,24,2019,47
2019-02-17,-11.9,145,24,2019,48
2019-02-18,-10.9,130,24,2019,49
2019-02-20,-14.6,87.5,24,2019,51
2019-02-21,-4.66,36.4,24,2019,52
2019-02-22,-3.5,154,24,2019,53
2019-02-23,-5.74,138,24,2019,54
2019-02-24,-1.09,20.9,24,2019,55
2019-02-25,-2.64,112,24,2019,56
2019-02-26,-13.4,190,24,2019,57
2019-02-27,-16.8,83.8,24,2019,58
2019-02-28,-14.3,194,24,2019,59
2019-03-01,-11.4,194,24,2019,60
2019-03-02,-7.86,78.6,24,2019,61
2019-03-03,-5.16,152,24,2019,62
2019-03-04,-6.66,204,24,2019,63
2019-03-05,-12.2,141,24,2019,64
2019-03-06,-13,213,24,2019,65
2019-03-07,-13.4,211,24,2019,66
2019-03-08,-9.33,207,24,2019,67
2019-03-09,-5.8,214,24,2019,68
2019-03-10,-4.07,35.7,24,2019,69
2019-03-11,1.81,88.2,24,2019,70
2019-03-12,-3.03,214,24,2019,71
2019-03-13,-3.12,54.1,24,2019,72
2019-03-14,0.471,97.6,24,2019,73
2019-03-15,4.29,52.2,24,2019,74
2019-03-16,-0.118,201,24,2019,75
2019-03-17,-5.09,198,24,2019,76
2019-03-18,-6.11,235,24,2019,77
2019-03-21,3,92.7,24,2019,80
2019-03-22,2.12,58.4,24,2019,81
2019-03-23,-4.23,251,24,2019,82
2019-03-24,-0.809,179,24,2019,83
2019-03-25,-4.41,262,24,2019,84
2019-03-26,-3.33,261,24,2019,85
2019-03-27,-2.49,254,24,2019,86
2019-03-28,2.1,40.6,24,2019,87
2019-03-29,4.58,232,24,2019,88
2019-03-30,-0.0489,34.5,24,2019,89
2019-03-31,0.302,99.2,24,2019,90
2019-04-01,-2.51,261,24,2019,91
2019-04-02,1.09,116,24,2019,92
2019-04-03,4.93,183,24,2019,93
2019-04-04,-0.666,254,24,2019,94
2019-04-05,-1.75,179,24,2019,95
2019-04-06,2.67,193,24,2019,96
2019-04-07,4.78,95.6,24,2019,97
2019-04-08,1.64,36.2,24,2019,98
2019-04-09,-0.787,61.5,24,2019,99
2019-04-10,-0.227,235,24,2019,100
2019-04-11,0.355,262,24,2019,101
2019-04-12,4.37,149,24,2019,102
2019-04-13,8.88,271,24,2019,103
2019-04-14,3.9,103,24,2019,104
2019-04-15,3.12,77.3,24,2019,105
2019-04-16,4.54,285,24,2019,106
2019-04-17,6.56,300,24,2019,107
2019-04-18,9.53,63.5,24,2019,108
2019-04-19,9.72,21.8,24,2019,109
2019-04-20,5.89,66.2,24,2019,110
2019-04-21,8.14,132,24,2019,111
2019-04-22,10.7,278,24,2019,112
2019-04-23,12.7,178,24,2019,113
2019-04-24,7.29,86.8,24,2019,114
2019-04-25,7.46,237,24,2019,115
2019-04-26,8.77,30.5,24,2019,116
2019-04-27,5.93,90.6,24,2019,117
2019-04-28,3.83,297,24,2019,118
2019-04-29,4.96,244,24,2019,119
2019-04-30,8.13,282,24,2019,120
2019-05-01,6.1,60,24,2019,121
2019-05-02,4.53,91.6,24,2019,122
2019-05-03,7.89,61.7,24,2019,123
2019-05-04,11.1,286,24,2019,124
2019-05-05,12.3,332,24,2019,125
2019-05-06,15.3,277,24,2019,126
2019-05-07,12.7,240,24,2019,127
2019-05-08,7.81,336,24,2019,128
2019-05-09,8.77,118,24,2019,129
2019-05-10,12.6,61.3,24,2019,130
2019-05-11,9.17,230,24,2019,131
2019-05-12,11.1,237,24,2019,132
2019-05-13,11.4,122,24,2019,133
2019-05-14,7.86,125,24,2019,134
2019-05-15,8.24,144,24,2019,135
2019-05-16,8.25,199,24,2019,136
2019-05-17,10.6,95.4,24,2019,137
2019-05-18,10.7,230,24,2019,138
2019-05-19,13.2,192,24,2019,139
2019-05-20,15.8,161,24,2019,140
2019-05-21,11.4,267,24,2019,141
2019-05-22,13.9,257,24,2019,142
2019-05-23,15.3,93.5,24,2019,143
2019-05-24,15.5,177,24,2019,144
2019-05-25,14.4,137,24,2019,145
2019-05-26,17.9,304,24,2019,146
2019-05-27,13.6,216,24,2019,147
2019-05-28,10.9,110,24,2019,148
2019-05-29,12.9,249,24,2019,149
2019-05-30,15.9,271,24,2019,150
2019-05-31,12.2,227,24,2019,151
2019-06-01,13.1,145,24,2019,152
2019-06-02,14.8,110,24,2019,153
2019-06-03,10.4,172,24,2019,154
2019-06-04,11.4,216,24,2019,155
2019-06-05,12.2,125,24,2019,156
2019-06-06,15.8,349,24,2019,157
2019-06-07,16.9,292,24,2019,158
2019-06-08,18.8,360,24,2019,159
2019-06-09,20.3,339,24,2019,160
2019-06-11,16.3,236,24,2019,162
2019-06-12,16.4,356,24,2019,163
2019-06-13,16.6,119,24,2019,164
2019-06-14,13.9,103,24,2019,165
2019-06-15,15.4,43.9,24,2019,166
2019-06-16,14.9,286,24,2019,167
2019-06-17,16.5,350,24,2019,168
2019-06-18,19.7,312,24,2019,169
2019-06-19,21.6,244,24,2019,170
2019-06-20,19.2,65.1,24,2019,171
2019-06-21,18.7,283,24,2019,172
2019-06-22,19.9,325,24,2019,173
2019-06-23,20.5,353,24,2019,174
2019-06-24,21,295,24,2019,175
2019-06-25,20.4,201,24,2019,176
2019-06-26,20.8,222,24,2019,177
2019-06-27,23,317,24,2019,178
2019-06-28,21.5,177,24,2019,179
2019-06-29,21.8,292,24,2019,180
2019-06-30,18.1,224,24,2019,181
2019-07-01,20.2,340,24,2019,182
2019-07-02,23.9,326,24,2019,183
2019-07-03,24.2,274,24,2019,184
2019-07-04,24.9,285,24,2019,185
2019-07-05,25.6,245,24,2019,186
2019-07-06,25.4,269,24,2019,187
2019-07-07,19.9,358,24,2019,188
2019-07-08,19.7,351,24,2019,189
2019-07-09,22.5,330,24,2019,190
2019-07-10,24.1,321,24,2019,191
2019-07-11,23.2,142,24,2019,192
2019-07-12,20.5,185,24,2019,193
2019-07-13,21.5,267,24,2019,194
2019-07-14,20.2,255,24,2019,195
2019-07-15,20.3,320,24,2019,196
2019-07-16,22.8,226,24,2019,197
2019-07-17,25.6,238,24,2019,198
2019-07-18,22.1,332,24,2019,199
2019-07-19,25.5,246,24,2019,200
2019-07-20,27.7,271,24,2019,201
2019-07-21,26.3,284,24,2019,202
2019-07-22,20.8,181,24,2019,203
2019-07-23,19.4,286,24,2019,204
2019-07-24,18.9,306,24,2019,205
2019-07-25,21.3,322,24,2019,206
2019-07-26,23.3,304,24,2019,207
2019-07-27,24.2,289,24,2019,208
2019-07-28,25,243,24,2019,209
2019-07-29,24.5,266,24,2019,210
2019-07-30,24.5,156,24,2019,211
2019-07-31,22.5,301,24,2019,212
2019-08-01,20.8,319,24,2019,213
2019-08-02,20.8,307,24,2019,214
2019-08-03,21.6,242,24,2019,215
2019-08-04,19.8,316,24,2019,216
2019-08-05,19.5,313,24,2019,217
2019-08-06,21.5,158,24,2019,218
2019-08-07,21.5,100,24,2019,219
2019-08-08,21.5,206,24,2019,220
2019-08-09,19.5,236,24,2019,221
2019-08-10,17.2,230,24,2019,222
2019-08-11,19.1,256,24,2019,223
2019-08-12,21.8,198,24,2019,224
2019-08-13,20.8,260,24,2019,225
2019-08-14,18.9,292,24,2019,226
2019-08-15,17.1,289,24,2019,227
2019-08-16,20.5,285,24,2019,228
2019-08-17,20.8,86.2,24,2019,229
2019-08-18,20.4,106,24,2019,230
2019-08-19,23.4,261,24,2019,231
2019-08-20,21,290,24,2019,232
2019-08-21,22.2,161,24,2019,233
2019-08-22,21.7,231,24,2019,234
2019-08-23,17.5,201,24,2019,235
2019-08-24,18.4,256,24,2019,236
2019-08-25,17.7,282,24,2019,237
2019-08-26,19.5,278,24,2019,238
2019-08-27,19,177,24,2019,239
2019-08-28,20.8,63.2,24,2019,240
2019-08-29,19.3,190,24,2019,241
2019-08-30,18.8,214,24,2019,242
2019-08-31,17,218,24,2019,243
2019-09-01,15.1,230,24,2019,244
2019-09-02,19,166,24,2019,245
2019-09-03,15.7,188,24,2019,246
2019-09-04,18.3,145,24,2019,247
2019-09-05,14.6,258,24,2019,248
2019-09-06,16.1,149,24,2019,249
2019-09-07,15.1,84.9,24,2019,250
2019-09-08,13.8,180,24,2019,251
2019-09-09,11.5,240,24,2019,252
2019-09-10,10.8,96.1,24,2019,253
2019-09-11,17.9,199,24,2019,254
2019-09-12,15.3,243,24,2019,255
2019-09-13,13.6,224,24,2019,256
2019-09-14,18.3,115,24,2019,257
2019-09-15,15,142,24,2019,258
2019-09-16,13.6,235,24,2019,259
2019-09-17,14.1,231,24,2019,260
2019-09-18,14.4,223,24,2019,261
2019-09-19,15.2,213,24,2019,262
2019-09-20,17.4,214,24,2019,263
2019-09-21,19.1,187,24,2019,264
2019-09-22,20.9,115,24,2019,265
2019-09-23,22.4,84.2,24,2019,266
2019-09-24,15.1,98.1,24,2019,267
2019-09-25,14.1,194,24,2019,268
2019-09-26,18.1,95.2,24,2019,269
2019-09-27,13.8,186,24,2019,270
2019-09-28,16.2,30.9,24,2019,271
2019-09-29,11,202,24,2019,272
2019-09-30,9.87,150,24,2019,273
2019-10-01,10.3,30.3,24,2019,274
2019-10-02,12.9,90.2,24,2019,275
2019-10-03,6.89,91,24,2019,276
2019-10-04,6.97,142,24,2019,277
2019-10-05,6.05,179,24,2019,278
2019-10-06,10.2,44.3,24,2019,279
2019-10-07,14.9,105,24,2019,280
2019-10-08,11.6,187,24,2019,281
2019-10-09,8.15,152,24,2019,282
2019-10-10,9.88,181,24,2019,283
2019-10-11,11.7,178,24,2019,284
2019-10-12,11.1,55.1,24,2019,285
2019-10-13,9.11,173,24,2019,286
2019-10-14,9.15,52.1,24,2019,287
2019-10-16,9.35,19.1,24,2019,289
2019-10-17,9.68,22.9,24,2019,290
2019-10-18,7.46,42.6,24,2019,291
2019-10-19,5.17,151,24,2019,292
2019-10-20,5.89,141,24,2019,293
2019-10-21,8.04,140,24,2019,294
2019-10-22,10.4,9.82,24,2019,295
2019-10-23,11.4,93.2,24,2019,296
2019-10-24,9.62,36.3,24,2019,297
2019-10-25,7.26,95,24,2019,298
2019-10-26,6.72,143,24,2019,299
2019-10-27,6.46,10.7,24,2019,300
2019-10-28,10.9,67.6,24,2019,301
2019-10-29,10.1,112,24,2019,302
2019-10-30,11.5,32.6,24,2019,303
2019-10-31,8.13,11.8,24,2019,304
2019-11-01,5.32,39.5,24,2019,305
2019-11-02,0.907,27.1,24,2019,306
2019-11-03,3.44,64.4,24,2019,307
2019-11-04,2.14,25.6,24,2019,308
2019-11-05,8.55,36.2,24,2019,309
2019-11-06,2.83,88.3,24,2019,310
2019-11-07,0.58,54.6,24,2019,311
2019-11-08,-3.09,81.1,24,2019,312
2019-11-09,-3.68,56.4,24,2019,313
2019-11-10,2.38,14.8,24,2019,314
2019-11-11,-4.44,42.9,24,2019,315
2019-11-12,-7.8,85.3,24,2019,316
2019-11-13,-11.8,119,24,2019,317
2019-11-16,-9.44,115,24,2019,320
2019-11-17,-9.97,99.7,24,2019,321
2019-11-18,-4.3,76.5,24,2019,322
2019-11-19,-1.41,82,24,2019,323
2019-11-20,0.612,44,24,2019,324
2019-11-21,-0.346,27.1,24,2019,325
2019-11-22,2.37,57.7,24,2019,326
2019-11-23,-1.58,81.3,24,2019,327
2019-11-24,0.0483,96.7,24,2019,328
2019-11-25,2.57,58.9,24,2019,329
2019-11-26,4.93,39.5,24,2019,330
2019-11-27,1.17,12.1,24,2019,331
2019-11-28,0.252,24.7,24,2019,332
2019-11-29,-4.07,77.2,24,2019,333
2019-11-30,-7.71,92.6,24,2019,334
2019-12-01,-9.1,42,24,2019,335
2019-12-02,-3.04,94.2,24,2019,336
2019-12-03,-4.06,78.6,24,2019,337
2019-12-04,-2.75,24.7,24,2019,338
2019-12-05,-1.91,41.5,24,2019,339
2019-12-06,-4.26,34.1,24,2019,340
2019-12-07,-6.6,82.5,24,2019,341
2019-12-08,-7.7,18.9,24,2019,342
2019-12-09,2.84,15.3,24,2019,343
2019-12-10,3.73,33.9,24,2019,344
2019-12-11,-7.94,46.6,24,2019,345
2019-12-12,-7.02,68.4,24,2019,346
2019-12-13,-1.89,50.4,24,2019,347
2019-12-14,1.63,10.9,24,2019,348
2019-12-15,-3.11,54.5,24,2019,349
2019-12-16,-9.7,44.9,24,2019,350
2019-12-17,-3.82,24.2,24,2019,351
2019-12-18,-6.25,48.4,24,2019,352
2019-12-19,-19.3,65.4,24,2019,353
2019-12-20,-15.4,84.5,24,2019,354
2019-12-21,-12.5,66.8,24,2019,355
2019-12-22,-5.99,72.2,24,2019,356
2019-12-23,1.85,41.5,24,2019,357
2019-12-24,-1.83,69.8,24,2019,358
2019-12-25,-4.24,46.4,24,2019,359
2019-12-26,-4.84,26.1,24,2019,360
2019-12-27,-2.61,7.8,24,2019,361
2019-12-28,2.09,83.2,24,2019,362
2019-12-29,-2.16,36.3,24,2019,363
2019-12-30,-2.89,9.79,24,2019,364
2019-12-31,-1.07,28.9,24,2019,365
2020-01-01,-0.192,30.1,24,2020,1
2020-01-02,-0.371,43.2,24,2020,2
2020-01-03,3.92,29.3,24,2020,3
2020-01-04,0.994,24,24,2020,4
2020-01-05,-4.74,49.8,24,2020,5
2020-01-06,-9.55,27.3,24,2020,6
2020-01-07,-4.84,69.7,24,2020,7
2020-01-08,-2.97,56.4,24,2020,8
2020-01-09,-14.4,74.1,24,2020,9
2020-01-10,-5.56,8.63,24,2020,10
2020-01-11,3.22,8.2,24,2020,11
2020-01-12,-4.8,46.3,24,2020,12
2020-01-13,-9.35,25.3,24,2020,13
2020-01-14,-7.15,32.2,24,2020,14
2020-01-15,-3.79,23.5,24,2020,15
2020-01-16,-2.68,54.6,24,2020,16
2020-01-17,-16.7,107,24,2020,17
2020-01-18,-15.8,31,24,2020,18
2020-01-19,-12.3,67.4,24,2020,19
2020-01-20,-13.9,110,24,2020,20
2020-01-21,-13.4,81.3,24,2020,21
2020-01-22,-3.55,99.3,24,2020,22
2020-01-23,-1.74,64.4,24,2020,23
2020-01-24,-1.17,75.7,24,2020,24
2020-01-25,-0.74,31,24,2020,25
2020-01-26,0.537,34.1,24,2020,26
2020-01-27,1.05,43,24,2020,27
2020-01-28,-2.21,47.9,24,2020,28
2020-01-29,-8.57,125,24,2020,29
2020-01-30,-11.4,102,24,2020,30
2020-01-31,-11.1,61.7,24,2020,31
2020-02-01,-7.09,75.7,24,2020,32
2020-02-02,-5.22,43.4,24,2020,33
2020-02-03,-1.79,54.8,24,2020,34
2020-02-04,-1.78,74.6,24,2020,35
2020-02-05,-6.04,132,24,2020,36
2020-02-06,-8.25,37.4,24,2020,37
2020-02-07,-6.27,31.4,24,2020,38
2020-02-08,-15.9,147,24,2020,39
2020-02-09,-19.4,127,24,2020,40
2020-02-10,-6.26,96.9,24,2020,41
2020-02-11,-5.44,55.1,24,2020,42
2020-02-12,-1.21,128,24,2020,43
2020-02-13,-4.81,62,24,2020,44
2020-02-14,-19.1,160,24,2020,45
2020-02-15,-13.2,118,24,2020,46
2020-02-16,-0.628,108,24,2020,47
2020-02-17,-6.14,165,24,2020,48
2020-02-18,-9.7,22.9,24,2020,49
2020-02-19,-2.97,169,24,2020,50
2020-02-20,-12.7,172,24,2020,51
2020-02-21,-12.2,167,24,2020,52
2020-02-22,-1.46,161,24,2020,53
2020-02-23,-0.294,155,24,2020,54
2020-02-24,3.14,157,24,2020,55
2020-02-25,2.36,95.2,24,2020,56
2020-02-26,0.0738,41.9,24,2020,57
2020-02-27,-1.17,53.3,24,2020,58
2020-02-28,-9.68,148,24,2020,59
2020-02-29,-12.4,180,24,2020,60
2020-03-01,-10.5,196,24,2020,61
2020-03-02,-4.23,59.3,24,2020,62
2020-03-03,0.553,131,24,2020,63
2020-03-04,1.82,109,24,2020,64
2020-03-05,0.777,96.6,24,2020,65
2020-03-06,-0.177,84,24,2020,66
2020-03-07,-4.97,212,24,2020,67
2020-03-08,0.927,167,24,2020,68
2020-03-09,6.33,152,24,2020,69
2020-03-10,3.55,32.4,24,2020,70
2020-03-11,-2.78,150,24,2020,71
2020-03-12,-1.42,196,24,2020,72
2020-03-13,2.65,107,24,2020,73
2020-03-14,2.69,201,24,2020,74
2020-03-15,-3.55,232,24,2020,75
2020-03-16,-5.25,203,24,2020,76
2020-03-17,0.215,108,24,2020,77
2020-03-18,0.692,170,24,2020,78
2020-03-19,1.25,75.3,24,2020,79
2020-03-20,4.8,66.8,24,2020,80
2020-03-21,-5.5,232,24,2020,81
2020-03-22,-4.71,252,24,2020,82
2020-03-23,-3.28,79.7,24,2020,83
2020-03-24,0.208,166,24,2020,84
2020-03-25,0.733,114,24,2020,85
2020-03-26,4.31,59.4,24,2020,86
2020-03-27,3.23,258,24,2020,87
2020-03-28,1.55,113,24,2020,88
2020-03-29,3.95,16.5,24,2020,89
2020-03-30,5.17,62.8,24,2020,90
2020-03-31,3.72,197,24,2020,91
2020-04-01,3.01,211,24,2020,92
2020-04-02,5.06,220,24,2020,93
2020-04-03,6.64,64.7,24,2020,94
2020-04-04,8.63,223,24,2020,95
2020-04-05,9.07,76.1,24,2020,96
2020-04-06,5.84,274,24,2020,97
2020-04-07,6.98,253,24,2020,98
2020-04-08,5.2,99,24,2020,99
2020-04-09,5.01,77.7,24,2020,100
2020-04-10,2.84,106,24,2020,101
2020-04-11,2.58,272,24,2020,102
2020-04-12,5.37,106,24,2020,103
2020-04-13,10.6,26.8,24,2020,104
2020-04-14,4.45,185,24,2020,105
2020-04-15,0.892,243,24,2020,106
2020-04-16,0.504,255,24,2020,107
2020-04-17,1.69,246,24,2020,108
2020-04-18,3.63,273,24,2020,109
2020-04-19,5.71,71.5,24,2020,110
2020-04-20,0.88,313,24,2020,111
2020-04-21,2.39,99.8,24,2020,112
2020-04-22,-2,279,24,2020,113
2020-04-23,0.516,322,24,2020,114
2020-04-24,3.49,145,24,2020,115
2020-04-25,6.69,314,24,2020,116
2020-04-26,9.59,117,24,2020,117
2020-04-27,9.5,227,24,2020,118
2020-04-28,7.69,308,24,2020,119
2020-04-29,10.3,171,24,2020,120
2020-04-30,12.4,45.3,24,2020,121
2020-05-02,11.4,257,24,2020,123
2020-05-03,14.3,268,24,2020,124
2020-05-04,8.73,159,24,2020,125
2020-05-05,4.46,329,24,2020,126
2020-05-06,8.02,289,24,2020,127
2020-05-07,8.85,264,24,2020,128
2020-05-08,3.11,186,24,2020,129
2020-05-09,1.1,240,24,2020,130
2020-05-10,5.29,316,24,2020,131
2020-05-11,5.95,273,24,2020,132
2020-05-12,4.84,287,24,2020,133
2020-05-13,6.77,345,24,2020,134
2020-05-14,10.3,279,24,2020,135
2020-05-15,12.1,78.4,24,2020,136
2020-05-16,13,196,24,2020,137
2020-05-17,14.5,279,24,2020,138
2020-05-18,15.9,333,24,2020,139
2020-05-19,14.6,285,24,2020,140
2020-05-20,16.1,347,24,2020,141
2020-05-21,17.3,349,24,2020,142
2020-05-22,19.3,351,24,2020,143
2020-05-23,20.2,341,24,2020,144
2020-05-24,18.5,298,24,2020,145
2020-05-25,20.4,84.2,24,2020,146
2020-05-26,22.6,252,24,2020,147
2020-05-27,26,322,24,2020,148
2020-05-28,24.7,186,24,2020,149
2020-05-29,22.9,174,24,2020,150
2020-05-30,15.9,214,24,2020,151
2020-05-31,8.42,275,24,2020,152
2020-06-01,9.8,231,24,2020,153
2020-06-02,12.2,113,24,2020,154
2020-06-03,14.8,95.6,24,2020,155
2020-06-04,17.6,301,24,2020,156
2020-06-05,21,329,24,2020,157
2020-06-06,19.5,273,24,2020,158
2020-06-07,16.4,347,24,2020,159
2020-06-08,16.8,323,24,2020,160
2020-06-09,17.9,179,24,2020,161
2020-06-10,19.6,195,24,2020,162
2020-06-11,22.7,267,24,2020,163
2020-06-12,16,330,24,2020,164
2020-06-13,10,252,24,2020,165
2020-06-14,13.6,335,24,2020,166
2020-06-15,16.1,358,24,2020,167
2020-06-16,18.9,354,24,2020,168
2020-06-17,22,359,24,2020,169
2020-06-18,23.7,356,24,2020,170
2020-06-19,25.1,329,24,2020,171
2020-06-20,25.9,337,24,2020,172
2020-06-21,26.4,337,24,2020,173
2020-06-22,25.8,244,24,2020,174
2020-06-23,24.4,270,24,2020,175
2020-06-24,20.9,161,24,2020,176
2020-06-25,19.1,208,24,2020,177
2020-06-26,20.2,186,24,2020,178
2020-06-27,21,146,24,2020,179
2020-06-28,21.1,236,24,2020,180
2020-06-29,21.1,261,24,2020,181
2020-06-30,22.5,193,24,2020,182
2020-07-01,24.1,291,24,2020,183
2020-07-02,25.7,168,24,2020,184
2020-07-03,25.2,304,24,2020,185
2020-07-04,24.8,325,24,2020,186
2020-07-05,23,306,24,2020,187
2020-07-06,23.6,349,24,2020,188
2020-07-07,25.7,312,24,2020,189
2020-07-08,27.6,331,24,2020,190
2020-07-09,28.1,240,24,2020,191
2020-07-10,28.1,314,24,2020,192
2020-07-11,25.3,123,24,2020,193
2020-07-12,22.9,190,24,2020,194
2020-07-13,22,241,24,2020,195
2020-07-14,22.9,267,24,2020,196
2020-07-15,22.2,306,24,2020,197
2020-07-16,22.6,127,24,2020,198
2020-07-17,24.4,270,24,2020,199
2020-07-18,26.4,305,24,2020,200
2020-07-19,26.4,172,24,2020,201
2020-07-20,24.8,208,24,2020,202
2020-07-21,21.9,277,24,2020,203
2020-07-22,20.5,156,24,2020,204
2020-07-23,20.4,158,24,2020,205
2020-07-24,22.1,296,24,2020,206
2020-07-25,23.5,304,24,2020,207
2020-07-26,27.7,236,24,2020,208
2020-07-27,28.4,215,24,2020,209
2020-07-28,25.7,299,24,2020,210
2020-07-29,23.3,236,24,2020,211
2020-07-30,20.2,211,24,2020,212
2020-07-31,22,293,24,2020,213
2020-08-01,23.7,292,24,2020,214
2020-08-02,21.6,52.9,24,2020,215
2020-08-03,21.1,267,24,2020,216
2020-08-04,19.7,40.6,24,2020,217
2020-08-05,19.8,191,24,2020,218
2020-08-06,19.5,317,24,2020,219
2020-08-07,20.3,313,24,2020,220
2020-08-08,21.5,295,24,2020,221
2020-08-09,21.7,89.6,24,2020,222
2020-08-10,21.9,190,24,2020,223
2020-08-11,23.7,201,24,2020,224
2020-08-12,23.1,290,24,2020,225
2020-08-13,23.4,296,24,2020,226
2020-08-14,22.6,302,24,2020,227
2020-08-15,21.4,302,24,2020,228
2020-08-16,21.5,176,24,2020,229
2020-08-17,20,244,24,2020,230
2020-08-18,17.9,258,24,2020,231
2020-08-19,16.5,246,24,2020,232
2020-08-20,15.2,96.8,24,2020,233
2020-08-21,19.4,149,24,2020,234
2020-08-22,20.2,282,24,2020,235
2020-08-23,23,220,24,2020,236
2020-08-24,21.9,234,24,2020,237
2020-08-25,21.7,211,24,2020,238
2020-08-26,14.3,273,24,2020,239
2020-08-27,13.2,66.8,24,2020,240
2020-08-28,16.4,228,24,2020,241
2020-08-29,15.9,30.8,24,2020,242
2020-08-30,15.8,232,24,2020,243
2020-08-31,15.5,260,24,2020,244
2020-09-01,18.3,130,24,2020,245
2020-09-02,21.6,66,24,2020,246
2020-09-03,19.2,235,24,2020,247
2020-09-04,17.6,217,24,2020,248
2020-09-05,14.7,214,24,2020,249
2020-09-06,14.1,225,24,2020,250
2020-09-07,17.5,83,24,2020,251
2020-09-08,16,73.1,24,2020,252
2020-09-09,13.9,44.7,24,2020,253
2020-09-10,13.2,46.7,24,2020,254
2020-09-11,12.6,226,24,2020,255
2020-09-12,12,236,24,2020,256
2020-09-13,16.8,55.3,24,2020,257
2020-09-14,14.3,190,24,2020,258
2020-09-15,8.75,129,24,2020,259
2020-09-16,15.6,190,24,2020,260
2020-09-17,14,226,24,2020,261
2020-09-18,8.31,197,24,2020,262
2020-09-19,7.79,235,24,2020,263
2020-09-20,9.6,232,24,2020,264
2020-09-21,8.55,220,24,2020,265
2020-09-22,10.4,191,24,2020,266
2020-09-23,16.3,202,24,2020,267
2020-09-24,14.9,61.3,24,2020,268
2020-09-25,14,145,24,2020,269
2020-09-26,15.4,161,24,2020,270
2020-09-27,20.3,129,24,2020,271
2020-09-28,20.6,142,24,2020,272
2020-09-29,19.3,82.6,24,2020,273
2020-09-30,13.4,83.7,24,2020,274
2020-10-01,12.8,144,24,2020,275
2020-10-02,10.2,62,24,2020,276
2020-10-03,8.13,104,24,2020,277
2020-10-04,8.5,92.6,24,2020,278
2020-10-05,10.3,76.8,24,2020,279
2020-10-06,10.5,85.6,24,2020,280
2020-10-07,13.2,72.8,24,2020,281
2020-10-08,7.49,156,24,2020,282
2020-10-09,6.46,138,24,2020,283
2020-10-10,16.5,122,24,2020,284
2020-10-11,7.71,180,24,2020,285
2020-10-12,6.37,99.7,24,2020,286
2020-10-13,10,34.3,24,2020,287
2020-10-14,9.75,164,24,2020,288
2020-10-15,11.3,29.8,24,2020,289
2020-10-16,9.64,48.4,24,2020,290
2020-10-17,6.11,147,24,2020,291
2020-10-18,8.66,35.1,24,2020,292
2020-10-19,9.03,25.5,24,2020,293
2020-10-20,6.33,116,24,2020,294
2020-10-22,8.78,50.8,24,2020,296
2020-10-23,14.2,111,24,2020,297
2020-10-24,11,84.2,24,2020,298
2020-10-25,2.92,115,24,2020,299
2020-10-26,2.22,16.6,24,2020,300
2020-10-27,1.38,97.1,24,2020,301
2020-10-28,2.19,80.9,24,2020,302
2020-10-29,5.97,22.5,24,2020,303
2020-10-30,-0.0983,138,24,2020,304
2020-10-31,-0.456,139,24,2020,305
2020-11-01,4.12,18.5,24,2020,306
2020-11-02,0.679,84.8,24,2020,307
2020-11-03,-1.42,86.7,24,2020,308
2020-11-04,1.62,110,24,2020,309
2020-11-05,7.34,111,24,2020,310
2020-11-06,12.7,76.5,24,2020,311
2020-11-07,13.8,97.6,24,2020,312
2020-11-08,13.1,114,24,2020,313
2020-11-09,12.5,93.3,24,2020,314
2020-11-10,13.9,72.4,24,2020,315
2020-11-11,17.1,31,24,2020,316
2020-11-12,5.92,84.7,24,2020,317
2020-11-13,1.71,57.7,24,2020,318
2020-11-14,2.73,92.4,24,2020,319
2020-11-15,-0.61,13.9,24,2020,320
2020-11-16,6.23,48.5,24,2020,321
2020-11-17,0.77,54.5,24,2020,322
2020-11-18,-6.05,86.9,24,2020,323
2020-11-19,-1.13,59.9,24,2020,324
2020-11-20,7.13,24.3,24,2020,325
2020-11-21,5.59,64.3,24,2020,326
2020-11-22,-2.21,23.7,24,2020,327
2020-11-23,-0.473,58.6,24,2020,328
2020-11-24,-3.13,97.7,24,2020,329
2020-11-25,-5.08,18.6,24,2020,330
2020-11-26,0.447,19.1,24,2020,331
2020-11-27,2.29,14.1,24,2020,332
2020-11-28,2.92,52.8,24,2020,333
2020-11-29,3.68,82.2,24,2020,334
2020-11-30,2.36,13,24,2020,335
2020-12-01,4.31,14.4,24,2020,336
2020-12-02,-0.0729,35.9,24,2020,337
2020-12-03,-0.489,18.4,24,2020,338
2020-12-04,2.36,12.1,24,2020,339
2020-12-05,0.136,14.7,24,2020,340
2020-12-06,-3.23,80.7,24,2020,341
2020-12-07,-4.68,63.1,24,2020,342
2020-12-08,-6.46,68.4,24,2020,343
2020-12-09,-3.45,19.1,24,2020,344
2020-12-10,0.891,37.2,24,2020,345
2020-12-11,0.965,46.4,24,2020,346
2020-12-12,1.45,10.9,24,2020,347
2020-12-13,1.49,27.6,24,2020,348
2020-12-14,-3.08,17.7,24,2020,349
2020-12-15,-8.17,79.1,24,2020,350
2020-12-16,-15.2,34.4,24,2020,351
2020-12-17,-10.4,62.2,24,2020,352
2020-12-18,-9.53,86.1,24,2020,353
2020-12-19,-9.28,22.5,24,2020,354
2020-12-20,-2.81,13.3,24,2020,355
2020-12-21,1.57,44.6,24,2020,356
2020-12-22,0.198,24.8,24,2020,357
2020-12-23,-6.71,19.3,24,2020,358
2020-12-24,0.364,12.3,24,2020,359
2020-12-25,4.95,8.66,24,2020,360
2020-12-26,-4.81,44.6,24,2020,361
2020-12-27,-7.23,63.4,24,2020,362
2020-12-28,-1.33,9.96,24,2020,363
2020-12-29,-7.18,85.9,24,2020,364
2020-12-30,-6.61,12.1,24,2020,365
2020-12-31,0.418,31.9,24,2020,366
2021-01-01,-2.36,29.1,24,2021,1
2021-01-02,-2.49,71.3,24,2021,2
2021-01-03,-3.04,39.9,24,2021,3
2021-01-04,-2.04,37.3,24,2021,4
2021-01-05,-1.76,36.6,24,2021,5
2021-01-06,-2.59,53.2,24,2021,6
2021-01-07,-3.79,39.4,24,2021,7
2021-01-08,-7.46,94.5,24,2021,8
2021-01-09,-5.93,70.7,24,2021,9
2021-01-10,-7.86,50.9,24,2021,10
2021-01-11,-4.58,57.1,24,2021,11
2021-01-12,-0.00715,28.7,24,2021,12
2021-01-13,-0.809,16,24,2021,13
2021-01-14,0.399,28,24,2021,14
2021-01-15,-0.125,63.5,24,2021,15
2021-01-16,-0.00783,31,24,2021,16
2021-01-17,-0.966,42.2,24,2021,17
2021-01-18,-7.63,99.3,24,2021,18
2021-01-19,-11,62.5,24,2021,19
2021-01-20,-9.92,104,24,2021,20
2021-01-21,-12.2,26.9,24,2021,21
2021-01-22,-5.71,53.8,24,2021,22
2021-01-23,-13.1,114,24,2021,23
2021-01-24,-15.4,117,24,2021,24
2021-01-25,-12.6,43,24,2021,25
2021-01-26,-5.98,48.2,24,2021,26
2021-01-27,-5.15,88.6,24,2021,27
2021-01-28,-9.64,83.9,24,2021,28
2021-01-29,-15.8,123,24,2021,29
2021-01-30,-15.2,127,24,2021,30
2021-01-31,-16.2,128,24,2021,31
2021-02-01,-15.2,130,24,2021,32
2021-02-02,-7.57,31.4,24,2021,33
2021-02-03,-1.45,84.5,24,2021,34
2021-02-04,-2.49,134,24,2021,35
2021-02-05,-4.52,23.4,24,2021,36
2021-02-06,-6.25,127,24,2021,37
2021-02-07,-8.19,57.1,24,2021,38
2021-02-08,-11.4,122,24,2021,39
2021-02-09,-9.8,111,24,2021,40
2021-02-10,-9.92,126,24,2021,41
2021-02-11,-11.9,153,24,2021,42
2021-02-12,-16.8,123,24,2021,43
2021-02-13,-16.6,113,24,2021,44
2021-02-14,-10.9,150,24,2021,45
2021-02-15,-8.85,99,24,2021,46
2021-02-16,-8.43,47.3,24,2021,47
2021-02-17,-12.9,167,24,2021,48
2021-02-18,-12.5,125,24,2021,49
2021-02-19,-7.72,63,24,2021,50
2021-02-20,-8.77,150,24,2021,51
2021-02-21,-8.13,146,24,2021,52
2021-02-22,-5.36,46.1,24,2021,53
2021-02-23,-0.204,56.2,24,2021,54
2021-02-24,0.816,62.9,24,2021,55
2021-02-25,-4.4,172,24,2021,56
2021-02-26,-7.43,181,24,2021,57
2021-02-27,-5.44,40.9,24,2021,58
2021-02-28,-2.97,148,24,2021,59
2021-03-01,1.05,123,24,2021,60
2021-03-02,-13.8,201,24,2021,61
2021-03-03,-4.31,80.8,24,2021,62
2021-03-04,-6.75,198,24,2021,63
2021-03-05,-10.6,173,24,2021,64
2021-03-06,-9.14,159,24,2021,65
2021-03-07,-9.62,213,24,2021,66
2021-03-08,-10.4,141,24,2021,67
2021-03-09,-0.264,201,24,2021,68
2021-03-10,0.512,188,24,2021,69
2021-03-11,7.97,119,24,2021,70
2021-03-12,5.19,155,24,2021,71
2021-03-13,-5.18,197,24,2021,72
2021-03-14,-2.99,197,24,2021,73
2021-03-15,-10.4,228,24,2021,74
2021-03-16,-5.4,202,24,2021,75
2021-03-17,0.0859,203,24,2021,76
2021-03-18,2.91,145,24,2021,77
2021-03-19,-4.11,236,24,2021,78
2021-03-20,2.26,237,24,2021,79
2021-03-21,5.54,239,24,2021,80
2021-03-22,7.01,240,24,2021,81
2021-03-23,9.22,211,24,2021,82
2021-03-24,7.4,53.8,24,2021,83
2021-03-25,11.5,176,24,2021,84
2021-03-26,7.71,22.5,24,2021,85
2021-03-27,1.63,106,24,2021,86
2021-03-28,3.62,25.9,24,2021,87
2021-03-29,1.46,253,24,2021,88
2021-03-30,5.13,220,24,2021,89
2021-03-31,11.3,26.2,24,2021,90
2021-04-01,0.697,192,24,2021,91
2021-04-02,-2.83,275,24,2021,92
2021-04-03,1.56,261,24,2021,93
2021-04-04,6.43,247,24,2021,94
2021-04-05,8.02,270,24,2021,95
2021-04-06,7.35,270,24,2021,96
2021-04-07,10.3,264,24,2021,97
2021-04-08,13.6,267,24,2021,98
2021-04-09,15.3,228,24,2021,99
2021-04-10,15.1,249,24,2021,100
2021-04-11,14.4,173,24,2021,101
2021-04-12,13.4,230,24,2021,102
2021-04-13,13.1,208,24,2021,103
2021-04-14,12.7,157,24,2021,104
2021-04-15,9.91,50.4,24,2021,105
2021-04-16,6.39,86.2,24,2021,106
2021-04-17,7.43,195,24,2021,107
2021-04-18,8.9,172,24,2021,108
2021-04-19,10.8,230,24,2021,109
2021-04-20,7.83,123,24,2021,110
2021-04-21,0.498,149,24,2021,111
2021-04-22,0.644,230,24,2021,112
2021-04-23,7.26,310,24,2021,113
2021-04-24,13.1,235,24,2021,114
2021-04-25,9.88,114,24,2021,115
2021-04-26,3.61,317,24,2021,116
2021-04-27,7.78,241,24,2021,117
2021-04-28,11.9,80.5,24,2021,118
2021-04-29,11.6,132,24,2021,119
2021-04-30,9.23,48.8,24,2021,120
2021-05-01,3.78,278,24,2021,121
2021-05-02,7.58,245,24,2021,122
2021-05-03,8.66,50.8,24,2021,123
2021-05-04,9.69,95.4,24,2021,124
2021-05-05,9.47,43,24,2021,125
2021-05-06,8.92,277,24,2021,126
2021-05-07,9.19,154,24,2021,127
2021-05-08,7.89,126,24,2021,128
2021-05-09,8.81,243,24,2021,129
2021-05-10,10.5,229,24,2021,130
2021-05-11,7.78,160,24,2021,131
2021-05-12,10.1,326,24,2021,132
2021-05-13,13.3,334,24,2021,133
2021-05-14,16,348,24,2021,134
2021-05-15,17.5,322,24,2021,135
2021-05-16,17.3,341,24,2021,136
2021-05-17,17.5,297,24,2021,137
2021-05-18,19.8,300,24,2021,138
2021-05-19,20,305,24,2021,139
2021-05-20,22.6,210,24,2021,140
2021-05-21,24.2,216,24,2021,141
2021-05-22,24.4,175,24,2021,142
2021-05-23,18.6,273,24,2021,143
2021-05-24,14,356,24,2021,144
2021-05-25,18.4,224,24,2021,145
2021-05-26,23.5,160,24,2021,146
2021-05-27,13.4,327,24,2021,147
2021-05-28,7.58,275,24,2021,148
2021-05-30,13.1,348,24,2021,150
2021-05-31,14.4,357,24,2021,151
2021-06-01,18.4,261,24,2021,152
2021-06-02,19.9,307,24,2021,153
2021-06-03,18.4,108,24,2021,154
2021-06-04,19.9,279,24,2021,155
2021-06-05,21.2,149,24,2021,156
2021-06-06,23.9,318,24,2021,157
2021-06-07,27,286,24,2021,158
2021-06-08,27,258,24,2021,159
2021-06-09,25.3,350,24,2021,160
2021-06-10,19.7,343,24,2021,161
2021-06-11,19.8,243,24,2021,162
2021-06-12,20.3,337,24,2021,163
2021-06-13,21,258,24,2021,164
2021-06-14,20.3,122,24,2021,165
2021-06-15,17.1,176,24,2021,166
2021-06-16,16,320,24,2021,167
2021-06-17,17.9,363,24,2021,168
2021-06-18,18.1,82.4,24,2021,169
2021-06-19,19.9,332,24,2021,170
2021-06-20,21.4,312,24,2021,171
2021-06-21,22.3,182,24,2021,172
2021-06-22,15.8,196,24,2021,173
2021-06-23,14.5,333,24,2021,174
2021-06-24,19.4,318,24,2021,175
2021-06-25,21.9,129,24,2021,176
2021-06-26,20.4,68,24,2021,177
2021-06-27,25.3,232,24,2021,178
2021-06-28,26.6,270,24,2021,179
2021-06-29,23.9,182,24,2021,180
2021-06-30,24,237,24,2021,181
2021-07-01,19.9,210,24,2021,182
2021-07-02,20.1,223,24,2021,183
2021-07-03,17.7,258,24,2021,184
2021-07-04,18.1,336,24,2021,185
2021-07-05,20.4,260,24,2021,186
2021-07-06,24.1,227,24,2021,187
2021-07-07,17.5,150,24,2021,188
2021-07-08,15.6,75.6,24,2021,189
2021-07-09,16.4,142,24,2021,190
2021-07-10,19.1,306,24,2021,191
2021-07-11,20.6,247,24,2021,192
2021-07-12,21.7,286,24,2021,193
2021-07-13,22.7,123,24,2021,194
2021-07-14,23.8,267,24,2021,195
2021-07-16,22.4,279,24,2021,197
2021-07-17,21.3,147,24,2021,198
2021-07-18,22.7,278,24,2021,199
2021-07-22,20,261,24,2021,203
2021-07-23,18.8,254,24,2021,204
2021-07-24,19.9,263,24,2021,205
2021-07-25,22.6,240,24,2021,206
2021-07-27,18.2,73.6,24,2021,208
2021-07-28,17.8,263,24,2021,209
2021-07-29,16.5,62.4,24,2021,210
2021-07-30,16.2,305,24,2021,211
2021-07-31,16.6,301,24,2021,212
2021-08-01,16,106,24,2021,213
2021-08-02,17.8,312,24,2021,214
2021-08-03,19.3,272,24,2021,215
2021-08-04,20.9,254,24,2021,216
2021-08-05,22.1,282,24,2021,217
2021-08-06,23.3,246,24,2021,218
2021-08-07,22.6,180,24,2021,219
2021-08-08,22.4,217,24,2021,220
2021-08-09,24.2,234,24,2021,221
2021-08-10,25.3,178,24,2021,222
2021-08-11,25.8,203,24,2021,223
2021-08-12,26.2,159,24,2021,224
2021-08-13,25,209,24,2021,225
2021-08-14,21.8,295,24,2021,226
2021-08-15,18.1,286,24,2021,227
2021-08-16,18.8,273,24,2021,228
2021-08-17,19,84.8,24,2021,229
2021-08-18,23.6,152,24,2021,230
2021-08-19,23.5,143,24,2021,231
2021-08-20,24.6,218,24,2021,232
2021-08-21,26,240,24,2021,233
2021-08-22,26.3,251,24,2021,234
2021-08-23,25.5,168,24,2021,235
2021-08-24,25,256,24,2021,236
2021-08-25,24.7,197,24,2021,237
2021-08-26,26.8,259,24,2021,238
2021-08-27,21.5,244,24,2021,239
2021-08-28,18.3,81.8,24,2021,240
2021-08-29,18.4,58.9,24,2021,241
2021-08-30,24.3,238,24,2021,242
2021-08-31,21.5,263,24,2021,243
2021-09-01,18.7,226,24,2021,244
2021-09-02,15.5,110,24,2021,245
2021-09-03,17.2,166,24,2021,246
2021-09-04,17.7,250,24,2021,247
2021-09-05,19.2,89.9,24,2021,248
2021-09-06,17.8,170,24,2021,249
2021-09-07,16.9,225,24,2021,250
2021-09-08,19.1,127,24,2021,251
2021-09-09,17.7,166,24,2021,252
2021-09-10,15.9,221,24,2021,253
2021-09-11,17.1,149,24,2021,254
2021-09-12,20,169,24,2021,255
2021-09-13,16.5,213,24,2021,256
2021-09-14,15,151,24,2021,257
2021-09-15,18.6,144,24,2021,258
2021-09-16,15.6,223,24,2021,259
2021-09-17,17.6,177,24,2021,260
2021-09-18,20,218,24,2021,261
2021-09-19,15.1,230,24,2021,262
2021-09-20,14.2,212,24,2021,263
2021-09-21,18.5,121,24,2021,264
2021-09-22,18.9,30.4,24,2021,265
2021-09-23,18.5,41.2,24,2021,266
2021-09-24,16.4,129,24,2021,267
2021-09-25,14.9,201,24,2021,268
2021-09-26,15.3,176,24,2021,269
2021-09-28,11.7,172,24,2021,271
2021-09-29,11.4,75.9,24,2021,272
2021-09-30,11.6,187,24,2021,273
2021-10-02,12.3,23.5,24,2021,275
2021-10-03,11.3,28.5,24,2021,276
2021-10-05,15.7,143,24,2021,278
2021-10-06,13.2,177,24,2021,279
2021-10-07,12.9,156,24,2021,280
2021-10-08,14.1,177,24,2021,281
2021-10-09,15.2,86.2,24,2021,282
2021-10-10,15.6,68.2,24,2021,283
2021-10-11,17.7,113,24,2021,284
2021-10-12,17.1,156,24,2021,285
2021-10-13,16.5,45.5,24,2021,286
2021-10-14,17.7,106,24,2021,287
2021-10-15,17.5,52.8,24,2021,288
2021-10-16,16.9,24.5,24,2021,289
2021-10-17,9.96,79,24,2021,290
2021-10-18,8.12,85.3,24,2021,291
2021-10-19,8.78,94.9,24,2021,292
2021-10-20,12.4,133,24,2021,293
2021-10-21,12.4,21.3,24,2021,294
2021-10-22,8.35,81.1,24,2021,295
2021-10-23,3.88,132,24,2021,296
2021-10-24,6.65,121,24,2021,297
2021-10-25,5.86,29,24,2021,298
2021-10-26,7.07,14.6,24,2021,299
2021-10-27,9.52,121,24,2021,300
2021-10-28,7.25,98.7,24,2021,301
2021-10-29,6.43,139,24,2021,302
2021-10-30,7.48,24.8,24,2021,303
2021-10-31,9.74,13.9,24,2021,304
2021-11-01,8.42,119,24,2021,305
2021-11-02,3.47,72.7,24,2021,306
2021-11-03,2.88,100,24,2021,307
2021-11-04,0.547,109,24,2021,308
2021-11-05,1.26,125,24,2021,309
2021-11-06,4.09,114,24,2021,310
2021-11-07,5.31,116,24,2021,311
2021-11-08,9.21,114,24,2021,312
2021-11-09,9.4,80.4,24,2021,313
2021-11-10,6.54,118,24,2021,314
2021-11-11,2.66,72.5,24,2021,315
2021-11-12,7.3,36.2,24,2021,316
2021-11-13,4.46,29,24,2021,317
2021-11-14,3.15,57.4,24,2021,318
2021-11-15,1.85,47.6,24,2021,319
2021-11-16,1.58,77.5,24,2021,320
2021-11-17,-1.11,20,24,2021,321
2021-11-18,3.18,10.9,24,2021,322
2021-11-19,2.6,63.7,24,2021,323
2021-11-20,-0.758,40.1,24,2021,324
2021-11-21,3.25,40.4,24,2021,325
2021-11-22,3.42,79,24,2021,326
2021-11-23,-3.38,75.5,24,2021,327
2021-11-24,-3.24,91.3,24,2021,328
2021-11-25,0.609,8.41,24,2021,329
2021-11-26,1.29,13.4,24,2021,330
2021-11-27,-3.89,92.9,24,2021,331
2021-11-28,-5.76,74.2,24,2021,332
2021-11-29,-3.79,73.6,24,2021,333
2021-11-30,-2.91,41.7,24,2021,334
2021-12-01,-1.71,91.5,24,2021,335
2021-12-02,1.88,10.9,24,2021,336
2021-12-03,-2.34,93,24,2021,337
2021-12-04,-7.37,31.4,24,2021,338
2021-12-05,-7.68,71.7,24,2021,339
2021-12-06,-1.16,10.5,24,2021,340
2021-12-07,-4.2,49,24,2021,341
2021-12-08,-8.97,39.3,24,2021,342
2021-12-09,-8.4,70.1,24,2021,343
2021-12-10,-6.83,25.9,24,2021,344
2021-12-11,-0.852,17.2,24,2021,345
2021-12-12,3.5,84.1,24,2021,346
2021-12-13,4.53,65.2,24,2021,347
2021-12-14,1.29,85.6,24,2021,348
2021-12-15,-3.24,17.4,24,2021,349
2021-12-16,3.22,51,24,2021,350
2021-12-17,6.79,20.2,24,2021,351
2021-12-18,-3.04,12.7,24,2021,352
2021-12-19,-7.65,73.8,24,2021,353
2021-12-20,-11.2,29.1,24,2021,354
2021-12-21,-0.849,78.5,24,2021,355
2021-12-22,-4.47,18.3,24,2021,356
2021-12-23,-11.9,84.5,24,2021,357
2021-12-24,-11,63.8,24,2021,358
2021-12-25,-6.1,11.1,24,2021,359
2021-12-26,-1.95,21.6,24,2021,360
2021-12-27,-9.57,35.4,24,2021,361
2021-12-28,-6.49,26.1,24,2021,362
2021-12-29,-3.22,48.9,24,2021,363
2021-12-30,-3.98,45,24,2021,364
2021-12-31,-2.45,19.3,24,2021,365
2022-01-01,-0.597,19.4,24,2022,1
2022-01-02,-8.69,31.6,24,2022,2
2022-01-03,-15.1,92.5,24,2022,3
2022-01-04,-8.99,17.6,24,2022,4
2022-01-05,-3.02,29.5,24,2022,5
2022-01-06,-3.29,39.7,24,2022,6
2022-01-07,-11.5,76.8,24,2022,7
2022-01-08,-16.8,88.3,24,2022,8
2022-01-09,-7.42,12.9,24,2022,9
2022-01-10,-9.79,83.2,24,2022,10
2022-01-11,-21.6,97.9,24,2022,11
2022-01-12,-14.5,16.7,24,2022,12
2022-01-13,-7.47,30.1,24,2022,13
2022-01-14,-11.8,105,24,2022,14
2022-01-15,-22.5,105,24,2022,15
2022-01-16,-21.1,105,24,2022,16
2022-01-17,-10.5,19.3,24,2022,17
2022-01-18,-11.7,106,24,2022,18
2022-01-19,-15.7,23.7,24,2022,19
2022-01-20,-14.8,111,24,2022,20
2022-01-21,-23,115,24,2022,21
2022-01-22,-23.8,80.6,24,2022,22
2022-01-23,-15.6,101,24,2022,23
2022-01-24,-20.8,69,24,2022,24
2022-01-25,-13.7,112,24,2022,25
2022-01-26,-19.7,122,24,2022,26
2022-01-27,-17.5,52.6,24,2022,27
2022-01-28,-12,121,24,2022,28
2022-01-29,-19.4,127,24,2022,29
2022-01-30,-15.6,117,24,2022,30
2022-01-31,-13.7,101,24,2022,31
2022-02-01,-11.6,117,24,2022,32
2022-02-02,-1.87,36.5,24,2022,33
2022-02-03,-3.75,54.8,24,2022,34
2022-02-04,-12.1,70.4,24,2022,35
2022-02-05,-15.2,141,24,2022,36
2022-02-06,-15.5,46.9,24,2022,37
2022-02-07,-7.91,126,24,2022,38
2022-02-08,-4.49,67.7,24,2022,39
2022-02-09,-5.35,82.6,24,2022,40
2022-02-10,0.564,51.2,24,2022,41
2022-02-11,1.11,23.8,24,2022,42
2022-02-12,-2.62,75.2,24,2022,43
2022-02-13,-18.1,155,24,2022,44
2022-02-14,-18.1,162,24,2022,45
2022-02-15,-14.4,161,24,2022,46
2022-02-16,-8.97,62.3,24,2022,47
2022-02-17,4.35,21.9,24,2022,48
2022-02-18,-9.44,168,24,2022,49
2022-02-19,-11.3,114,24,2022,50
2022-02-20,-11.5,55.1,24,2022,51
2022-02-21,0.568,91.5,24,2022,52
2022-02-22,-6.71,49.3,24,2022,53
2022-02-23,-5.23,111,24,2022,54
2022-02-24,-13.5,181,24,2022,55
2022-02-25,-11.9,68.3,24,2022,56
2022-02-26,-15,155,24,2022,57
2022-02-27,-4.41,120,24,2022,58
2022-02-28,-13.4,192,24,2022,59
2022-03-01,-13.3,41,24,2022,60
2022-03-02,-8.3,151,24,2022,61
2022-03-03,-8.86,202,24,2022,62
2022-03-04,-12.9,146,24,2022,63
2022-03-05,-7.33,147,24,2022,64
2022-03-06,1.39,85.1,24,2022,65
2022-03-07,2.13,40.9,24,2022,66
2022-03-08,-3.86,208,24,2022,67
2022-03-09,-1.7,138,24,2022,68
2022-03-10,-0.359,182,24,2022,69
2022-03-11,-1.57,113,24,2022,70
2022-03-12,-3.53,116,24,2022,71
2022-03-13,-8.16,154,24,2022,72
2022-03-14,-0.99,182,24,2022,73
2022-03-15,1.24,163,24,2022,74
2022-03-16,0.699,189,24,2022,75
2022-03-17,4.88,201,24,2022,76
2022-03-18,5.75,115,24,2022,77
2022-03-19,3.97,24.5,24,2022,78
2022-03-20,3.41,82,24,2022,79
2022-03-21,3.07,241,24,2022,80
2022-03-22,0.285,242,24,2022,81
2022-03-23,0.704,144,24,2022,82
2022-03-24,3.33,48.1,24,2022,83
2022-03-25,5.09,90.8,24,2022,84
2022-03-26,4.06,119,24,2022,85
2022-03-27,-1.84,153,24,2022,86
2022-03-28,-10.5,136,24,2022,87
2022-03-29,-6.04,266,24,2022,88
2022-03-30,-1.92,161,24,2022,89
2022-03-31,1.85,82.9,24,2022,90
2022-04-01,5.18,122,24,2022,91
2022-04-02,1.37,257,24,2022,92
2022-04-03,2.86,120,24,2022,93
2022-04-04,4.46,180,24,2022,94
2022-04-05,6.63,250,24,2022,95
2022-04-06,8.77,242,24,2022,96
2022-04-07,6.38,28.5,24,2022,97
2022-04-08,3.84,99.3,24,2022,98
2022-04-09,4.41,175,24,2022,99
2022-04-10,4.19,139,24,2022,100
2022-04-11,4.98,230,24,2022,101
2022-04-12,11,283,24,2022,102
2022-04-13,9.58,43.9,24,2022,103
2022-04-15,8.2,186,24,2022,105
2022-04-16,4.75,240,24,2022,106
2022-04-17,3.28,212,24,2022,107
2022-04-18,4.65,263,24,2022,108
2022-04-19,3.78,84.1,24,2022,109
2022-04-20,3.73,270,24,2022,110
2022-04-21,5.99,60.9,24,2022,111
2022-04-22,8.62,227,24,2022,112
2022-04-23,5.93,168,24,2022,113
2022-04-24,8.55,238,24,2022,114
2022-04-25,11.1,107,24,2022,115
2022-04-26,11.5,141,24,2022,116
2022-04-27,4.39,111,24,2022,117
2022-04-28,3.51,326,24,2022,118
2022-04-29,6.09,328,24,2022,119
2022-04-30,8.64,328,24,2022,120
2022-05-01,11.5,308,24,2022,121
2022-05-02,12.2,102,24,2022,122
2022-05-03,12.1,89.6,24,2022,123
2022-05-04,12.8,220,24,2022,124
2022-05-05,10.9,328,24,2022,125
2022-05-06,12.3,333,24,2022,126
2022-05-07,10.1,340,24,2022,127
2022-05-08,11.6,341,24,2022,128
2022-05-09,13.7,341,24,2022,129
2022-05-10,16.9,328,24,2022,130
2022-05-11,18.5,328,24,2022,131
2022-05-12,21.4,290,24,2022,132
2022-05-13,22.5,312,24,2022,133
2022-05-14,23,296,24,2022,134
2022-05-15,20.6,163,24,2022,135
2022-05-16,17.9,164,24,2022,136
2022-05-17,12,144,24,2022,137
2022-05-18,10.9,351,24,2022,138
2022-05-19,9.25,74.9,24,2022,139
2022-05-20,14.6,297,24,2022,140
2022-05-21,22.9,199,24,2022,141
2022-05-22,16.8,94.9,24,2022,142
2022-05-23,11.5,280,24,2022,143
2022-05-24,13.4,255,24,2022,144
2022-05-25,14.1,302,24,2022,145
2022-05-26,18.2,134,24,2022,146
2022-05-27,20.3,113,24,2022,147
2022-05-28,18.1,279,24,2022,148
2022-05-29,18.8,287,24,2022,149
2022-05-30,20.5,234,24,2022,150
2022-05-31,22,322,24,2022,151
2022-06-01,16,124,24,2022,152
2022-06-02,16,135,24,2022,153
2022-06-03,17.5,309,24,2022,154
2022-06-04,15.9,264,24,2022,155
2022-06-05,14.6,354,24,2022,156
2022-06-06,16.9,159,24,2022,157
2022-06-07,17.3,52.4,24,2022,158
2022-06-08,18.4,328,24,2022,159
2022-06-09,16.4,156,24,2022,160
2022-06-10,16.1,276,24,2022,161
2022-06-11,17.7,315,24,2022,162
2022-06-12,17.1,118,24,2022,163
2022-06-13,17.5,292,24,2022,164
2022-06-14,19.4,322,24,2022,165
2022-06-15,20.2,190,24,2022,166
2022-06-16,22.4,164,24,2022,167
2022-06-17,22,262,24,2022,168
2022-06-18,12.1,214,24,2022,169
2022-06-19,14,363,24,2022,170
2022-06-20,17.3,351,24,2022,171
2022-06-21,16.4,58.2,24,2022,172
2022-06-22,19.9,262,24,2022,173
2022-06-23,20.2,71.5,24,2022,174
2022-06-24,20.2,266,24,2022,175
2022-06-25,23.4,339,24,2022,176
2022-06-26,24.2,241,24,2022,177
2022-06-27,21.1,306,24,2022,178
2022-06-28,18.5,320,24,2022,179
2022-06-29,17.7,165,24,2022,180
2022-06-30,17.2,236,24,2022,181
2022-07-01,22.3,186,24,2022,182
2022-07-02,22.6,298,24,2022,183
2022-07-03,19.9,346,24,2022,184
2022-07-04,20.5,334,24,2022,185
2022-07-05,19.6,87.3,24,2022,186
2022-07-06,18.9,305,24,2022,187
2022-07-07,18.8,358,24,2022,188
2022-07-08,21,276,24,2022,189
2022-07-09,17.5,350,24,2022,190
2022-07-10,19.9,319,24,2022,191
2022-07-11,22.3,253,24,2022,192
2022-07-12,22.3,201,24,2022,193
2022-07-13,20.3,291,24,2022,194
2022-07-14,20.2,262,24,2022,195
2022-07-15,20.3,296,24,2022,196
2022-07-16,22.9,338,24,2022,197
2022-07-17,24.6,323,24,2022,198
2022-07-18,22,56.7,24,2022,199
2022-07-19,23,308,24,2022,200
2022-07-20,26,193,24,2022,201
2022-07-21,25.4,228,24,2022,202
2022-07-22,23.5,312,24,2022,203
2022-07-23,23.8,277,24,2022,204
2022-07-24,23.3,123,24,2022,205
2022-07-25,22.4,289,24,2022,206
2022-07-26,20.1,315,24,2022,207
2022-07-27,21,241,24,2022,208
2022-07-28,22.4,205,24,2022,209
2022-07-29,21.5,267,24,2022,210
2022-07-30,20.5,172,24,2022,211
2022-07-31,20.8,290,24,2022,212
2022-08-01,22.9,289,24,2022,213
2022-08-02,23,234,24,2022,214
2022-08-03,18.4,222,24,2022,215
2022-08-04,23,123,24,2022,216
2022-08-05,24.1,305,24,2022,217
2022-08-06,24.2,279,24,2022,218
2022-08-07,25.9,166,24,2022,219
2022-08-08,18.1,43.3,24,2022,220
2022-08-09,16.7,112,24,2022,221
2022-08-10,19.8,251,24,2022,222
2022-08-11,20.7,269,24,2022,223
2022-08-12,17.7,292,24,2022,224
2022-08-13,17.4,305,24,2022,225
2022-08-14,19.3,269,24,2022,226
2022-08-15,19.5,252,24,2022,227
2022-08-16,21.9,267,24,2022,228
2022-08-17,21.8,229,24,2022,229
2022-08-18,20.6,194,24,2022,230
2022-08-19,22.8,287,24,2022,231
2022-08-20,23.4,263,24,2022,232
2022-08-21,22.3,136,24,2022,233
2022-08-22,21.1,117,24,2022,234
2022-08-23,20.6,118,24,2022,235
2022-08-24,21.4,246,24,2022,236
2022-08-26,17.9,88.9,24,2022,238
2022-08-27,17.6,256,24,2022,239
2022-08-28,17.6,268,24,2022,240
2022-08-29,22.5,186,24,2022,241
2022-08-30,22.9,92.7,24,2022,242
2022-08-31,18.6,184,24,2022,243
2022-09-01,14.1,221,24,2022,244
2022-09-02,16,232,24,2022,245
2022-09-03,20.2,238,24,2022,246
2022-09-04,16.3,133,24,2022,247
2022-09-05,15.2,222,24,2022,248
2022-09-06,16.6,172,24,2022,249
2022-09-07,19.3,168,24,2022,250
2022-09-08,18.8,242,24,2022,251
2022-09-09,19,219,24,2022,252
2022-09-10,20.5,229,24,2022,253
2022-09-11,19.6,163,24,2022,254
2022-09-12,19.6,142,24,2022,255
2022-09-13,19.7,77.1,24,2022,256
2022-09-14,17.6,126,24,2022,257
2022-09-15,11.4,241,24,2022,258
2022-09-16,13.7,227,24,2022,259
2022-09-17,12.4,135,24,2022,260
2022-09-18,15.2,42.5,24,2022,261
2022-09-19,12,36.2,24,2022,262
2022-09-20,13.1,55.9,24,2022,263
2022-09-21,15.4,120,24,2022,264
2022-09-22,15.5,133,24,2022,265
2022-09-23,8.55,195,24,2022,266
2022-09-24,11,219,24,2022,267
2022-09-25,12.8,109,24,2022,268
2022-09-26,13.9,98.4,24,2022,269
2022-09-27,13,101,24,2022,270
2022-09-28,12.7,74.9,24,2022,271
2022-09-29,10.1,195,24,2022,272
2022-09-30,9.25,204,24,2022,273
2022-10-01,11,133,24,2022,274
2022-10-02,9.31,208,24,2022,275
2022-10-03,7.7,203,24,2022,276
2022-10-04,7.95,185,24,2022,277
2022-10-05,10.8,183,24,2022,278
2022-10-06,15,108,24,2022,279
2022-10-07,12,106,24,2022,280
2022-10-08,4.48,123,24,2022,281
2022-10-09,8.65,137,24,2022,282
2022-10-10,5.93,163,24,2022,283
2022-10-11,6.6,175,24,2022,284
2022-10-12,11.4,73.4,24,2022,285
2022-10-13,14.8,21.3,24,2022,286
2022-10-14,11.8,156,24,2022,287
2022-10-15,8.7,74.2,24,2022,288
2022-10-16,8.48,82.7,24,2022,289
2022-10-17,8.93,12,24,2022,290
2022-10-18,7.58,109,24,2022,291
2022-10-20,5.4,84.1,24,2022,293
2022-10-21,6.46,130,24,2022,294
2022-10-22,12.7,144,24,2022,295
2022-10-23,11.2,148,24,2022,296
2022-10-24,12.1,137,24,2022,297
2022-10-25,14.4,60.5,24,2022,298
2022-10-26,17.9,91.6,24,2022,299
2022-10-27,9.14,131,24,2022,300
2022-10-28,2.7,130,24,2022,301
2022-10-29,4.21,136,24,2022,302
2022-10-30,7.19,128,24,2022,303
2022-10-31,8.44,54.4,24,2022,304
2022-11-01,11.9,95.8,24,2022,305
2022-11-02,9.78,130,24,2022,306
2022-11-03,7.09,123,24,2022,307
2022-11-04,11.3,122,24,2022,308
2022-11-05,17.8,82.6,24,2022,309
2022-11-06,19.2,74.3,24,2022,310
2022-11-07,12.5,70.5,24,2022,311
2022-11-08,4.85,125,24,2022,312
2022-11-09,1.97,121,24,2022,313
2022-11-10,11.1,65.5,24,2022,314
2022-11-11,13.3,54.4,24,2022,315
2022-11-12,12,45.1,24,2022,316
2022-11-13,2.58,52.6,24,2022,317
2022-11-14,-0.259,68.8,24,2022,318
2022-11-15,-1.56,65.2,24,2022,319
2022-11-16,-0.906,39.1,24,2022,320
2022-11-17,-1.67,66.1,24,2022,321
2022-11-18,-5.37,30.3,24,2022,322
2022-11-19,-3.56,63.4,24,2022,323
2022-11-20,-4.02,98.7,24,2022,324
2022-11-21,-5.38,32.7,24,2022,325
2022-11-22,-1.52,87.3,24,2022,326
2022-11-23,-0.348,57.3,24,2022,327
2022-11-24,-1.1,74.9,24,2022,328
2022-11-25,0.741,17.7,24,2022,329
2022-11-26,3.87,92.2,24,2022,330
2022-11-27,5.37,61,24,2022,331
2022-11-28,2.49,40,24,2022,332
2022-11-29,-0.623,28.8,24,2022,333
2022-11-30,1.13,2.8,24,2022,334
2022-12-01,0.618,56.1,24,2022,335
2022-12-02,-0.44,46.2,24,2022,336
2022-12-03,4.86,9.11,24,2022,337
2022-12-04,-1.37,31.9,24,2022,338
2022-12-05,1.56,47.4,24,2022,339
2022-12-06,3.79,12.1,24,2022,340
2022-12-07,3.73,8.43,24,2022,341
2022-12-08,2.41,58,24,2022,342
2022-12-09,-2.78,87.8,24,2022,343
2022-12-10,-7.19,89,24,2022,344
2022-12-11,-7.1,22.4,24,2022,345
2022-12-12,-5.2,89.7,24,2022,346
2022-12-13,-7.18,86.5,24,2022,347
2022-12-14,-5.69,82.4,24,2022,348
2022-12-15,-0.673,30.8,24,2022,349
2022-12-16,0.181,25.6,24,2022,350
2022-12-17,-0.392,33.7,24,2022,351
2022-12-18,-2.05,59.8,24,2022,352
2022-12-19,-3.28,34.4,24,2022,353
2022-12-20,-5.42,83.8,24,2022,354
2022-12-21,-3.76,64.9,24,2022,355
2022-12-22,-7.85,46.4,24,2022,356
2022-12-23,-1.06,14.6,24,2022,357
2022-12-24,48,26.6,24,2022,358
2022-12-25,106,42.4,24,2022,359
2022-12-26,96.8,37.8,24,2022,360
2022-12-27,63.1,46.6,24,2022,361
2022-12-28,102,28.8,24,2022,362
2022-12-29,23.7,71.9,24,2022,363
2022-12-30,5.8,17.8,24,2022,364
2022-12-31,5.36,10,24,2022,365
2023-01-01,2.6,30,24,2023,1
2023-01-02,2.11,51.7,24,2023,2
2023-01-03,1.61,29.4,24,2023,3
2023-01-04,1.9,14.9,24,2023,4
2023-01-05,-1.44,10.4,24,2023,5
2023-01-06,-1.58,29.9,24,2023,6
2023-01-07,38.9,39.9,24,2023,7
2023-01-08,88.8,59.2,24,2023,8
2023-01-09,-3.48,15.7,24,2023,9
2023-01-10,39,56.1,24,2023,10
2023-01-11,106,73.3,24,2023,11
2023-01-13,-2.7,22.5,24,2023,13
2023-01-14,-9.79,102,24,2023,14
2023-01-15,-12.8,74.2,24,2023,15
2023-01-16,-12.2,109,24,2023,16
2023-01-17,-8.91,48.2,24,2023,17
2023-01-18,-1.64,37.8,24,2023,18
2023-01-19,-1.36,28.2,24,2023,19
2023-01-20,-2.33,31.3,24,2023,20
2023-01-21,-3.62,95.1,24,2023,21
2023-01-22,-2.02,22.4,24,2023,22
2023-01-23,-1.45,51.3,24,2023,23
2023-01-24,-0.252,56.1,24,2023,24
2023-01-25,-8.57,32.4,24,2023,25
2023-01-26,-6.42,60.3,24,2023,26
2023-01-27,-8.04,56.7,24,2023,27
2023-01-28,-1.53,52.7,24,2023,28
2023-01-29,-5.26,30.7,24,2023,29
2023-01-30,-10.6,51.8,24,2023,30
2023-01-31,-11.2,132,24,2023,31
2023-02-01,-15.4,89.7,24,2023,32
2023-02-02,-4.75,51.1,24,2023,33
2023-02-03,-19.9,106,24,2023,34
2023-02-04,-26.3,87.6,24,2023,35
2023-02-05,-15.5,39.7,24,2023,36
2023-02-06,-6.57,141,24,2023,37
