"site","date","temp"
"B",2020-04-30,8.54333333333333
"B",2020-05-01,8.42125
"B",2020-05-02,8.803125
"B",2020-05-03,9.610625
"B",2020-05-04,9.931875
"B",2020-05-05,9.91875
"B",2020-05-06,9.878125
"A",2020-05-07,7.48571428571429
"B",2020-05-07,10.2375
"D",2020-05-07,7.4025
"A",2020-05-08,7.426875
"B",2020-05-08,10.531875
"D",2020-05-08,7.56125
"A",2020-05-09,7.374375
"B",2020-05-09,10.423125
"D",2020-05-09,7.719375
"A",2020-05-10,7.46625
"B",2020-05-10,10.59125
"D",2020-05-10,7.888125
"A",2020-05-11,7.61875
"B",2020-05-11,10.859375
"D",2020-05-11,7.914375
"A",2020-05-12,7.645625
"B",2020-05-12,9.85625
"D",2020-05-12,7.795
"A",2020-05-13,7.670625
"B",2020-05-13,9.701875
"D",2020-05-13,7.77375
"A",2020-05-14,7.664375
"B",2020-05-14,10.16125
"D",2020-05-14,7.638125
"A",2020-05-15,7.634375
"B",2020-05-15,9.53875
"D",2020-05-15,7.5975
"A",2020-05-16,7.463125
"B",2020-05-16,10.09875
"D",2020-05-16,7.70125
"A",2020-05-17,7.80625
"B",2020-05-17,10.116875
"D",2020-05-17,7.76875
"A",2020-05-18,7.735625
"B",2020-05-18,9.72875
"D",2020-05-18,7.78625
"A",2020-05-19,7.746875
"B",2020-05-19,9.97
"D",2020-05-19,7.87
"A",2020-05-20,7.941875
"B",2020-05-20,9.759375
"D",2020-05-20,7.989375
"A",2020-05-21,8.20375
"B",2020-05-21,10.146875
"D",2020-05-21,8.169375
"A",2020-05-22,8.23375
"B",2020-05-22,10.751875
"D",2020-05-22,8.45125
"A",2020-05-23,8.363125
"B",2020-05-23,10.47625
"D",2020-05-23,8.69625
"A",2020-05-24,8.646875
"B",2020-05-24,10.46125
"D",2020-05-24,8.748125
"A",2020-05-25,8.66375
"B",2020-05-25,11.08
"D",2020-05-25,8.855
"A",2020-05-26,8.78375
"B",2020-05-26,11.715625
"D",2020-05-26,9.17375
"A",2020-05-27,8.98625
"B",2020-05-27,12.029375
"D",2020-05-27,9.54
"A",2020-05-28,9.2125
"B",2020-05-28,12.079375
"D",2020-05-28,9.739375
"A",2020-05-29,9.4275
"B",2020-05-29,12.07
"D",2020-05-29,9.7225
"A",2020-05-30,9.57125
"B",2020-05-30,12.279375
"D",2020-05-30,9.71125
"A",2020-05-31,9.639375
"B",2020-05-31,12.17875
"D",2020-05-31,9.789375
"A",2020-06-01,9.7225
"B",2020-06-01,12.664375
"D",2020-06-01,9.909375
"A",2020-06-02,9.834375
"B",2020-06-02,13.35375
"D",2020-06-02,9.74375
"A",2020-06-03,10.0375
"B",2020-06-03,13.064375
"D",2020-06-03,10.19875
"A",2020-06-04,10.251875
"B",2020-06-04,13.001875
"D",2020-06-04,10.481875
"A",2020-06-05,10.374375
"B",2020-06-05,13.095625
"D",2020-06-05,9.996875
"A",2020-06-06,10.565
"B",2020-06-06,13.301875
"D",2020-06-06,10.351875
"A",2020-06-07,10.825625
"B",2020-06-07,13.03375
"D",2020-06-07,10.52875
"A",2020-06-08,10.765
"B",2020-06-08,13.32625
"D",2020-06-08,10.436875
"A",2020-06-09,10.679375
"B",2020-06-09,13.591875
"D",2020-06-09,10.63
"A",2020-06-10,10.68625
"B",2020-06-10,13.69125
"D",2020-06-10,10.93625
"A",2020-06-11,10.785
"B",2020-06-11,13.6775
"D",2020-06-11,11.211875
"A",2020-06-12,10.89875
"B",2020-06-12,13.901875
"D",2020-06-12,11.48
"A",2020-06-13,11.106875
"B",2020-06-13,14.18875
"D",2020-06-13,11.818125
"A",2020-06-14,11.825
"B",2020-06-14,14.235625
"D",2020-06-14,12.0925
"A",2020-06-15,11.743125
"B",2020-06-15,14.451875
"D",2020-06-15,12.35875
"A",2020-06-16,11.77
"B",2020-06-16,14.68
"D",2020-06-16,12.66375
"A",2020-06-17,11.859375
"B",2020-06-17,14.538125
"D",2020-06-17,12.818125
"A",2020-06-18,11.921875
"B",2020-06-18,14.91125
"D",2020-06-18,12.795625
"A",2020-06-19,11.95875
"B",2020-06-19,15.6875
"C",2020-06-19,16.26
"D",2020-06-19,13.030625
"A",2020-06-20,12.071875
"B",2020-06-20,15.926875
"C",2020-06-20,16.565
"D",2020-06-20,13.24125
"A",2020-06-21,12.469375
"B",2020-06-21,16.071875
"C",2020-06-21,16.846875
"D",2020-06-21,13.600625
"A",2020-06-22,12.67125
"B",2020-06-22,16.125
"C",2020-06-22,16.5925
"D",2020-06-22,13.91625
"A",2020-06-23,12.689375
"B",2020-06-23,16.29625
"C",2020-06-23,16.72375
"D",2020-06-23,14.1775
"A",2020-06-24,12.961875
"B",2020-06-24,16.6225
"C",2020-06-24,17.018125
"D",2020-06-24,14.4875
"A",2020-06-25,13.208125
"B",2020-06-25,16.98875
"C",2020-06-25,17.31375
"D",2020-06-25,14.899375
"A",2020-06-26,13.345625
"B",2020-06-26,17.2375
"C",2020-06-26,17.52375
"D",2020-06-26,15.3875
"A",2020-06-27,13.4425
"B",2020-06-27,17.356875
"C",2020-06-27,17.7025
"D",2020-06-27,15.5625
"A",2020-06-28,13.67375
"B",2020-06-28,17.520625
"C",2020-06-28,18.04375
"D",2020-06-28,15.80125
"A",2020-06-29,13.97375
"B",2020-06-29,17.670625
"C",2020-06-29,18.32625
"D",2020-06-29,15.875625
"A",2020-06-30,14.0825
"B",2020-06-30,17.541875
"C",2020-06-30,18.01875
"D",2020-06-30,15.8625
"A",2020-07-01,14.0175
"B",2020-07-01,17.150625
"C",2020-07-01,17.59125
"D",2020-07-01,15.595
"A",2020-07-02,13.928125
"B",2020-07-02,17.169375
"C",2020-07-02,17.439375
"D",2020-07-02,15.46125
"A",2020-07-03,13.98375
"B",2020-07-03,16.99375
"C",2020-07-03,17.086875
"D",2020-07-03,15.24
"A",2020-07-04,13.961875
"B",2020-07-04,16.6925
"C",2020-07-04,16.5275
"D",2020-07-04,15.579375
"A",2020-07-05,13.9075
"B",2020-07-05,16.65125
"C",2020-07-05,16.568125
"D",2020-07-05,15.80375
"A",2020-07-06,13.913125
"B",2020-07-06,16.215625
"C",2020-07-06,16.276875
"D",2020-07-06,14.50625
"A",2020-07-07,13.90125
"B",2020-07-07,16.240625
"C",2020-07-07,16.168125
"D",2020-07-07,14.7725
"A",2020-07-08,13.955
"B",2020-07-08,16.751875
"C",2020-07-08,15.84875
"D",2020-07-08,14.55125
"A",2020-07-09,13.974375
"B",2020-07-09,17.16
"C",2020-07-09,15.2275
"D",2020-07-09,14.651875
"A",2020-07-10,13.98125
"B",2020-07-10,17.105625
"C",2020-07-10,14.680625
"D",2020-07-10,14.79125
"A",2020-07-11,14.035625
"B",2020-07-11,16.955
"C",2020-07-11,14.71875
"D",2020-07-11,14.88125
"A",2020-07-12,14.0575
"B",2020-07-12,16.911875
"C",2020-07-12,15.0725
"D",2020-07-12,14.704375
"A",2020-07-13,14.07625
"B",2020-07-13,16.809375
"C",2020-07-13,14.824375
"D",2020-07-13,14.768125
"A",2020-07-14,14.111875
"B",2020-07-14,16.815625
"C",2020-07-14,15.103125
"D",2020-07-14,14.85125
"A",2020-07-15,14.129375
"B",2020-07-15,16.82125
"C",2020-07-15,15.544375
"D",2020-07-15,14.94625
"A",2020-07-16,14.166875
"B",2020-07-16,16.945
"C",2020-07-16,15.588125
"A",2020-07-17,14.329375
"B",2020-07-17,17.171875
"C",2020-07-17,16.071875
"D",2020-07-17,17.186
"A",2020-07-18,14.48375
"B",2020-07-18,17.19375
"C",2020-07-18,16.04875
"D",2020-07-18,17.37625
"A",2020-07-19,14.58875
"B",2020-07-19,17.270625
"C",2020-07-19,16.300625
"D",2020-07-19,17.586875
"A",2020-07-20,14.80375
"B",2020-07-20,17.41625
"C",2020-07-20,16.79
"D",2020-07-20,18.1525
"A",2020-07-21,14.9575
"B",2020-07-21,17.4125
"C",2020-07-21,16.7325
"D",2020-07-21,17.780625
"A",2020-07-22,15.02125
"B",2020-07-22,17.369375
"C",2020-07-22,16.229375
"D",2020-07-22,17.86125
"A",2020-07-23,15.0675
"B",2020-07-23,17.12625
"C",2020-07-23,15.61875
"D",2020-07-23,17.875
"A",2020-07-24,15.06125
"B",2020-07-24,16.93
"C",2020-07-24,15.124375
"D",2020-07-24,17.454375
"A",2020-07-25,15.058125
"B",2020-07-25,17.035
"C",2020-07-25,14.980625
"D",2020-07-25,17.440625
"A",2020-07-26,15.13625
"B",2020-07-26,17.19125
"C",2020-07-26,14.978125
"D",2020-07-26,17.259375
"A",2020-07-27,15.235625
"B",2020-07-27,17.28875
"C",2020-07-27,15.40375
"D",2020-07-27,17.375
"A",2020-07-28,15.345
"B",2020-07-28,17.3475
"C",2020-07-28,15.735
"D",2020-07-28,17.389375
"A",2020-07-29,15.336875
"B",2020-07-29,17.23375
"C",2020-07-29,15.730625
"D",2020-07-29,17.66
"A",2020-07-30,15.455625
"B",2020-07-30,17.244375
"C",2020-07-30,15.719375
"D",2020-07-30,17.52125
"A",2020-07-31,15.57
"B",2020-07-31,17.3825
"C",2020-07-31,15.9125
"D",2020-07-31,17.495625
"A",2020-08-01,15.643125
"B",2020-08-01,17.54
"C",2020-08-01,15.88625
"D",2020-08-01,17.67625
"A",2020-08-02,15.714375
"B",2020-08-02,17.688125
"C",2020-08-02,16.02
"D",2020-08-02,17.725625
"A",2020-08-03,15.6675
"B",2020-08-03,17.566875
"C",2020-08-03,16.065
"D",2020-08-03,17.211875
"A",2020-08-04,15.66
"B",2020-08-04,17.508125
"C",2020-08-04,15.855625
"D",2020-08-04,16.45
"A",2020-08-05,15.645625
"B",2020-08-05,17.45625
"C",2020-08-05,15.61
"D",2020-08-05,16.5525
"A",2020-08-06,15.68
"B",2020-08-06,17.495
"C",2020-08-06,15.61625
"D",2020-08-06,16.461875
"A",2020-08-07,15.689375
"B",2020-08-07,17.69125
"C",2020-08-07,15.7725
"D",2020-08-07,16.433125
"A",2020-08-08,15.635
"B",2020-08-08,17.76125
"C",2020-08-08,15.956875
"D",2020-08-08,16.330625
"A",2020-08-09,15.795625
"B",2020-08-09,17.933125
"C",2020-08-09,16.07375
"D",2020-08-09,16.371875
"A",2020-08-10,15.716875
"B",2020-08-10,17.919375
"C",2020-08-10,15.718125
"D",2020-08-10,16.726875
"A",2020-08-11,15.910625
"B",2020-08-11,17.660625
"C",2020-08-11,15.248125
"D",2020-08-11,17.22625
"A",2020-08-12,15.75375
"B",2020-08-12,17.961875
"C",2020-08-12,14.9725
"D",2020-08-12,17.384375
"A",2020-08-13,15.931875
"B",2020-08-13,19.03375
"C",2020-08-13,15.206875
"D",2020-08-13,17.334375
"A",2020-08-14,16.333125
"B",2020-08-14,19.82375
"C",2020-08-14,15.53875
"D",2020-08-14,17.289375
"A",2020-08-15,16.51625
"B",2020-08-15,19.9075
"C",2020-08-15,15.655625
"D",2020-08-15,17.13
"A",2020-08-16,16.785625
"B",2020-08-16,19.5225
"C",2020-08-16,15.730625
"D",2020-08-16,16.72375
"A",2020-08-17,17.065
"B",2020-08-17,19.676875
"C",2020-08-17,15.579375
"D",2020-08-17,16.179375
"A",2020-08-18,16.99875
"B",2020-08-18,19.498125
"C",2020-08-18,15.974375
"D",2020-08-18,16.99625
"A",2020-08-19,16.865625
"B",2020-08-19,19.16875
"C",2020-08-19,15.76875
"D",2020-08-19,17.00875
"A",2020-08-20,16.675625
"B",2020-08-20,19.4
"C",2020-08-20,15.631875
"D",2020-08-20,17.360625
"A",2020-08-21,16.610625
"B",2020-08-21,19.216875
"C",2020-08-21,15.67875
"D",2020-08-21,17.82125
"A",2020-08-22,16.629375
"B",2020-08-22,19.231875
"C",2020-08-22,16.130625
"D",2020-08-22,17.371875
"A",2020-08-23,16.735
"B",2020-08-23,19
"C",2020-08-23,15.909375
"D",2020-08-23,17.8475
"A",2020-08-24,16.645625
"B",2020-08-24,18.92
"C",2020-08-24,15.5525
"D",2020-08-24,17.45375
"A",2020-08-25,16.771875
"B",2020-08-25,18.614375
"C",2020-08-25,15.208125
"D",2020-08-25,17.55375
"A",2020-08-26,16.213125
"B",2020-08-26,18.114375
"C",2020-08-26,14.535
"D",2020-08-26,17.15125
"A",2020-08-27,15.168125
"B",2020-08-27,17.825625
"C",2020-08-27,14.126875
"D",2020-08-27,17.209375
"A",2020-08-28,14.840625
"B",2020-08-28,17.45125
"C",2020-08-28,13.77625
"D",2020-08-28,17.093125
"A",2020-08-29,15.175
"B",2020-08-29,17.106875
"C",2020-08-29,13.569375
"D",2020-08-29,17.38
"A",2020-08-30,15.911875
"B",2020-08-30,16.901875
"C",2020-08-30,13.656875
"D",2020-08-30,17.33125
"A",2020-08-31,15.866875
"B",2020-08-31,16.815625
"C",2020-08-31,13.86625
"D",2020-08-31,17.199375
"A",2020-09-01,15.93
"B",2020-09-01,16.43375
"C",2020-09-01,13.899375
"D",2020-09-01,16.875625
"A",2020-09-02,15.939375
"B",2020-09-02,16.29125
"C",2020-09-02,14.1775
"D",2020-09-02,16.63625
"A",2020-09-03,15.881875
"B",2020-09-03,16.28
"C",2020-09-03,14.175
"D",2020-09-03,16.71625
"A",2020-09-04,15.75375
"B",2020-09-04,16.409375
"C",2020-09-04,14.36625
"D",2020-09-04,16.539375
"A",2020-09-05,15.84375
"B",2020-09-05,16.21375
"C",2020-09-05,14.200625
"D",2020-09-05,16.5675
"A",2020-09-06,16.029375
"B",2020-09-06,15.869375
"C",2020-09-06,13.779375
"D",2020-09-06,16.523125
"A",2020-09-07,15.86875
"B",2020-09-07,15.926875
"C",2020-09-07,13.280625
"D",2020-09-07,16.45
"A",2020-09-08,15.69125
"B",2020-09-08,15.814375
"C",2020-09-08,13.198125
"D",2020-09-08,16.565
"A",2020-09-09,15.555
"B",2020-09-09,15.70125
"C",2020-09-09,13.336875
"D",2020-09-09,16.605
"A",2020-09-10,15.49375
"B",2020-09-10,15.485
"C",2020-09-10,13.2
"D",2020-09-10,16.09875
"A",2020-09-11,15.566875
"B",2020-09-11,14.993125
"C",2020-09-11,12.8225
"D",2020-09-11,16.181875
"A",2020-09-12,15.27625
"B",2020-09-12,15
"C",2020-09-12,13.203125
"D",2020-09-12,16.208125
"A",2020-09-13,15.118125
"B",2020-09-13,14.71625
"C",2020-09-13,13.10875
"D",2020-09-13,16.108125
"A",2020-09-14,14.895
"B",2020-09-14,14.825625
"C",2020-09-14,13.131875
"D",2020-09-14,16.0875
"A",2020-09-15,14.6825
"B",2020-09-15,14.89125
"C",2020-09-15,13.32
"D",2020-09-15,15.758125
"A",2020-09-16,14.613125
"B",2020-09-16,14.8675
"C",2020-09-16,13.43
"D",2020-09-16,15.78375
"A",2020-09-17,14.5175
"B",2020-09-17,14.421875
"C",2020-09-17,12.759375
"D",2020-09-17,15.653125
"A",2020-09-18,14.324375
"B",2020-09-18,14.439375
"C",2020-09-18,12.148125
"D",2020-09-18,14.595
"A",2020-09-19,14.223125
"B",2020-09-19,14.26625
"C",2020-09-19,11.87875
"D",2020-09-19,14.76125
"A",2020-09-20,14.084375
"B",2020-09-20,14.07625
"C",2020-09-20,11.39625
"D",2020-09-20,14.76875
"A",2020-09-21,13.973125
"B",2020-09-21,14.01125
"C",2020-09-21,11.338125
"D",2020-09-21,14.6725
"A",2020-09-22,13.826875
"B",2020-09-22,13.986875
"C",2020-09-22,11.41875
"D",2020-09-22,14.933125
"E",2020-09-22,22.68303125
"A",2020-09-23,13.773125
"B",2020-09-23,13.935
"C",2020-09-23,11.2325
"D",2020-09-23,14.5925
"E",2020-09-23,22.1788125
"A",2020-09-24,13.689375
"B",2020-09-24,13.91625
"C",2020-09-24,11.198125
"D",2020-09-24,14.46
"E",2020-09-24,22.2679583333333
"A",2020-09-25,13.64625
"B",2020-09-25,13.98875
"C",2020-09-25,11.266875
"D",2020-09-25,14.534375
"E",2020-09-25,16.7031875
"A",2020-09-26,13.654375
"B",2020-09-26,13.928125
"C",2020-09-26,11.53125
"D",2020-09-26,14.67
"E",2020-09-26,12.5883541666667
"A",2020-09-27,13.759375
"B",2020-09-27,13.970625
"C",2020-09-27,11.723125
"D",2020-09-27,14.7225
"E",2020-09-27,13.1239166666667
"A",2020-09-28,13.668125
"B",2020-09-28,13.986875
"C",2020-09-28,11.929375
"D",2020-09-28,14.569375
"E",2020-09-28,13.3796875
"A",2020-09-29,13.676875
"B",2020-09-29,14.053125
"C",2020-09-29,12.0125
"D",2020-09-29,14.806875
"E",2020-09-29,13.4886875
"A",2020-09-30,13.7175
"B",2020-09-30,14.094375
"C",2020-09-30,12.059375
"D",2020-09-30,14.8
"E",2020-09-30,13.3898958333333
"A",2020-10-01,13.7225
"B",2020-10-01,14.063125
"C",2020-10-01,12.045625
"D",2020-10-01,14.684375
"E",2020-10-01,13.3238333333333
"A",2020-10-02,13.661875
"B",2020-10-02,13.9371428571429
"C",2020-10-02,11.854375
"D",2020-10-02,14.59125
"E",2020-10-02,13.2121458333333
"A",2020-10-03,13.65125
"B",2020-10-03,12.9864285714286
"C",2020-10-03,11.7125
"D",2020-10-03,14.438125
"E",2020-10-03,13.2417291666667
"A",2020-10-04,13.555
"B",2020-10-04,13.48625
"C",2020-10-04,11.775
"D",2020-10-04,14.266875
"E",2020-10-04,13.2999166666667
"A",2020-10-05,13.50125
"B",2020-10-05,13.244375
"C",2020-10-05,11.91625
"D",2020-10-05,14.213125
"E",2020-10-05,13.2874375
"A",2020-10-06,13.49125
"B",2020-10-06,12.676875
"C",2020-10-06,12.011875
"D",2020-10-06,14.283125
"E",2020-10-06,13.083
"A",2020-10-07,13.440625
"B",2020-10-07,13.041875
"C",2020-10-07,12.095625
"D",2020-10-07,14.17875
"E",2020-10-07,12.9372708333333
"A",2020-10-08,13.469375
"B",2020-10-08,14.841875
"C",2020-10-08,12.204375
"D",2020-10-08,14.079375
"E",2020-10-08,12.8579791666667
"A",2020-10-09,13.41875
"B",2020-10-09,14.775
"C",2020-10-09,12.1775
"D",2020-10-09,14.040625
"E",2020-10-09,12.8039583333333
"A",2020-10-10,13.4025
"B",2020-10-10,14.53125
"C",2020-10-10,11.91625
"D",2020-10-10,13.94
"E",2020-10-10,12.7324583333333
"A",2020-10-11,13.349375
"B",2020-10-11,14.00125
"C",2020-10-11,11.635625
"D",2020-10-11,13.780625
"E",2020-10-11,12.6080416666667
"A",2020-10-12,13.219375
"B",2020-10-12,13.06875
"C",2020-10-12,11.285625
"D",2020-10-12,13.6025
"E",2020-10-12,12.4855625
"A",2020-10-13,13.084375
"B",2020-10-13,12.599375
"C",2020-10-13,11.12875
"D",2020-10-13,13.615625
"E",2020-10-13,12.3233125
"A",2020-10-14,13.0925
"B",2020-10-14,12.203125
"C",2020-10-14,10.768125
"D",2020-10-14,13.199375
"E",2020-10-14,11.90825
"A",2020-10-15,12.85875
"B",2020-10-15,12.106875
"C",2020-10-15,10.28
"D",2020-10-15,12.628125
"E",2020-10-15,11.6616875
"A",2020-10-16,12.71375
"B",2020-10-16,11.4525
"C",2020-10-16,10.235
"D",2020-10-16,12.405625
"E",2020-10-16,11.4375
"A",2020-10-17,12.475
"B",2020-10-17,11.710625
"C",2020-10-17,9.923125
"D",2020-10-17,12.52875
"E",2020-10-17,11.16825
"A",2020-10-18,12.06375
"B",2020-10-18,11.815625
"C",2020-10-18,9.50375
"D",2020-10-18,12.014375
"E",2020-10-18,10.9959166666667
"A",2020-10-19,12.18875
"B",2020-10-19,11.66125
"C",2020-10-19,8.89
"D",2020-10-19,12.496875
"E",2020-10-19,10.5950833333333
"A",2020-10-20,11.95625
"B",2020-10-20,10.544375
"D",2020-10-20,10.976875
"E",2020-10-20,10.1854375
"A",2020-10-21,11.888125
"B",2020-10-21,10.011875
"C",2020-10-21,8.7975
"D",2020-10-21,10.5775
"E",2020-10-21,10.0560416666667
"A",2020-10-22,11.634375
"B",2020-10-22,11.283125
"C",2020-10-22,9.485
"D",2020-10-22,11.490625
"E",2020-10-22,10.19125
"A",2020-10-23,11.431875
"B",2020-10-23,11.54125
"C",2020-10-23,10.10125
"D",2020-10-23,10.931875
"E",2020-10-23,10.4785625
"A",2020-10-24,11.36625
"B",2020-10-24,10.991875
"C",2020-10-24,9.516875
"D",2020-10-24,9.3525
"E",2020-10-24,10.5977291666667
"A",2020-10-25,11.1611764705882
"B",2020-10-25,10.9388888888889
"C",2020-10-25,8.85222222222222
"D",2020-10-25,9.658125
"E",2020-10-25,10.6165208333333
"A",2020-10-26,10.989375
"B",2020-10-26,11.023125
"C",2020-10-26,9.145625
"D",2020-10-26,10.685625
"E",2020-10-26,10.7275833333333
"A",2020-10-27,10.9075
"B",2020-10-27,11.12375
"C",2020-10-27,9.55
"D",2020-10-27,10.933125
"E",2020-10-27,10.7443125
"A",2020-10-28,11.005
"B",2020-10-28,10.626875
"C",2020-10-28,9.57875
"D",2020-10-28,10.863125
"E",2020-10-28,10.6721875
"A",2020-10-29,11.09375
"B",2020-10-29,10.433125
"C",2020-10-29,9.62
"D",2020-10-29,10.89125
"E",2020-10-29,10.6229166666667
"A",2020-10-30,10.976875
"B",2020-10-30,9.829375
"C",2020-10-30,9.39375
"D",2020-10-30,11.290625
"E",2020-10-30,10.6439583333333
"A",2020-10-31,11.0975
"B",2020-10-31,9.724375
"C",2020-10-31,8.995
"D",2020-10-31,11.290625
"E",2020-10-31,10.599625
"A",2020-11-01,11.030625
"B",2020-11-01,10.63125
"C",2020-11-01,8.951875
"D",2020-11-01,10.683125
"E",2020-11-01,10.5018541666667
"A",2020-11-02,11.005
"B",2020-11-02,11.33375
"C",2020-11-02,10.144375
"D",2020-11-02,10.4025
"E",2020-11-02,10.55875
"A",2020-11-03,10.9275
"B",2020-11-03,11.67625
"C",2020-11-03,10.30625
"D",2020-11-03,10.605
"E",2020-11-03,10.6643125
"A",2020-11-04,10.916875
"B",2020-11-04,11.25
"C",2020-11-04,9.195625
"D",2020-11-04,10.563125
"E",2020-11-04,10.6934583333333
"A",2020-11-05,10.874375
"B",2020-11-05,11.195
"C",2020-11-05,7.7575
"D",2020-11-05,9.73125
"E",2020-11-05,10.6679791666667
"A",2020-11-06,10.87375
"B",2020-11-06,12.351875
"C",2020-11-06,7.6725
"D",2020-11-06,9.60125
"E",2020-11-06,10.6147083333333
"A",2020-11-07,10.85125
"B",2020-11-07,12.519375
"C",2020-11-07,7.91875
"D",2020-11-07,9.640625
"E",2020-11-07,10.6743958333333
"A",2020-11-08,10.855
"B",2020-11-08,12.945
"C",2020-11-08,7.944375
"D",2020-11-08,9.63
"E",2020-11-08,10.6803333333333
"A",2020-11-09,10.795
"B",2020-11-09,12.931875
"C",2020-11-09,7.5175
"D",2020-11-09,9.66875
"E",2020-11-09,10.695625
"A",2020-11-10,10.76625
"B",2020-11-10,12.706875
"C",2020-11-10,8.010625
"D",2020-11-10,9.360625
"E",2020-11-10,10.8230625
"A",2020-11-11,10.810625
"B",2020-11-11,11.69375
"C",2020-11-11,8.918125
"D",2020-11-11,8.971875
"E",2020-11-11,10.7978125
"A",2020-11-12,10.624375
"B",2020-11-12,11.453125
"C",2020-11-12,8.749375
"D",2020-11-12,8.81125
"E",2020-11-12,10.9426041666667
"A",2020-11-13,10.785
"B",2020-11-13,11.81125
"C",2020-11-13,8.51125
"D",2020-11-13,8.47375
"E",2020-11-13,11.2587083333333
"A",2020-11-14,10.8525
"B",2020-11-14,12.243125
"C",2020-11-14,8.57
"D",2020-11-14,8.429375
"E",2020-11-14,11.1451458333333
"A",2020-11-15,10.813125
"B",2020-11-15,11.8275
"C",2020-11-15,8.5675
"D",2020-11-15,8.441875
"E",2020-11-15,10.9731041666667
"A",2020-11-16,10.7725
"B",2020-11-16,11.85
"C",2020-11-16,8.785625
"D",2020-11-16,8.536875
"E",2020-11-16,10.9653125
"A",2020-11-17,10.74625
"B",2020-11-17,10.94375
"C",2020-11-17,9.06375
"D",2020-11-17,8.69625
"E",2020-11-17,10.893875
"A",2020-11-18,10.7325
"B",2020-11-18,12.264375
"C",2020-11-18,9.309375
"D",2020-11-18,8.76625
"E",2020-11-18,10.9162083333333
"A",2020-11-19,10.69625
"B",2020-11-19,12.49
"C",2020-11-19,9.599375
"D",2020-11-19,8.88875
"E",2020-11-19,10.8865
"A",2020-11-20,10.468125
"B",2020-11-20,10.865
"C",2020-11-20,8.833125
"D",2020-11-20,8.66125
"E",2020-11-20,10.7336666666667
"A",2020-11-21,10.4525
"B",2020-11-21,9.454375
"C",2020-11-21,7.945625
"D",2020-11-21,7.92375
"E",2020-11-21,10.3448958333333
"A",2020-11-22,10.359375
"B",2020-11-22,9.045
"C",2020-11-22,7.839375
"D",2020-11-22,7.25
"E",2020-11-22,10.0422083333333
"A",2020-11-23,10.28
"B",2020-11-23,8.160625
"C",2020-11-23,7.66875
"D",2020-11-23,7.396875
"E",2020-11-23,9.895375
"A",2020-11-24,10.16
"B",2020-11-24,7.81625
"C",2020-11-24,7.42625
"D",2020-11-24,7.465
"E",2020-11-24,9.7134375
"A",2020-11-25,10.125
"B",2020-11-25,7.950625
"C",2020-11-25,7.38
"D",2020-11-25,7.120625
"E",2020-11-25,9.74635416666667
"A",2020-11-26,10.144375
"B",2020-11-26,8.388125
"C",2020-11-26,7.72375
"D",2020-11-26,7.135625
"E",2020-11-26,9.64495833333333
"A",2020-11-27,10.0325
"B",2020-11-27,7.289375
"C",2020-11-27,7.67
"D",2020-11-27,7.385
"E",2020-11-27,9.50708333333333
"A",2020-11-28,9.92875
"B",2020-11-28,6.871875
"C",2020-11-28,7.475
"D",2020-11-28,7.23625
"E",2020-11-28,9.52485416666667
"A",2020-11-29,9.56875
"B",2020-11-29,6.7125
"C",2020-11-29,7.065
"D",2020-11-29,7.139375
"E",2020-11-29,9.05860416666667
"A",2020-11-30,9.43875
"B",2020-11-30,6.4425
"C",2020-11-30,6.95375
"D",2020-11-30,6.846875
"E",2020-11-30,9.1376875
"A",2020-12-01,9.326875
"B",2020-12-01,6.33125
"C",2020-12-01,6.691875
"D",2020-12-01,6.765625
"E",2020-12-01,8.8293125
"A",2020-12-02,9.4025
"B",2020-12-02,6.36375
"C",2020-12-02,6.809375
"D",2020-12-02,6.793125
"E",2020-12-02,8.60879166666667
"A",2020-12-03,9.12875
"B",2020-12-03,6.10875
"C",2020-12-03,6.783125
"D",2020-12-03,6.4675
"E",2020-12-03,8.44460416666667
"A",2020-12-04,8.890625
"B",2020-12-04,5.918125
"C",2020-12-04,6.7475
"D",2020-12-04,6.458125
"E",2020-12-04,8.37685416666667
"A",2020-12-05,8.53
"B",2020-12-05,6.23375
"C",2020-12-05,6.7675
"D",2020-12-05,6.379375
"E",2020-12-05,8.39866666666667
"A",2020-12-06,8.516875
"B",2020-12-06,6.5225
"C",2020-12-06,6.92625
"D",2020-12-06,6.414375
"E",2020-12-06,8.27379166666667
"A",2020-12-07,8.35875
"B",2020-12-07,6.710625
"C",2020-12-07,7.09375
"D",2020-12-07,6.58125
"E",2020-12-07,8.2815
"A",2020-12-08,8.463125
"B",2020-12-08,6.455625
"C",2020-12-08,7.05875
"D",2020-12-08,6.698125
"E",2020-12-08,8.34697916666667
"A",2020-12-09,8.44375
"B",2020-12-09,6.321875
"C",2020-12-09,6.90375
"D",2020-12-09,6.85375
"E",2020-12-09,8.4425
"A",2020-12-10,8.3275
"B",2020-12-10,5.850625
"C",2020-12-10,6.69
"D",2020-12-10,6.74875
"E",2020-12-10,8.28102083333333
"A",2020-12-11,8.30125
"B",2020-12-11,5.783125
"C",2020-12-11,6.49875
"D",2020-12-11,6.47875
"E",2020-12-11,8.3760625
"A",2020-12-12,8.366875
"B",2020-12-12,5.8975
"C",2020-12-12,6.403125
"D",2020-12-12,6.2575
"E",2020-12-12,8.31641666666667
"A",2020-12-13,8.473125
"B",2020-12-13,6.12875
"C",2020-12-13,6.331875
"D",2020-12-13,6.15875
"E",2020-12-13,8.1775625
"A",2020-12-14,8.328125
"B",2020-12-14,6.140625
"C",2020-12-14,6.279375
"D",2020-12-14,6.215625
"E",2020-12-14,8.08627083333333
"A",2020-12-15,8.181875
"B",2020-12-15,6.135
"C",2020-12-15,6.15125
"D",2020-12-15,6.161875
"E",2020-12-15,8.20483333333333
"A",2020-12-16,7.99
"B",2020-12-16,6.343125
"C",2020-12-16,6.206875
"D",2020-12-16,6.17625
"E",2020-12-16,8.170375
"A",2020-12-17,7.83125
"B",2020-12-17,6.316875
"C",2020-12-17,6.27125
"D",2020-12-17,6.318125
"E",2020-12-17,8.24275
"A",2020-12-18,7.693125
"B",2020-12-18,6.49875
"C",2020-12-18,6.74
"D",2020-12-18,6.188125
"E",2020-12-18,8.34308333333333
"A",2020-12-19,7.544375
"B",2020-12-19,6.543125
"C",2020-12-19,7.50125
"D",2020-12-19,6.07
"E",2020-12-19,8.46710416666667
"A",2020-12-20,7.619375
"B",2020-12-20,6.501875
"C",2020-12-20,7.184375
"D",2020-12-20,6.088125
"E",2020-12-20,8.44708333333333
"A",2020-12-21,7.530625
"B",2020-12-21,6.683125
"C",2020-12-21,7.1325
"D",2020-12-21,6.10625
"E",2020-12-21,8.5188125
"A",2020-12-22,7.671875
"B",2020-12-22,6.78625
"C",2020-12-22,7.16125
"D",2020-12-22,6.1775
"E",2020-12-22,8.514375
"A",2020-12-23,7.394375
"B",2020-12-23,6.766875
"C",2020-12-23,7.275
"D",2020-12-23,6.16125
"E",2020-12-23,8.48245833333333
"A",2020-12-24,7.756875
"B",2020-12-24,6.338125
"C",2020-12-24,7.088125
"D",2020-12-24,6.115
"E",2020-12-24,8.4390625
"A",2020-12-25,7.915
"B",2020-12-25,5.585
"C",2020-12-25,6.8275
"D",2020-12-25,5.969375
"E",2020-12-25,8.3074375
"A",2020-12-26,7.92125
"B",2020-12-26,5.014375
"C",2020-12-26,6.543125
"D",2020-12-26,5.754375
"E",2020-12-26,8.10645833333333
"A",2020-12-27,7.739375
"B",2020-12-27,5.180625
"C",2020-12-27,6.310625
"D",2020-12-27,5.28625
"E",2020-12-27,7.93585416666667
"A",2020-12-28,7.226875
"B",2020-12-28,5.088125
"C",2020-12-28,6.4375
"D",2020-12-28,4.76875
"E",2020-12-28,7.87389583333333
"A",2020-12-29,6.89125
"B",2020-12-29,4.551875
"C",2020-12-29,6.551875
"D",2020-12-29,4.766875
"E",2020-12-29,7.83985416666667
"A",2020-12-30,6.660625
"B",2020-12-30,5.078125
"C",2020-12-30,6.33625
"D",2020-12-30,5.37875
"E",2020-12-30,7.7764375
"A",2020-12-31,6.848125
"B",2020-12-31,5.086875
"C",2020-12-31,6.065625
"D",2020-12-31,5.428125
"E",2020-12-31,7.80014583333333
"A",2021-01-01,6.988125
"B",2021-01-01,5.01625
"C",2021-01-01,5.97875
"D",2021-01-01,5.37
"E",2021-01-01,7.76389583333333
"A",2021-01-02,7.016875
"B",2021-01-02,4.8675
"C",2021-01-02,5.745
"D",2021-01-02,5.341875
"E",2021-01-02,7.68835416666667
"A",2021-01-03,6.949375
"B",2021-01-03,4.58625
"C",2021-01-03,5.326875
"D",2021-01-03,5.278125
"E",2021-01-03,7.63710416666667
"A",2021-01-04,6.6175
"B",2021-01-04,4.444375
"C",2021-01-04,5.22125
"D",2021-01-04,5.22625
"E",2021-01-04,7.58158333333333
"A",2021-01-05,6.20875
"B",2021-01-05,4.48875
"C",2021-01-05,5.060625
"D",2021-01-05,5.213125
"E",2021-01-05,7.54327083333333
"A",2021-01-06,6.26
"B",2021-01-06,3.970625
"C",2021-01-06,4.7175
"D",2021-01-06,5.176875
"E",2021-01-06,7.50020833333333
"A",2021-01-07,6.1425
"B",2021-01-07,2.931875
"C",2021-01-07,4.48375
"D",2021-01-07,5.028125
"E",2021-01-07,7.428375
"A",2021-01-08,6.204375
"B",2021-01-08,3.149375
"C",2021-01-08,4.77125
"D",2021-01-08,4.04875
"E",2021-01-08,7.2876875
"A",2021-01-09,5.7225
"B",2021-01-09,3.379375
"C",2021-01-09,4.65625
"D",2021-01-09,3.55125
"E",2021-01-09,7.13777083333333
"A",2021-01-10,5.740625
"B",2021-01-10,3.433125
"C",2021-01-10,4.2275
"D",2021-01-10,3.50125
"E",2021-01-10,7.16016666666667
"A",2021-01-11,5.506875
"B",2021-01-11,3.27375
"C",2021-01-11,4.03875
"D",2021-01-11,3.60625
"E",2021-01-11,7.115
"A",2021-01-12,5.476875
"B",2021-01-12,3.1875
"C",2021-01-12,4.016875
"D",2021-01-12,3.220625
"E",2021-01-12,7.067375
"A",2021-01-13,5.453125
"B",2021-01-13,3.131875
"C",2021-01-13,4.0525
"D",2021-01-13,3.56
"E",2021-01-13,6.95710416666667
"A",2021-01-14,5.601875
"B",2021-01-14,3.289375
"C",2021-01-14,4.011875
"D",2021-01-14,3.08125
"E",2021-01-14,6.61572916666667
"A",2021-01-15,5.515625
"B",2021-01-15,3.314375
"C",2021-01-15,4.153125
"D",2021-01-15,2.97875
"E",2021-01-15,6.52133333333333
"A",2021-01-16,5.184375
"B",2021-01-16,3.2525
"C",2021-01-16,4.080625
"D",2021-01-16,3.423125
"E",2021-01-16,6.40966666666667
"A",2021-01-17,4.941875
"B",2021-01-17,3.301875
"C",2021-01-17,4.014375
"D",2021-01-17,3.6525
"E",2021-01-17,6.43045833333333
"A",2021-01-18,5.168125
"B",2021-01-18,3.368125
"C",2021-01-18,3.906875
"D",2021-01-18,3.783125
"E",2021-01-18,6.451125
"A",2021-01-19,5.113125
"B",2021-01-19,3.53125
"C",2021-01-19,3.830625
"D",2021-01-19,4.04875
"E",2021-01-19,6.35108333333333
"A",2021-01-20,5.11875
"B",2021-01-20,3.285625
"C",2021-01-20,3.808125
"D",2021-01-20,4.719375
"E",2021-01-20,6.25327083333333
"A",2021-01-21,5.273125
"B",2021-01-21,3.208125
"C",2021-01-21,3.7275
"D",2021-01-21,4.234375
"E",2021-01-21,6.217875
"A",2021-01-22,5.37625
"B",2021-01-22,3.188125
"C",2021-01-22,3.638125
"D",2021-01-22,3.7375
"E",2021-01-22,6.25316666666667
"A",2021-01-23,4.944375
"B",2021-01-23,3.36125
"C",2021-01-23,3.64125
"D",2021-01-23,2.920625
"E",2021-01-23,6.1011875
"A",2021-01-24,4.893125
"B",2021-01-24,3.54
"C",2021-01-24,3.545625
"D",2021-01-24,3.093125
"E",2021-01-24,6.05383333333333
"A",2021-01-25,4.855625
"B",2021-01-25,3.805625
"C",2021-01-25,3.3425
"D",2021-01-25,3.515625
"E",2021-01-25,6.0445
"A",2021-01-26,4.5275
"B",2021-01-26,3.750625
"C",2021-01-26,3.295625
"D",2021-01-26,3.650625
"E",2021-01-26,5.91116666666667
"A",2021-01-27,4.85375
"B",2021-01-27,2.633125
"C",2021-01-27,3.119375
"D",2021-01-27,3.58625
"E",2021-01-27,5.87752083333333
"A",2021-01-28,4.5125
"B",2021-01-28,1.860625
"C",2021-01-28,2.90375
"D",2021-01-28,3.6
"E",2021-01-28,5.77014583333333
"A",2021-01-29,4.155
"B",2021-01-29,2.27
"C",2021-01-29,2.9025
"D",2021-01-29,3.4725
"E",2021-01-29,5.77152083333333
"A",2021-01-30,4.47125
"B",2021-01-30,2.193125
"C",2021-01-30,2.621875
"D",2021-01-30,3.54875
"E",2021-01-30,5.8773125
"A",2021-01-31,4.485
"B",2021-01-31,1.944375
"C",2021-01-31,2.48375
"D",2021-01-31,4.78625
"E",2021-01-31,5.87391666666667
"A",2021-02-01,4.51625
"B",2021-02-01,1.68625
"C",2021-02-01,2.3125
"D",2021-02-01,4.465625
"E",2021-02-01,5.382
"A",2021-02-02,4.203125
"B",2021-02-02,1.538125
"C",2021-02-02,2.0875
"D",2021-02-02,4.900625
"E",2021-02-02,5.50729166666667
"A",2021-02-03,4.36
"B",2021-02-03,1.52625
"C",2021-02-03,2.125625
"D",2021-02-03,4.1425
"E",2021-02-03,5.42052083333333
"A",2021-02-04,4.06625
"B",2021-02-04,1.310625
"C",2021-02-04,2.04125
"D",2021-02-04,4.036875
"E",2021-02-04,5.26589583333333
"A",2021-02-05,3.75125
"B",2021-02-05,1.34875
"C",2021-02-05,2.0225
"D",2021-02-05,4.38375
"E",2021-02-05,5.0775625
"A",2021-02-06,3.2075
"B",2021-02-06,1.366875
"C",2021-02-06,2.053125
"D",2021-02-06,4.739375
"E",2021-02-06,4.9106875
"A",2021-02-07,3.34875
"B",2021-02-07,1.42625
"C",2021-02-07,2.129375
"D",2021-02-07,4.035
"E",2021-02-07,5.07341666666667
"A",2021-02-08,3.451875
"B",2021-02-08,1.719375
"C",2021-02-08,1.891875
"D",2021-02-08,3.483125
"E",2021-02-08,5.1668125
"A",2021-02-09,3.855
"B",2021-02-09,1.718125
"C",2021-02-09,1.86375
"D",2021-02-09,3.24125
"E",2021-02-09,4.5245
"A",2021-02-10,3.636875
"B",2021-02-10,1.8925
"C",2021-02-10,1.86625
"D",2021-02-10,3.296875
"E",2021-02-10,4.6319375
"A",2021-02-11,3.378125
"B",2021-02-11,2.0675
"C",2021-02-11,1.8225
"D",2021-02-11,3.32125
"E",2021-02-11,4.43145833333333
"A",2021-02-12,3.7025
"B",2021-02-12,2.228125
"C",2021-02-12,1.804375
"D",2021-02-12,3.381875
"E",2021-02-12,3.95208333333333
"A",2021-02-13,4.27375
"B",2021-02-13,1.81375
"C",2021-02-13,1.835625
"D",2021-02-13,3.6925
"E",2021-02-13,3.82410416666667
"A",2021-02-14,3.655625
"B",2021-02-14,1.073125
"C",2021-02-14,1.950625
"D",2021-02-14,3.485625
"E",2021-02-14,3.58547916666667
"A",2021-02-15,3.303125
"B",2021-02-15,1.05375
"C",2021-02-15,1.61875
"D",2021-02-15,3.535625
"E",2021-02-15,3.44360416666667
"A",2021-02-16,3.16125
"B",2021-02-16,0.983125
"C",2021-02-16,1.538125
"D",2021-02-16,3.1525
"E",2021-02-16,4.09754166666667
"A",2021-02-17,3.383125
"B",2021-02-17,1.045625
"C",2021-02-17,1.495
"D",2021-02-17,3.1
"E",2021-02-17,4.11483333333333
"A",2021-02-18,2.77125
"B",2021-02-18,1.1075
"C",2021-02-18,1.495
"D",2021-02-18,3.439375
"E",2021-02-18,3.87295833333333
"A",2021-02-19,2.471875
"B",2021-02-19,1.025625
"C",2021-02-19,1.529375
"D",2021-02-19,4.274375
"E",2021-02-19,3.7346875
"A",2021-02-20,2.61875
"B",2021-02-20,0.371875
"C",2021-02-20,1.510625
"D",2021-02-20,4.103125
"E",2021-02-20,3.573125
"A",2021-02-21,2.48875
"B",2021-02-21,0.754375
"C",2021-02-21,1.586875
"D",2021-02-21,2.7825
"E",2021-02-21,2.9283125
"A",2021-02-22,2.088125
"B",2021-02-22,0.951875
"C",2021-02-22,1.505
"D",2021-02-22,2.513125
"E",2021-02-22,3.12033333333333
"A",2021-02-23,2.43
"B",2021-02-23,1.1325
"C",2021-02-23,1.4875
"D",2021-02-23,2.41625
"E",2021-02-23,3.54927083333333
"A",2021-02-24,2.409375
"B",2021-02-24,1.4175
"C",2021-02-24,1.643125
"D",2021-02-24,2.249375
"E",2021-02-24,3.73466666666667
"A",2021-02-25,2.955
"B",2021-02-25,2.213125
"C",2021-02-25,2.2725
"D",2021-02-25,2.543125
"E",2021-02-25,3.88091666666667
"A",2021-02-26,3.59625
"B",2021-02-26,2.42875
"C",2021-02-26,2.71125
"D",2021-02-26,2.9125
"E",2021-02-26,4.22329166666667
"A",2021-02-27,3.8025
"B",2021-02-27,2.478125
"C",2021-02-27,3.071875
"D",2021-02-27,2.570625
"E",2021-02-27,4.8070625
"A",2021-02-28,3.686875
"B",2021-02-28,2.45375
"C",2021-02-28,3.009375
"D",2021-02-28,2.479375
"E",2021-02-28,5.05475
"A",2021-03-01,3.713125
"C",2021-03-01,3.04625
"D",2021-03-01,3.0925
"E",2021-03-01,4.79802083333333
"A",2021-03-02,4.6275
"C",2021-03-02,2.82125
"D",2021-03-02,2.9225
"E",2021-03-02,4.83047916666667
"A",2021-03-03,5.4275
"B",2021-03-03,4.152
"C",2021-03-03,2.520625
"D",2021-03-03,2.72
"E",2021-03-03,5.21308333333333
"A",2021-03-04,6.006875
"B",2021-03-04,4.14625
"C",2021-03-04,2.61
"D",2021-03-04,2.641875
"E",2021-03-04,5.54670833333333
"A",2021-03-05,6.39
"B",2021-03-05,3.8525
"C",2021-03-05,2.49875
"D",2021-03-05,2.386875
"E",2021-03-05,5.68347916666667
"A",2021-03-06,5.908125
"B",2021-03-06,3.74125
"C",2021-03-06,2.435
"D",2021-03-06,2.17125
"E",2021-03-06,5.72166666666667
"A",2021-03-07,5.715625
"B",2021-03-07,3.59375
"C",2021-03-07,2.32125
"D",2021-03-07,2.3725
"E",2021-03-07,5.7275
"A",2021-03-08,5.86625
"B",2021-03-08,3.41625
"C",2021-03-08,2.4575
"D",2021-03-08,2.493125
"E",2021-03-08,5.62141666666667
"A",2021-03-09,5.975625
"B",2021-03-09,3.24375
"C",2021-03-09,2.505
"D",2021-03-09,2.78
"E",2021-03-09,5.38846428571429
"A",2021-03-10,6.01
"B",2021-03-10,2.77875
"C",2021-03-10,2.1525
"D",2021-03-10,2.886875
"A",2021-03-11,6.35875
"B",2021-03-11,2.64625
"C",2021-03-11,2.196875
"D",2021-03-11,2.83875
"A",2021-03-12,6.15
"B",2021-03-12,2.46625
"C",2021-03-12,2.3475
"D",2021-03-12,2.645
"A",2021-03-13,5.664375
"B",2021-03-13,2.64625
"C",2021-03-13,2.455
"D",2021-03-13,2.548125
"A",2021-03-14,5.426875
"B",2021-03-14,2.965
"C",2021-03-14,2.3575
"D",2021-03-14,2.25
"A",2021-03-15,5.36375
"B",2021-03-15,3.16375
"C",2021-03-15,2.406875
"D",2021-03-15,2.189375
"A",2021-03-16,5.30875
"B",2021-03-16,3.38125
"C",2021-03-16,2.445
"D",2021-03-16,2.26375
"A",2021-03-17,5.165625
"B",2021-03-17,3.5
"C",2021-03-17,2.5125
"D",2021-03-17,2.325625
"A",2021-03-18,5.194375
"B",2021-03-18,3.29375
"C",2021-03-18,2.45375
"D",2021-03-18,2.3525
"A",2021-03-19,5.276875
"B",2021-03-19,2.315
"C",2021-03-19,2.44
"D",2021-03-19,2.30625
"A",2021-03-20,5.2375
"B",2021-03-20,2.8125
"C",2021-03-20,2.3775
"D",2021-03-20,2.151875
"A",2021-03-21,4.8
"B",2021-03-21,3.665
"C",2021-03-21,2.675625
"D",2021-03-21,1.95875
"A",2021-03-22,4.601875
"B",2021-03-22,3.7875
"C",2021-03-22,2.805
"D",2021-03-22,2.096875
"A",2021-03-23,4.639375
"B",2021-03-23,4.035
"C",2021-03-23,2.874375
"D",2021-03-23,2.225
"A",2021-03-24,4.46875
"B",2021-03-24,4.48
"C",2021-03-24,2.805625
"D",2021-03-24,2.440625
"A",2021-03-25,4.818125
"B",2021-03-25,4.91375
"C",2021-03-25,2.81875
"D",2021-03-25,2.57875
"A",2021-03-26,5.308125
"B",2021-03-26,5.3675
"C",2021-03-26,2.930625
"D",2021-03-26,2.62125
"A",2021-03-27,5.336875
"B",2021-03-27,5.31875
"C",2021-03-27,3.105
"D",2021-03-27,2.724375
"A",2021-03-28,5.58466666666667
"B",2021-03-28,5.25571428571429
"C",2021-03-28,3.16928571428571
"D",2021-03-28,2.833125
"A",2021-03-29,5.77125
"B",2021-03-29,5.505
"C",2021-03-29,3.254375
"D",2021-03-29,2.95625
"A",2021-03-30,5.826875
"B",2021-03-30,5.80375
"C",2021-03-30,3.501875
"D",2021-03-30,3.105625
"A",2021-03-31,5.849375
"B",2021-03-31,6.37
"C",2021-03-31,3.844375
"D",2021-03-31,3.2475
"A",2021-04-01,6.0525
"B",2021-04-01,6.575
"C",2021-04-01,3.64375
"D",2021-04-01,3.364375
"A",2021-04-02,6.248125
"B",2021-04-02,6.45875
"C",2021-04-02,3.863125
"D",2021-04-02,3.451875
"A",2021-04-03,6.313125
"B",2021-04-03,6.40875
"C",2021-04-03,3.906875
"D",2021-04-03,3.645625
"A",2021-04-04,6.343125
"B",2021-04-04,6.195
"C",2021-04-04,4.035625
"D",2021-04-04,3.86875
"A",2021-04-05,6.325
"B",2021-04-05,6.205
"C",2021-04-05,4.128125
"D",2021-04-05,4.23125
"A",2021-04-06,6.40125
"B",2021-04-06,6.00125
"C",2021-04-06,4.2225
"D",2021-04-06,4.3175
"A",2021-04-07,6.38375
"B",2021-04-07,6.29875
"C",2021-04-07,4.44
"D",2021-04-07,4.066875
"A",2021-04-08,6.30375
"B",2021-04-08,6.37
"C",2021-04-08,4.244375
"D",2021-04-08,3.916875
"A",2021-04-09,6.086875
"B",2021-04-09,6.12625
"C",2021-04-09,4.234375
"D",2021-04-09,3.964375
"A",2021-04-10,6.1175
"B",2021-04-10,6.47625
"C",2021-04-10,4.215625
"D",2021-04-10,4.034375
"A",2021-04-11,6.083125
"B",2021-04-11,6.395
"C",2021-04-11,4.31125
"D",2021-04-11,4.05625
"A",2021-04-12,6.049375
"B",2021-04-12,5.995
"C",2021-04-12,4.3975
"D",2021-04-12,4.124375
"A",2021-04-13,6.07375
"B",2021-04-13,5.9025
"C",2021-04-13,4.54875
"D",2021-04-13,4.16125
"A",2021-04-14,5.965
"B",2021-04-14,6.30125
"C",2021-04-14,4.635625
"D",2021-04-14,4.189375
"A",2021-04-15,5.94875
"B",2021-04-15,6.22625
"C",2021-04-15,4.698125
"D",2021-04-15,4.214375
"A",2021-04-16,5.9225
"B",2021-04-16,6.32375
"C",2021-04-16,4.87125
"D",2021-04-16,4.485
"A",2021-04-17,5.75625
"B",2021-04-17,6.59375
"C",2021-04-17,4.91
"D",2021-04-17,4.456875
"A",2021-04-18,5.951875
"B",2021-04-18,6.64625
"C",2021-04-18,5.24375
"D",2021-04-18,4.551875
"A",2021-04-19,6.005625
"B",2021-04-19,6.815
"C",2021-04-19,5.386875
"D",2021-04-19,4.71875
"A",2021-04-20,6.043125
"C",2021-04-20,5.7975
"D",2021-04-20,5.041875
"A",2021-04-21,6.055625
"C",2021-04-21,5.984375
"D",2021-04-21,4.840625
"A",2021-04-22,6.17875
"B",2021-04-22,9.344
"C",2021-04-22,6.380625
"D",2021-04-22,4.988125
"A",2021-04-23,6.378125
"B",2021-04-23,8.34
"C",2021-04-23,6.355
"D",2021-04-23,5.2075
"A",2021-04-24,6.29625
"B",2021-04-24,7.33125
"C",2021-04-24,6.324375
"D",2021-04-24,5.206875
"A",2021-04-25,6.240625
"B",2021-04-25,7.3125
"C",2021-04-25,6.181875
"D",2021-04-25,5.200625
"A",2021-04-26,6.265
"B",2021-04-26,7.645
"C",2021-04-26,6.07875
"D",2021-04-26,5.179375
"A",2021-04-27,6.141875
"B",2021-04-27,7.70375
"C",2021-04-27,6.026875
"D",2021-04-27,5.14125
"A",2021-04-28,6.09875
"B",2021-04-28,8.4325
"C",2021-04-28,5.79125
"D",2021-04-28,5.09625
"A",2021-04-29,5.991875
"B",2021-04-29,8.50625
"D",2021-04-29,5.06875
"A",2021-04-30,6.015
"B",2021-04-30,8.255
"D",2021-04-30,5.09
"A",2021-05-01,6.04625
"B",2021-05-01,8.33875
"D",2021-05-01,5.130625
"A",2021-05-02,6.1425
"B",2021-05-02,9.32375
"D",2021-05-02,5.183125
"A",2021-05-03,6.099375
"B",2021-05-03,9.5425
"D",2021-05-03,5.253125
"A",2021-05-04,6.221875
"B",2021-05-04,9.88375
"D",2021-05-04,5.32875
"A",2021-05-05,6.3025
"B",2021-05-05,8.98625
"D",2021-05-05,5.428125
"A",2021-05-06,6.556875
"B",2021-05-06,7.63
"D",2021-05-06,5.493125
"A",2021-05-07,6.415625
"B",2021-05-07,7.89875
"D",2021-05-07,5.470625
"A",2021-05-08,6.338125
"B",2021-05-08,8.61125
"D",2021-05-08,5.42875
"A",2021-05-09,6.503125
"B",2021-05-09,8.99
"D",2021-05-09,5.444375
"A",2021-05-10,6.514375
"B",2021-05-10,9.05125
"D",2021-05-10,5.508125
"A",2021-05-11,6.600625
"B",2021-05-11,9.7975
"D",2021-05-11,5.61
"A",2021-05-12,6.903125
"B",2021-05-12,11.25625
"D",2021-05-12,5.783125
"A",2021-05-13,7.31375
"B",2021-05-13,12.3225
"D",2021-05-13,6.106875
"A",2021-05-14,7.589375
"B",2021-05-14,13.41
"D",2021-05-14,6.3025
"A",2021-05-15,7.81
"B",2021-05-15,12.91875
"D",2021-05-15,6.63625
"A",2021-05-16,8.15625
"B",2021-05-16,12.9325
"D",2021-05-16,6.7275
"A",2021-05-17,8.469375
"B",2021-05-17,13.0475
"D",2021-05-17,6.716875
"A",2021-05-18,8.484375
"B",2021-05-18,12.78125
"D",2021-05-18,6.67875
"A",2021-05-19,9.161875
"B",2021-05-19,13.11875
"D",2021-05-19,6.789375
"A",2021-05-20,9.6575
"B",2021-05-20,13.955
"D",2021-05-20,6.98125
"A",2021-05-21,9.633125
"B",2021-05-21,13.90125
"D",2021-05-21,7.13125
"A",2021-05-22,9.649375
"B",2021-05-22,13.88375
"D",2021-05-22,7.170625
"A",2021-05-23,9.836875
"B",2021-05-23,13.31125
"D",2021-05-23,7.115625
"A",2021-05-24,9.81
"B",2021-05-24,12.91875
"D",2021-05-24,7.05625
"A",2021-05-25,9.85571428571428
"B",2021-05-25,13.53875
"D",2021-05-25,6.94
"B",2021-05-26,13.335
"E",2021-07-14,15.8715
"E",2021-07-15,15.6546041666667
"E",2021-07-16,15.7467291666667
"E",2021-07-17,15.8413541666667
"E",2021-07-18,15.8969375
"E",2021-07-19,15.9001666666667
"E",2021-07-20,15.8601875
"E",2021-07-21,15.8041458333333
"E",2021-07-22,15.7502916666667
"E",2021-07-23,15.7221458333333
"E",2021-07-24,15.6870625
"E",2021-07-25,15.6557916666667
"E",2021-07-26,15.6608125
"E",2021-07-27,15.7233541666667
"E",2021-07-28,15.9401458333333
"E",2021-07-29,15.9875
"E",2021-07-30,15.9737291666667
"E",2021-07-31,15.9435625
"E",2021-08-01,15.825125
"E",2021-08-02,15.824
"E",2021-08-03,15.7920833333333
"E",2021-08-04,15.7154583333333
"E",2021-08-05,15.637
"E",2021-08-06,15.6617291666667
"E",2021-08-07,15.9106875
"E",2021-08-08,16.2530833333333
"E",2021-08-09,16.2534166666667
"E",2021-08-10,16.0860833333333
"E",2021-08-11,16.0293333333333
"E",2021-08-12,16.0396875
"E",2021-08-13,16.4049375
"E",2021-08-14,16.297125
"E",2021-08-15,15.9698125
"E",2021-08-16,15.9306875
"E",2021-08-17,15.6712708333333
"E",2021-08-18,15.5325208333333
"E",2021-08-19,15.3061875
"E",2021-08-20,15.1422291666667
"E",2021-08-21,14.87875
"E",2021-08-22,14.8406458333333
"E",2021-08-23,14.6497083333333
"E",2021-08-24,14.627375
"E",2021-08-25,14.762625
"E",2021-08-26,14.6155
"E",2021-08-27,14.137
"E",2021-08-28,14.1565
"E",2021-08-29,14.3287083333333
"E",2021-08-30,14.4823333333333
"E",2021-08-31,14.2908125
"E",2021-09-01,14.2153333333333
"E",2021-09-02,14.4030833333333
"E",2021-09-03,14.3528958333333
"E",2021-09-04,13.9846875
"E",2021-09-05,13.4494791666667
"E",2021-09-06,13.0759583333333
"E",2021-09-07,13.3479375
"E",2021-09-08,14.0174166666667
"E",2021-09-09,14.485
"E",2021-09-10,14.5578541666667
"E",2021-09-11,15.0375833333333
"E",2021-09-12,15.5451666666667
"E",2021-09-13,15.5935
"E",2021-09-14,15.4631666666667
"E",2021-09-15,15.1601875
"E",2021-09-16,14.7904375
"E",2021-09-17,14.5589791666667
"E",2021-09-18,14.1240833333333
"E",2021-09-19,13.9236458333333
"E",2021-09-20,13.4604166666667
"E",2021-09-21,13.0786041666667
"E",2021-09-22,12.925375
"E",2021-09-23,13.083125
"E",2021-09-24,13.156625
"E",2021-09-25,13.1393958333333
"E",2021-09-26,12.9335208333333
"E",2021-09-27,12.9471666666667
"E",2021-09-28,13.2100416666667
"E",2021-09-29,13.153625
"E",2021-09-30,13.0344583333333
"E",2021-10-01,12.8990208333333
"E",2021-10-02,12.8588333333333
"E",2021-10-03,12.9037708333333
"E",2021-10-04,12.9770833333333
"E",2021-10-05,12.899625
"E",2021-10-06,12.7264583333333
"E",2021-10-07,12.6076875
"E",2021-10-08,12.2986666666667
"E",2021-10-09,12.1259375
"E",2021-10-10,11.989875
"E",2021-10-11,11.7941666666667
"E",2021-10-12,11.5325625
"E",2021-10-13,11.1447916666667
"E",2021-10-14,11.0241041666667
"E",2021-10-15,11.4083125
"E",2021-10-16,11.3375833333333
"E",2021-10-17,11.2275416666667
"E",2021-10-18,11.1383333333333
"E",2021-10-19,11.2905416666667
"E",2021-10-20,11.6584791666667
"E",2021-10-21,11.7544583333333
"E",2021-10-22,11.5961875
"E",2021-10-23,11.4205416666667
"E",2021-10-24,11.2832916666667
"E",2021-10-25,11.2998541666667
"E",2021-10-26,11.4283958333333
"E",2021-10-27,11.4460833333333
"E",2021-10-28,11.508375
"E",2021-10-29,11.5355416666667
"E",2021-10-30,11.5015208333333
"E",2021-10-31,11.494625
"E",2021-11-01,11.5277708333333
"E",2021-11-02,11.554625
"E",2021-11-03,11.466
"E",2021-11-04,11.39325
"E",2021-11-05,11.3333333333333
"E",2021-11-06,11.3786458333333
"E",2021-11-07,11.4405833333333
"E",2021-11-08,11.4048958333333
"E",2021-11-09,11.369625
"E",2021-11-10,11.3845
"E",2021-11-11,11.409375
"E",2021-11-12,12.3323928571429
