"dos","doy","year","mass.slurry","mass.frozen","depth.slurry","temp.air","temp.wall","temp.floor","temp.slurry","sim","date","day.of.month"
731,1,2021,1000,3.15,1,-4.92,4.62,10.42,0,"1m",2021-01-01,"01"
732,2,2021,1000,4.3,1,-4.94,4.46,10.38,0,"1m",2021-01-02,"02"
733,3,2021,1000,5.46,1,-4.96,4.3,10.34,0,"1m",2021-01-03,"03"
734,4,2021,1000,6.65,1,-4.98,4.14,10.3,0,"1m",2021-01-04,"04"
735,5,2021,1000,7.84,1,-4.99,3.98,10.25,0,"1m",2021-01-05,"05"
736,6,2021,1000,9.05,1,-5,3.82,10.21,0,"1m",2021-01-06,"06"
737,7,2021,1000,10.27,1,-5,3.67,10.16,0,"1m",2021-01-07,"07"
738,8,2021,1000,11.5,1,-5,3.51,10.11,0,"1m",2021-01-08,"08"
739,9,2021,1000,12.73,1,-5,3.36,10.07,0,"1m",2021-01-09,"09"
740,10,2021,1000,13.97,1,-4.99,3.21,10.02,0,"1m",2021-01-10,"10"
741,11,2021,1000,15.21,1,-4.98,3.05,9.97,0,"1m",2021-01-11,"11"
742,12,2021,1000,16.45,1,-4.96,2.9,9.92,0,"1m",2021-01-12,"12"
743,13,2021,1000,17.69,1,-4.94,2.75,9.87,0,"1m",2021-01-13,"13"
744,14,2021,1000,18.93,1,-4.92,2.61,9.82,0,"1m",2021-01-14,"14"
745,15,2021,1000,20.16,1,-4.9,2.46,9.76,0,"1m",2021-01-15,"15"
746,16,2021,1000,21.38,1,-4.87,2.32,9.71,0,"1m",2021-01-16,"16"
747,17,2021,1000,22.59,1,-4.83,2.17,9.66,0,"1m",2021-01-17,"17"
748,18,2021,1000,23.79,1,-4.8,2.03,9.61,0,"1m",2021-01-18,"18"
749,19,2021,1000,24.97,1,-4.76,1.89,9.55,0,"1m",2021-01-19,"19"
750,20,2021,1000,26.14,1,-4.71,1.75,9.5,0,"1m",2021-01-20,"20"
751,21,2021,1000,27.29,1,-4.66,1.62,9.44,0,"1m",2021-01-21,"21"
752,22,2021,1000,28.42,1,-4.61,1.48,9.38,0,"1m",2021-01-22,"22"
753,23,2021,1000,29.52,1,-4.56,1.35,9.33,0,"1m",2021-01-23,"23"
754,24,2021,1000,30.6,1,-4.5,1.22,9.27,0,"1m",2021-01-24,"24"
755,25,2021,1000,31.66,1,-4.44,1.09,9.21,0,"1m",2021-01-25,"25"
756,26,2021,1000,32.69,1,-4.37,0.96,9.15,0,"1m",2021-01-26,"26"
757,27,2021,1000,33.68,1,-4.3,0.84,9.09,0,"1m",2021-01-27,"27"
758,28,2021,1000,34.64,1,-4.23,0.71,9.03,0,"1m",2021-01-28,"28"
759,29,2021,1000,35.57,1,-4.15,0.59,8.98,0,"1m",2021-01-29,"29"
760,30,2021,1000,36.47,1,-4.07,0.47,8.91,0,"1m",2021-01-30,"30"
761,31,2021,1000,37.32,1,-3.99,0.35,8.85,0,"1m",2021-01-31,"31"
762,32,2021,1000,38.13,1,-3.9,0.24,8.79,0,"1m",2021-02-01,"01"
763,33,2021,1000,38.9,1,-3.81,0.13,8.73,0,"1m",2021-02-02,"02"
764,34,2021,1000,39.63,1,-3.72,0.01,8.67,0,"1m",2021-02-03,"03"
765,35,2021,1000,40.31,1,-3.63,-0.09,8.61,0,"1m",2021-02-04,"04"
766,36,2021,1000,40.94,1,-3.53,-0.2,8.55,0,"1m",2021-02-05,"05"
767,37,2021,1000,41.52,1,-3.42,-0.3,8.48,0,"1m",2021-02-06,"06"
768,38,2021,1000,42.05,1,-3.32,-0.41,8.42,0,"1m",2021-02-07,"07"
769,39,2021,1000,42.53,1,-3.21,-0.51,8.36,0,"1m",2021-02-08,"08"
770,40,2021,1000,42.95,1,-3.09,-0.6,8.29,0,"1m",2021-02-09,"09"
771,41,2021,1000,43.31,1,-2.98,-0.7,8.23,0,"1m",2021-02-10,"10"
772,42,2021,1000,43.62,1,-2.86,-0.79,8.16,0,"1m",2021-02-11,"11"
773,43,2021,1000,43.86,1,-2.74,-0.88,8.1,0,"1m",2021-02-12,"12"
774,44,2021,1000,44.04,1,-2.61,-0.97,8.04,0,"1m",2021-02-13,"13"
775,45,2021,1000,44.16,1,-2.48,-1.05,7.97,0,"1m",2021-02-14,"14"
776,46,2021,1000,44.21,1,-2.35,-1.13,7.91,0,"1m",2021-02-15,"15"
777,47,2021,1000,44.19,1,-2.22,-1.21,7.84,0,"1m",2021-02-16,"16"
778,48,2021,1000,44.1,1,-2.08,-1.29,7.78,0,"1m",2021-02-17,"17"
779,49,2021,1000,43.94,1,-1.94,-1.37,7.71,0,"1m",2021-02-18,"18"
780,50,2021,1000,43.7,1,-1.8,-1.44,7.65,0,"1m",2021-02-19,"19"
781,51,2021,1000,43.39,1,-1.66,-1.51,7.58,0,"1m",2021-02-20,"20"
782,52,2021,1000,43.01,1,-1.51,-1.57,7.52,0,"1m",2021-02-21,"21"
783,53,2021,1000,42.55,1,-1.36,-1.64,7.45,0,"1m",2021-02-22,"22"
784,54,2021,1000,42.01,1,-1.2,-1.7,7.39,0,"1m",2021-02-23,"23"
785,55,2021,1000,41.38,1,-1.05,-1.76,7.32,0,"1m",2021-02-24,"24"
786,56,2021,1000,40.68,1,-0.89,-1.81,7.26,0,"1m",2021-02-25,"25"
787,57,2021,1000,39.89,1,-0.73,-1.87,7.19,0,"1m",2021-02-26,"26"
788,58,2021,1000,39.01,1,-0.57,-1.92,7.13,0,"1m",2021-02-27,"27"
789,59,2021,1000,38.05,1,-0.4,-1.96,7.06,0,"1m",2021-02-28,"28"
790,60,2021,1000,37,1,-0.23,-2.01,7,0,"1m",2021-03-01,"01"
791,61,2021,1000,35.86,1,-0.06,-2.05,6.93,0,"1m",2021-03-02,"02"
792,62,2021,1000,34.63,1,0.11,-2.09,6.87,0,"1m",2021-03-03,"03"
793,63,2021,1000,33.3,1,0.28,-2.13,6.8,0,"1m",2021-03-04,"04"
794,64,2021,1000,31.88,1,0.46,-2.16,6.74,0,"1m",2021-03-05,"05"
795,65,2021,1000,30.37,1,0.64,-2.19,6.68,0,"1m",2021-03-06,"06"
796,66,2021,1000,28.76,1,0.82,-2.22,6.61,0,"1m",2021-03-07,"07"
797,67,2021,1000,27.05,1,1,-2.24,6.55,0,"1m",2021-03-08,"08"
798,68,2021,1000,25.25,1,1.19,-2.26,6.49,0,"1m",2021-03-09,"09"
799,69,2021,1000,23.34,1,1.37,-2.28,6.42,0,"1m",2021-03-10,"10"
800,70,2021,1000,21.34,1,1.56,-2.3,6.36,0,"1m",2021-03-11,"11"
801,71,2021,1000,19.23,1,1.75,-2.31,6.3,0,"1m",2021-03-12,"12"
802,72,2021,1000,17.01,1,1.95,-2.32,6.24,0,"1m",2021-03-13,"13"
803,73,2021,1000,14.7,1,2.14,-2.33,6.18,0,"1m",2021-03-14,"14"
804,74,2021,1000,12.28,1,2.33,-2.33,6.12,0,"1m",2021-03-15,"15"
805,75,2021,1000,9.75,1,2.53,-2.33,6.05,0,"1m",2021-03-16,"16"
806,76,2021,1000,7.11,1,2.73,-2.33,5.99,0,"1m",2021-03-17,"17"
807,77,2021,1000,4.37,1,2.93,-2.33,5.94,0,"1m",2021-03-18,"18"
808,78,2021,1000,1.52,1,3.13,-2.32,5.88,0,"1m",2021-03-19,"19"
809,79,2021,1000,0,1,3.33,-2.31,5.82,0.03,"1m",2021-03-20,"20"
810,80,2021,1000,0,1,3.54,-2.3,5.76,0.24,"1m",2021-03-21,"21"
811,81,2021,1000,0,1,3.74,-2.28,5.7,0.47,"1m",2021-03-22,"22"
812,82,2021,1000,0,1,3.95,-2.26,5.64,0.69,"1m",2021-03-23,"23"
813,83,2021,1000,0,1,4.15,-2.24,5.59,0.92,"1m",2021-03-24,"24"
814,84,2021,1000,0,1,4.36,-2.22,5.53,1.14,"1m",2021-03-25,"25"
815,85,2021,1000,0,1,4.57,-2.19,5.48,1.35,"1m",2021-03-26,"26"
816,86,2021,1000,0,1,4.78,-2.16,5.42,1.57,"1m",2021-03-27,"27"
817,87,2021,1000,0,1,4.99,-2.13,5.37,1.78,"1m",2021-03-28,"28"
818,88,2021,1000,0,1,5.2,-2.09,5.31,1.99,"1m",2021-03-29,"29"
819,89,2021,1000,0,1,5.41,-2.05,5.26,2.2,"1m",2021-03-30,"30"
820,90,2021,1000,0,1,5.62,-2.01,5.21,2.4,"1m",2021-03-31,"31"
821,91,2021,1000,0,1,5.84,-1.96,5.16,2.61,"1m",2021-04-01,"01"
822,92,2021,1000,0,1,6.05,-1.92,5.11,2.81,"1m",2021-04-02,"02"
823,93,2021,1000,0,1,6.26,-1.87,5.06,3.01,"1m",2021-04-03,"03"
824,94,2021,1000,0,1,6.48,-1.81,5.01,3.21,"1m",2021-04-04,"04"
825,95,2021,1000,0,1,6.69,-1.76,4.96,3.41,"1m",2021-04-05,"05"
826,96,2021,1000,0,1,6.91,-1.7,4.91,3.61,"1m",2021-04-06,"06"
827,97,2021,1000,0,1,7.12,-1.64,4.86,3.8,"1m",2021-04-07,"07"
828,98,2021,1000,0,1,7.34,-1.57,4.82,4,"1m",2021-04-08,"08"
829,99,2021,1000,0,1,7.55,-1.51,4.77,4.19,"1m",2021-04-09,"09"
830,100,2021,1000,0,1,7.77,-1.44,4.73,4.39,"1m",2021-04-10,"10"
831,101,2021,1000,0,1,7.98,-1.37,4.68,4.58,"1m",2021-04-11,"11"
832,102,2021,1000,0,1,8.2,-1.29,4.64,4.77,"1m",2021-04-12,"12"
833,103,2021,1000,0,1,8.41,-1.21,4.6,4.96,"1m",2021-04-13,"13"
834,104,2021,1000,0,1,8.63,-1.13,4.56,5.15,"1m",2021-04-14,"14"
835,105,2021,1000,0,1,8.84,-1.05,4.52,5.34,"1m",2021-04-15,"15"
836,106,2021,1000,0,1,9.06,-0.97,4.48,5.53,"1m",2021-04-16,"16"
837,107,2021,1000,0,1,9.27,-0.88,4.44,5.71,"1m",2021-04-17,"17"
838,108,2021,1000,0,1,9.48,-0.79,4.4,5.9,"1m",2021-04-18,"18"
839,109,2021,1000,0,1,9.69,-0.7,4.36,6.09,"1m",2021-04-19,"19"
840,110,2021,1000,0,1,9.91,-0.6,4.33,6.27,"1m",2021-04-20,"20"
841,111,2021,1000,0,1,10.12,-0.51,4.29,6.46,"1m",2021-04-21,"21"
842,112,2021,1000,0,1,10.33,-0.41,4.26,6.64,"1m",2021-04-22,"22"
843,113,2021,1000,0,1,10.54,-0.3,4.22,6.83,"1m",2021-04-23,"23"
844,114,2021,1000,0,1,10.74,-0.2,4.19,7.01,"1m",2021-04-24,"24"
845,115,2021,1000,0,1,10.95,-0.09,4.16,7.19,"1m",2021-04-25,"25"
846,116,2021,1000,0,1,11.16,0.01,4.13,7.38,"1m",2021-04-26,"26"
847,117,2021,1000,0,1,11.36,0.13,4.1,7.56,"1m",2021-04-27,"27"
848,118,2021,1000,0,1,11.57,0.24,4.07,7.74,"1m",2021-04-28,"28"
849,119,2021,1000,0,1,11.77,0.35,4.05,7.92,"1m",2021-04-29,"29"
850,120,2021,1000,0,1,11.97,0.47,4.02,8.1,"1m",2021-04-30,"30"
851,121,2021,1000,0,1,12.17,0.59,3.99,8.28,"1m",2021-05-01,"01"
852,122,2021,1000,0,1,12.37,0.71,3.97,8.46,"1m",2021-05-02,"02"
853,123,2021,1000,0,1,12.57,0.84,3.95,8.64,"1m",2021-05-03,"03"
854,124,2021,1000,0,1,12.76,0.96,3.93,8.81,"1m",2021-05-04,"04"
855,125,2021,1000,0,1,12.96,1.09,3.9,8.99,"1m",2021-05-05,"05"
856,126,2021,1000,0,1,13.15,1.22,3.88,9.17,"1m",2021-05-06,"06"
857,127,2021,1000,0,1,13.34,1.35,3.87,9.34,"1m",2021-05-07,"07"
858,128,2021,1000,0,1,13.53,1.48,3.85,9.52,"1m",2021-05-08,"08"
859,129,2021,1000,0,1,13.72,1.62,3.83,9.69,"1m",2021-05-09,"09"
860,130,2021,1000,0,1,13.9,1.75,3.82,9.87,"1m",2021-05-10,"10"
861,131,2021,1000,0,1,14.09,1.89,3.8,10.04,"1m",2021-05-11,"11"
862,132,2021,1000,0,1,14.27,2.03,3.79,10.21,"1m",2021-05-12,"12"
863,133,2021,1000,0,1,14.45,2.17,3.78,10.38,"1m",2021-05-13,"13"
864,134,2021,1000,0,1,14.63,2.32,3.76,10.55,"1m",2021-05-14,"14"
865,135,2021,1000,0,1,14.8,2.46,3.75,10.72,"1m",2021-05-15,"15"
866,136,2021,1000,0,1,14.98,2.61,3.75,10.89,"1m",2021-05-16,"16"
867,137,2021,1000,0,1,15.15,2.75,3.74,11.05,"1m",2021-05-17,"17"
868,138,2021,1000,0,1,15.32,2.9,3.73,11.22,"1m",2021-05-18,"18"
869,139,2021,1000,0,1,15.48,3.05,3.73,11.38,"1m",2021-05-19,"19"
870,140,2021,1000,0,1,15.65,3.21,3.72,11.55,"1m",2021-05-20,"20"
871,141,2021,1000,0,1,15.81,3.36,3.72,11.71,"1m",2021-05-21,"21"
872,142,2021,1000,0,1,15.97,3.51,3.72,11.87,"1m",2021-05-22,"22"
873,143,2021,1000,0,1,16.13,3.67,3.71,12.03,"1m",2021-05-23,"23"
874,144,2021,1000,0,1,16.28,3.82,3.71,12.19,"1m",2021-05-24,"24"
875,145,2021,1000,0,1,16.43,3.98,3.72,12.34,"1m",2021-05-25,"25"
876,146,2021,1000,0,1,16.58,4.14,3.72,12.5,"1m",2021-05-26,"26"
877,147,2021,1000,0,1,16.73,4.3,3.72,12.66,"1m",2021-05-27,"27"
878,148,2021,1000,0,1,16.87,4.46,3.73,12.81,"1m",2021-05-28,"28"
879,149,2021,1000,0,1,17.01,4.62,3.73,12.96,"1m",2021-05-29,"29"
880,150,2021,1000,0,1,17.15,4.78,3.74,13.11,"1m",2021-05-30,"30"
881,151,2021,1000,0,1,17.29,4.95,3.75,13.26,"1m",2021-05-31,"31"
882,152,2021,1000,0,1,17.42,5.11,3.75,13.41,"1m",2021-06-01,"01"
883,153,2021,1000,0,1,17.55,5.28,3.76,13.55,"1m",2021-06-02,"02"
884,154,2021,1000,0,1,17.68,5.44,3.78,13.7,"1m",2021-06-03,"03"
885,155,2021,1000,0,1,17.8,5.61,3.79,13.84,"1m",2021-06-04,"04"
886,156,2021,1000,0,1,17.92,5.77,3.8,13.98,"1m",2021-06-05,"05"
887,157,2021,1000,0,1,18.04,5.94,3.82,14.12,"1m",2021-06-06,"06"
888,158,2021,1000,0,1,18.15,6.11,3.83,14.25,"1m",2021-06-07,"07"
889,159,2021,1000,0,1,18.26,6.28,3.85,14.39,"1m",2021-06-08,"08"
890,160,2021,1000,0,1,18.37,6.44,3.87,14.52,"1m",2021-06-09,"09"
891,161,2021,1000,0,1,18.47,6.61,3.88,14.65,"1m",2021-06-10,"10"
892,162,2021,1000,0,1,18.58,6.78,3.9,14.78,"1m",2021-06-11,"11"
893,163,2021,1000,0,1,18.67,6.95,3.93,14.91,"1m",2021-06-12,"12"
894,164,2021,1000,0,1,18.77,7.12,3.95,15.04,"1m",2021-06-13,"13"
895,165,2021,1000,0,1,18.86,7.29,3.97,15.16,"1m",2021-06-14,"14"
896,166,2021,1000,0,1,18.95,7.46,3.99,15.28,"1m",2021-06-15,"15"
897,167,2021,1000,0,1,19.03,7.63,4.02,15.4,"1m",2021-06-16,"16"
898,168,2021,1000,0,1,19.11,7.8,4.05,15.52,"1m",2021-06-17,"17"
899,169,2021,1000,0,1,19.19,7.97,4.07,15.63,"1m",2021-06-18,"18"
900,170,2021,1000,0,1,19.27,8.13,4.1,15.75,"1m",2021-06-19,"19"
901,171,2021,1000,0,1,19.34,8.3,4.13,15.86,"1m",2021-06-20,"20"
902,172,2021,1000,0,1,19.4,8.47,4.16,15.96,"1m",2021-06-21,"21"
903,173,2021,1000,0,1,19.47,8.64,4.19,16.07,"1m",2021-06-22,"22"
904,174,2021,1000,0,1,19.53,8.81,4.22,16.17,"1m",2021-06-23,"23"
905,175,2021,1000,0,1,19.59,8.98,4.26,16.28,"1m",2021-06-24,"24"
906,176,2021,1000,0,1,19.64,9.14,4.29,16.37,"1m",2021-06-25,"25"
907,177,2021,1000,0,1,19.69,9.31,4.33,16.47,"1m",2021-06-26,"26"
908,178,2021,1000,0,1,19.73,9.48,4.36,16.57,"1m",2021-06-27,"27"
909,179,2021,1000,0,1,19.78,9.64,4.4,16.66,"1m",2021-06-28,"28"
910,180,2021,1000,0,1,19.82,9.81,4.44,16.75,"1m",2021-06-29,"29"
911,181,2021,1000,0,1,19.85,9.97,4.48,16.83,"1m",2021-06-30,"30"
912,182,2021,1000,0,1,19.88,10.13,4.52,16.92,"1m",2021-07-01,"01"
913,183,2021,1000,0,1,19.91,10.3,4.56,17,"1m",2021-07-02,"02"
914,184,2021,1000,0,1,19.93,10.46,4.6,17.08,"1m",2021-07-03,"03"
915,185,2021,1000,0,1,19.95,10.62,4.64,17.16,"1m",2021-07-04,"04"
916,186,2021,1000,0,1,19.97,10.78,4.68,17.23,"1m",2021-07-05,"05"
917,187,2021,1000,0,1,19.98,10.94,4.73,17.3,"1m",2021-07-06,"06"
918,188,2021,1000,0,1,19.99,11.1,4.77,17.37,"1m",2021-07-07,"07"
919,189,2021,1000,0,1,20,11.25,4.82,17.44,"1m",2021-07-08,"08"
920,190,2021,1000,0,1,20,11.41,4.86,17.5,"1m",2021-07-09,"09"
921,191,2021,1000,0,1,20,11.56,4.91,17.56,"1m",2021-07-10,"10"
922,192,2021,1000,0,1,19.99,11.72,4.96,17.62,"1m",2021-07-11,"11"
923,193,2021,1000,0,1,19.98,11.87,5.01,17.67,"1m",2021-07-12,"12"
924,194,2021,1000,0,1,19.97,12.02,5.06,17.73,"1m",2021-07-13,"13"
925,195,2021,1000,0,1,19.95,12.17,5.11,17.78,"1m",2021-07-14,"14"
926,196,2021,1000,0,1,19.93,12.32,5.16,17.82,"1m",2021-07-15,"15"
927,197,2021,1000,0,1,19.91,12.47,5.21,17.87,"1m",2021-07-16,"16"
928,198,2021,1000,0,1,19.88,12.61,5.26,17.91,"1m",2021-07-17,"17"
929,199,2021,1000,0,1,19.85,12.76,5.31,17.95,"1m",2021-07-18,"18"
930,200,2021,1000,0,1,19.82,12.9,5.37,17.98,"1m",2021-07-19,"19"
931,201,2021,1000,0,1,19.78,13.04,5.42,18.02,"1m",2021-07-20,"20"
932,202,2021,1000,0,1,19.73,13.18,5.48,18.05,"1m",2021-07-21,"21"
933,203,2021,1000,0,1,19.69,13.31,5.53,18.07,"1m",2021-07-22,"22"
934,204,2021,1000,0,1,19.64,13.45,5.59,18.1,"1m",2021-07-23,"23"
935,205,2021,1000,0,1,19.59,13.58,5.64,18.12,"1m",2021-07-24,"24"
936,206,2021,1000,0,1,19.53,13.72,5.7,18.14,"1m",2021-07-25,"25"
937,207,2021,1000,0,1,19.47,13.85,5.76,18.15,"1m",2021-07-26,"26"
938,208,2021,1000,0,1,19.4,13.98,5.82,18.17,"1m",2021-07-27,"27"
939,209,2021,1000,0,1,19.34,14.1,5.88,18.18,"1m",2021-07-28,"28"
940,210,2021,1000,0,1,19.27,14.23,5.94,18.18,"1m",2021-07-29,"29"
941,211,2021,1000,0,1,19.19,14.35,5.99,18.19,"1m",2021-07-30,"30"
942,212,2021,1000,0,1,19.11,14.47,6.05,18.19,"1m",2021-07-31,"31"
943,213,2021,1000,0,1,19.03,14.59,6.12,18.19,"1m",2021-08-01,"01"
944,214,2021,1000,0,1,18.95,14.7,6.18,18.18,"1m",2021-08-02,"02"
945,215,2021,1000,0,1,18.86,14.82,6.24,18.18,"1m",2021-08-03,"03"
946,216,2021,1000,0,1,18.77,14.93,6.3,18.17,"1m",2021-08-04,"04"
947,217,2021,1000,0,1,18.67,15.04,6.36,18.15,"1m",2021-08-05,"05"
948,218,2021,1000,0,1,18.58,15.15,6.42,18.14,"1m",2021-08-06,"06"
949,219,2021,1000,0,1,18.47,15.25,6.49,18.12,"1m",2021-08-07,"07"
950,220,2021,1000,0,1,18.37,15.36,6.55,18.1,"1m",2021-08-08,"08"
951,221,2021,1000,0,1,18.26,15.46,6.61,18.07,"1m",2021-08-09,"09"
952,222,2021,1000,0,1,18.15,15.55,6.68,18.04,"1m",2021-08-10,"10"
953,223,2021,1000,0,1,18.04,15.65,6.74,18.01,"1m",2021-08-11,"11"
954,224,2021,1000,0,1,17.92,15.74,6.8,17.98,"1m",2021-08-12,"12"
955,225,2021,1000,0,1,17.8,15.84,6.87,17.94,"1m",2021-08-13,"13"
956,226,2021,1000,0,1,17.68,15.92,6.93,17.9,"1m",2021-08-14,"14"
957,227,2021,1000,0,1,17.55,16.01,7,17.86,"1m",2021-08-15,"15"
958,228,2021,1000,0,1,17.42,16.09,7.06,17.82,"1m",2021-08-16,"16"
959,229,2021,1000,0,1,17.29,16.17,7.13,17.77,"1m",2021-08-17,"17"
960,230,2021,1000,0,1,17.15,16.25,7.19,17.72,"1m",2021-08-18,"18"
961,231,2021,1000,0,1,17.01,16.33,7.26,17.67,"1m",2021-08-19,"19"
962,232,2021,1000,0,1,16.87,16.4,7.32,17.61,"1m",2021-08-20,"20"
963,233,2021,1000,0,1,16.73,16.47,7.39,17.55,"1m",2021-08-21,"21"
964,234,2021,1000,0,1,16.58,16.54,7.45,17.49,"1m",2021-08-22,"22"
965,235,2021,1000,0,1,16.43,16.61,7.52,17.43,"1m",2021-08-23,"23"
966,236,2021,1000,0,1,16.28,16.67,7.58,17.36,"1m",2021-08-24,"24"
967,237,2021,1000,0,1,16.13,16.73,7.65,17.29,"1m",2021-08-25,"25"
968,238,2021,1000,0,1,15.97,16.79,7.71,17.22,"1m",2021-08-26,"26"
969,239,2021,1000,0,1,15.81,16.84,7.78,17.15,"1m",2021-08-27,"27"
970,240,2021,1000,0,1,15.65,16.89,7.84,17.07,"1m",2021-08-28,"28"
971,241,2021,1000,0,1,15.48,16.94,7.91,16.99,"1m",2021-08-29,"29"
972,242,2021,1000,0,1,15.32,16.99,7.97,16.91,"1m",2021-08-30,"30"
973,243,2021,1000,0,1,15.15,17.03,8.04,16.82,"1m",2021-08-31,"31"
974,244,2021,1000,0,1,14.98,17.07,8.1,16.74,"1m",2021-09-01,"01"
975,245,2021,1000,0,1,14.8,17.11,8.16,16.65,"1m",2021-09-02,"02"
976,246,2021,1000,0,1,14.63,17.14,8.23,16.56,"1m",2021-09-03,"03"
977,247,2021,1000,0,1,14.45,17.17,8.29,16.46,"1m",2021-09-04,"04"
978,248,2021,1000,0,1,14.27,17.2,8.36,16.37,"1m",2021-09-05,"05"
979,249,2021,1000,0,1,14.09,17.23,8.42,16.27,"1m",2021-09-06,"06"
980,250,2021,1000,0,1,13.9,17.25,8.48,16.17,"1m",2021-09-07,"07"
981,251,2021,1000,0,1,13.72,17.27,8.55,16.06,"1m",2021-09-08,"08"
982,252,2021,1000,0,1,13.53,17.29,8.61,15.96,"1m",2021-09-09,"09"
983,253,2021,1000,0,1,13.34,17.31,8.67,15.85,"1m",2021-09-10,"10"
984,254,2021,1000,0,1,13.15,17.32,8.73,15.74,"1m",2021-09-11,"11"
985,255,2021,1000,0,1,12.96,17.33,8.79,15.62,"1m",2021-09-12,"12"
986,256,2021,1000,0,1,12.76,17.33,8.85,15.51,"1m",2021-09-13,"13"
987,257,2021,1000,0,1,12.57,17.33,8.91,15.39,"1m",2021-09-14,"14"
988,258,2021,1000,0,1,12.37,17.33,8.98,15.27,"1m",2021-09-15,"15"
989,259,2021,1000,0,1,12.17,17.33,9.03,15.15,"1m",2021-09-16,"16"
990,260,2021,1000,0,1,11.97,17.33,9.09,15.03,"1m",2021-09-17,"17"
991,261,2021,1000,0,1,11.77,17.32,9.15,14.91,"1m",2021-09-18,"18"
992,262,2021,1000,0,1,11.57,17.31,9.21,14.78,"1m",2021-09-19,"19"
993,263,2021,1000,0,1,11.36,17.29,9.27,14.65,"1m",2021-09-20,"20"
994,264,2021,1000,0,1,11.16,17.27,9.33,14.52,"1m",2021-09-21,"21"
995,265,2021,1000,0,1,10.95,17.25,9.38,14.39,"1m",2021-09-22,"22"
996,266,2021,1000,0,1,10.74,17.23,9.44,14.25,"1m",2021-09-23,"23"
997,267,2021,1000,0,1,10.54,17.2,9.5,14.12,"1m",2021-09-24,"24"
998,268,2021,1000,0,1,10.33,17.17,9.55,13.98,"1m",2021-09-25,"25"
999,269,2021,1000,0,1,10.12,17.14,9.61,13.84,"1m",2021-09-26,"26"
1000,270,2021,1000,0,1,9.91,17.11,9.66,13.7,"1m",2021-09-27,"27"
1001,271,2021,1000,0,1,9.69,17.07,9.71,13.56,"1m",2021-09-28,"28"
1002,272,2021,1000,0,1,9.48,17.03,9.76,13.42,"1m",2021-09-29,"29"
1003,273,2021,1000,0,1,9.27,16.99,9.82,13.27,"1m",2021-09-30,"30"
1004,274,2021,1000,0,1,9.06,16.94,9.87,13.12,"1m",2021-10-01,"01"
1005,275,2021,1000,0,1,8.84,16.89,9.92,12.98,"1m",2021-10-02,"02"
1006,276,2021,1000,0,1,8.63,16.84,9.97,12.83,"1m",2021-10-03,"03"
1007,277,2021,1000,0,1,8.41,16.79,10.02,12.67,"1m",2021-10-04,"04"
1008,278,2021,1000,0,1,8.2,16.73,10.07,12.52,"1m",2021-10-05,"05"
1009,279,2021,1000,0,1,7.98,16.67,10.11,12.37,"1m",2021-10-06,"06"
1010,280,2021,1000,0,1,7.77,16.61,10.16,12.22,"1m",2021-10-07,"07"
1011,281,2021,1000,0,1,7.55,16.54,10.21,12.06,"1m",2021-10-08,"08"
1012,282,2021,1000,0,1,7.34,16.47,10.25,11.9,"1m",2021-10-09,"09"
1013,283,2021,1000,0,1,7.12,16.4,10.3,11.75,"1m",2021-10-10,"10"
1014,284,2021,1000,0,1,6.91,16.33,10.34,11.59,"1m",2021-10-11,"11"
1015,285,2021,1000,0,1,6.69,16.25,10.38,11.43,"1m",2021-10-12,"12"
1016,286,2021,1000,0,1,6.48,16.17,10.42,11.27,"1m",2021-10-13,"13"
1017,287,2021,1000,0,1,6.26,16.09,10.46,11.11,"1m",2021-10-14,"14"
1018,288,2021,1000,0,1,6.05,16.01,10.5,10.94,"1m",2021-10-15,"15"
1019,289,2021,1000,0,1,5.84,15.92,10.54,10.78,"1m",2021-10-16,"16"
1020,290,2021,1000,0,1,5.62,15.84,10.58,10.62,"1m",2021-10-17,"17"
1021,291,2021,1000,0,1,5.41,15.74,10.62,10.45,"1m",2021-10-18,"18"
1022,292,2021,1000,0,1,5.2,15.65,10.66,10.29,"1m",2021-10-19,"19"
1023,293,2021,1000,0,1,4.99,15.55,10.69,10.12,"1m",2021-10-20,"20"
1024,294,2021,1000,0,1,4.78,15.46,10.73,9.96,"1m",2021-10-21,"21"
1025,295,2021,1000,0,1,4.57,15.36,10.76,9.79,"1m",2021-10-22,"22"
1026,296,2021,1000,0,1,4.36,15.25,10.79,9.63,"1m",2021-10-23,"23"
1027,297,2021,1000,0,1,4.15,15.15,10.82,9.46,"1m",2021-10-24,"24"
1028,298,2021,1000,0,1,3.95,15.04,10.85,9.29,"1m",2021-10-25,"25"
1029,299,2021,1000,0,1,3.74,14.93,10.88,9.12,"1m",2021-10-26,"26"
1030,300,2021,1000,0,1,3.54,14.82,10.91,8.96,"1m",2021-10-27,"27"
1031,301,2021,1000,0,1,3.33,14.7,10.94,8.79,"1m",2021-10-28,"28"
1032,302,2021,1000,0,1,3.13,14.59,10.97,8.62,"1m",2021-10-29,"29"
1033,303,2021,1000,0,1,2.93,14.47,10.99,8.45,"1m",2021-10-30,"30"
1034,304,2021,1000,0,1,2.73,14.35,11.02,8.28,"1m",2021-10-31,"31"
1035,305,2021,1000,0,1,2.53,14.23,11.04,8.12,"1m",2021-11-01,"01"
1036,306,2021,1000,0,1,2.33,14.1,11.06,7.95,"1m",2021-11-02,"02"
1037,307,2021,1000,0,1,2.14,13.98,11.09,7.78,"1m",2021-11-03,"03"
1038,308,2021,1000,0,1,1.95,13.85,11.11,7.61,"1m",2021-11-04,"04"
1039,309,2021,1000,0,1,1.75,13.72,11.12,7.44,"1m",2021-11-05,"05"
1040,310,2021,1000,0,1,1.56,13.58,11.14,7.28,"1m",2021-11-06,"06"
1041,311,2021,1000,0,1,1.37,13.45,11.16,7.11,"1m",2021-11-07,"07"
1042,312,2021,1000,0,1,1.19,13.31,11.18,6.94,"1m",2021-11-08,"08"
1043,313,2021,1000,0,1,1,13.18,11.19,6.78,"1m",2021-11-09,"09"
1044,314,2021,1000,0,1,0.82,13.04,11.21,6.61,"1m",2021-11-10,"10"
1045,315,2021,1000,0,1,0.64,12.9,11.22,6.45,"1m",2021-11-11,"11"
1046,316,2021,1000,0,1,0.46,12.76,11.23,6.28,"1m",2021-11-12,"12"
1047,317,2021,1000,0,1,0.28,12.61,11.24,6.12,"1m",2021-11-13,"13"
1048,318,2021,1000,0,1,0.11,12.47,11.25,5.96,"1m",2021-11-14,"14"
1049,319,2021,1000,0,1,-0.06,12.32,11.26,5.79,"1m",2021-11-15,"15"
1050,320,2021,1000,0,1,-0.23,12.17,11.27,5.63,"1m",2021-11-16,"16"
1051,321,2021,1000,0,1,-0.4,12.02,11.27,5.47,"1m",2021-11-17,"17"
1052,322,2021,1000,0,1,-0.57,11.87,11.28,5.31,"1m",2021-11-18,"18"
1053,323,2021,1000,0,1,-0.73,11.72,11.28,5.15,"1m",2021-11-19,"19"
1054,324,2021,1000,0,1,-0.89,11.56,11.28,5,"1m",2021-11-20,"20"
1055,325,2021,1000,0,1,-1.05,11.41,11.29,4.84,"1m",2021-11-21,"21"
1056,326,2021,1000,0,1,-1.2,11.25,11.29,4.68,"1m",2021-11-22,"22"
1057,327,2021,1000,0,1,-1.36,11.1,11.29,4.53,"1m",2021-11-23,"23"
1058,328,2021,1000,0,1,-1.51,10.94,11.28,4.38,"1m",2021-11-24,"24"
1059,329,2021,1000,0,1,-1.66,10.78,11.28,4.22,"1m",2021-11-25,"25"
1060,330,2021,1000,0,1,-1.8,10.62,11.28,4.07,"1m",2021-11-26,"26"
1061,331,2021,1000,0,1,-1.94,10.46,11.27,3.92,"1m",2021-11-27,"27"
1062,332,2021,1000,0,1,-2.08,10.3,11.27,3.77,"1m",2021-11-28,"28"
1063,333,2021,1000,0,1,-2.22,10.13,11.26,3.63,"1m",2021-11-29,"29"
1064,334,2021,1000,0,1,-2.35,9.97,11.25,3.48,"1m",2021-11-30,"30"
1065,335,2021,1000,0,1,-2.48,9.81,11.24,3.34,"1m",2021-12-01,"01"
1066,336,2021,1000,0,1,-2.61,9.64,11.23,3.19,"1m",2021-12-02,"02"
1067,337,2021,1000,0,1,-2.74,9.48,11.22,3.05,"1m",2021-12-03,"03"
1068,338,2021,1000,0,1,-2.86,9.31,11.21,2.91,"1m",2021-12-04,"04"
1069,339,2021,1000,0,1,-2.98,9.14,11.19,2.78,"1m",2021-12-05,"05"
1070,340,2021,1000,0,1,-3.09,8.98,11.18,2.64,"1m",2021-12-06,"06"
1071,341,2021,1000,0,1,-3.21,8.81,11.16,2.5,"1m",2021-12-07,"07"
1072,342,2021,1000,0,1,-3.32,8.64,11.14,2.37,"1m",2021-12-08,"08"
1073,343,2021,1000,0,1,-3.42,8.47,11.12,2.24,"1m",2021-12-09,"09"
1074,344,2021,1000,0,1,-3.53,8.3,11.11,2.11,"1m",2021-12-10,"10"
1075,345,2021,1000,0,1,-3.63,8.13,11.09,1.98,"1m",2021-12-11,"11"
1076,346,2021,1000,0,1,-3.72,7.97,11.06,1.86,"1m",2021-12-12,"12"
1077,347,2021,1000,0,1,-3.81,7.8,11.04,1.74,"1m",2021-12-13,"13"
1078,348,2021,1000,0,1,-3.9,7.63,11.02,1.61,"1m",2021-12-14,"14"
1079,349,2021,1000,0,1,-3.99,7.46,10.99,1.49,"1m",2021-12-15,"15"
1080,350,2021,1000,0,1,-4.07,7.29,10.97,1.38,"1m",2021-12-16,"16"
1081,351,2021,1000,0,1,-4.15,7.12,10.94,1.26,"1m",2021-12-17,"17"
1082,352,2021,1000,0,1,-4.23,6.95,10.91,1.15,"1m",2021-12-18,"18"
1083,353,2021,1000,0,1,-4.3,6.78,10.88,1.04,"1m",2021-12-19,"19"
1084,354,2021,1000,0,1,-4.37,6.61,10.85,0.93,"1m",2021-12-20,"20"
1085,355,2021,1000,0,1,-4.44,6.44,10.82,0.82,"1m",2021-12-21,"21"
1086,356,2021,1000,0,1,-4.5,6.28,10.79,0.72,"1m",2021-12-22,"22"
1087,357,2021,1000,0,1,-4.56,6.11,10.76,0.62,"1m",2021-12-23,"23"
1088,358,2021,1000,0,1,-4.61,5.94,10.73,0.52,"1m",2021-12-24,"24"
1089,359,2021,1000,0,1,-4.66,5.77,10.69,0.42,"1m",2021-12-25,"25"
1090,360,2021,1000,0,1,-4.71,5.61,10.66,0.32,"1m",2021-12-26,"26"
1091,361,2021,1000,0,1,-4.76,5.44,10.62,0.23,"1m",2021-12-27,"27"
1092,362,2021,1000,0,1,-4.8,5.28,10.58,0.14,"1m",2021-12-28,"28"
1093,363,2021,1000,0,1,-4.83,5.11,10.54,0.05,"1m",2021-12-29,"29"
1094,364,2021,1000,0.92,1,-4.87,4.95,10.5,0,"1m",2021-12-30,"30"
1095,365,2021,1000,2.03,1,-4.9,4.78,10.46,0,"1m",2021-12-31,"31"
731,1,2021,2000,0,2,-4.92,4.62,10.42,1.92,"2m",2021-01-01,"01"
732,2,2021,2000,0,2,-4.94,4.46,10.38,1.82,"2m",2021-01-02,"02"
733,3,2021,2000,0,2,-4.96,4.3,10.34,1.73,"2m",2021-01-03,"03"
734,4,2021,2000,0,2,-4.98,4.14,10.3,1.63,"2m",2021-01-04,"04"
735,5,2021,2000,0,2,-4.99,3.98,10.25,1.53,"2m",2021-01-05,"05"
736,6,2021,2000,0,2,-5,3.82,10.21,1.44,"2m",2021-01-06,"06"
737,7,2021,2000,0,2,-5,3.67,10.16,1.35,"2m",2021-01-07,"07"
738,8,2021,2000,0,2,-5,3.51,10.11,1.26,"2m",2021-01-08,"08"
739,9,2021,2000,0,2,-5,3.36,10.07,1.18,"2m",2021-01-09,"09"
740,10,2021,2000,0,2,-4.99,3.21,10.02,1.09,"2m",2021-01-10,"10"
741,11,2021,2000,0,2,-4.98,3.05,9.97,1.01,"2m",2021-01-11,"11"
742,12,2021,2000,0,2,-4.96,2.9,9.92,0.93,"2m",2021-01-12,"12"
743,13,2021,2000,0,2,-4.94,2.75,9.87,0.86,"2m",2021-01-13,"13"
744,14,2021,2000,0,2,-4.92,2.61,9.82,0.78,"2m",2021-01-14,"14"
745,15,2021,2000,0,2,-4.9,2.46,9.76,0.71,"2m",2021-01-15,"15"
746,16,2021,2000,0,2,-4.87,2.32,9.71,0.64,"2m",2021-01-16,"16"
747,17,2021,2000,0,2,-4.83,2.17,9.66,0.57,"2m",2021-01-17,"17"
748,18,2021,2000,0,2,-4.8,2.03,9.61,0.5,"2m",2021-01-18,"18"
749,19,2021,2000,0,2,-4.76,1.89,9.55,0.44,"2m",2021-01-19,"19"
750,20,2021,2000,0,2,-4.71,1.75,9.5,0.38,"2m",2021-01-20,"20"
751,21,2021,2000,0,2,-4.66,1.62,9.44,0.32,"2m",2021-01-21,"21"
752,22,2021,2000,0,2,-4.61,1.48,9.38,0.26,"2m",2021-01-22,"22"
753,23,2021,2000,0,2,-4.56,1.35,9.33,0.21,"2m",2021-01-23,"23"
754,24,2021,2000,0,2,-4.5,1.22,9.27,0.16,"2m",2021-01-24,"24"
755,25,2021,2000,0,2,-4.44,1.09,9.21,0.11,"2m",2021-01-25,"25"
756,26,2021,2000,0,2,-4.37,0.96,9.15,0.06,"2m",2021-01-26,"26"
757,27,2021,2000,0.05,2,-4.3,0.84,9.09,0.02,"2m",2021-01-27,"27"
758,28,2021,2000,1.09,2,-4.23,0.71,9.03,0,"2m",2021-01-28,"28"
759,29,2021,2000,2.09,2,-4.15,0.59,8.98,0,"2m",2021-01-29,"29"
760,30,2021,2000,3.06,2,-4.07,0.47,8.91,0,"2m",2021-01-30,"30"
761,31,2021,2000,3.98,2,-3.99,0.35,8.85,0,"2m",2021-01-31,"31"
762,32,2021,2000,4.86,2,-3.9,0.24,8.79,0,"2m",2021-02-01,"01"
763,33,2021,2000,5.7,2,-3.81,0.13,8.73,0,"2m",2021-02-02,"02"
764,34,2021,2000,6.5,2,-3.72,0.01,8.67,0,"2m",2021-02-03,"03"
765,35,2021,2000,7.25,2,-3.63,-0.09,8.61,0,"2m",2021-02-04,"04"
766,36,2021,2000,7.95,2,-3.53,-0.2,8.55,0,"2m",2021-02-05,"05"
767,37,2021,2000,8.59,2,-3.42,-0.3,8.48,0,"2m",2021-02-06,"06"
768,38,2021,2000,9.19,2,-3.32,-0.41,8.42,0,"2m",2021-02-07,"07"
769,39,2021,2000,9.73,2,-3.21,-0.51,8.36,0,"2m",2021-02-08,"08"
770,40,2021,2000,10.21,2,-3.09,-0.6,8.29,0,"2m",2021-02-09,"09"
771,41,2021,2000,10.63,2,-2.98,-0.7,8.23,0,"2m",2021-02-10,"10"
772,42,2021,2000,11,2,-2.86,-0.79,8.16,0,"2m",2021-02-11,"11"
773,43,2021,2000,11.3,2,-2.74,-0.88,8.1,0,"2m",2021-02-12,"12"
774,44,2021,2000,11.53,2,-2.61,-0.97,8.04,0,"2m",2021-02-13,"13"
775,45,2021,2000,11.7,2,-2.48,-1.05,7.97,0,"2m",2021-02-14,"14"
776,46,2021,2000,11.8,2,-2.35,-1.13,7.91,0,"2m",2021-02-15,"15"
777,47,2021,2000,11.83,2,-2.22,-1.21,7.84,0,"2m",2021-02-16,"16"
778,48,2021,2000,11.79,2,-2.08,-1.29,7.78,0,"2m",2021-02-17,"17"
779,49,2021,2000,11.68,2,-1.94,-1.37,7.71,0,"2m",2021-02-18,"18"
780,50,2021,2000,11.49,2,-1.8,-1.44,7.65,0,"2m",2021-02-19,"19"
781,51,2021,2000,11.22,2,-1.66,-1.51,7.58,0,"2m",2021-02-20,"20"
782,52,2021,2000,10.87,2,-1.51,-1.57,7.52,0,"2m",2021-02-21,"21"
783,53,2021,2000,10.45,2,-1.36,-1.64,7.45,0,"2m",2021-02-22,"22"
784,54,2021,2000,9.94,2,-1.2,-1.7,7.39,0,"2m",2021-02-23,"23"
785,55,2021,2000,9.35,2,-1.05,-1.76,7.32,0,"2m",2021-02-24,"24"
786,56,2021,2000,8.67,2,-0.89,-1.81,7.26,0,"2m",2021-02-25,"25"
787,57,2021,2000,7.91,2,-0.73,-1.87,7.19,0,"2m",2021-02-26,"26"
788,58,2021,2000,7.06,2,-0.57,-1.92,7.13,0,"2m",2021-02-27,"27"
789,59,2021,2000,6.12,2,-0.4,-1.96,7.06,0,"2m",2021-02-28,"28"
790,60,2021,2000,5.09,2,-0.23,-2.01,7,0,"2m",2021-03-01,"01"
791,61,2021,2000,3.97,2,-0.06,-2.05,6.93,0,"2m",2021-03-02,"02"
792,62,2021,2000,2.75,2,0.11,-2.09,6.87,0,"2m",2021-03-03,"03"
793,63,2021,2000,1.43,2,0.28,-2.13,6.8,0,"2m",2021-03-04,"04"
794,64,2021,2000,0.02,2,0.46,-2.16,6.74,0,"2m",2021-03-05,"05"
795,65,2021,2000,0,2,0.64,-2.19,6.68,0.03,"2m",2021-03-06,"06"
796,66,2021,2000,0,2,0.82,-2.22,6.61,0.09,"2m",2021-03-07,"07"
797,67,2021,2000,0,2,1,-2.24,6.55,0.15,"2m",2021-03-08,"08"
798,68,2021,2000,0,2,1.19,-2.26,6.49,0.22,"2m",2021-03-09,"09"
799,69,2021,2000,0,2,1.37,-2.28,6.42,0.28,"2m",2021-03-10,"10"
800,70,2021,2000,0,2,1.56,-2.3,6.36,0.35,"2m",2021-03-11,"11"
801,71,2021,2000,0,2,1.75,-2.31,6.3,0.43,"2m",2021-03-12,"12"
802,72,2021,2000,0,2,1.95,-2.32,6.24,0.5,"2m",2021-03-13,"13"
803,73,2021,2000,0,2,2.14,-2.33,6.18,0.57,"2m",2021-03-14,"14"
804,74,2021,2000,0,2,2.33,-2.33,6.12,0.65,"2m",2021-03-15,"15"
805,75,2021,2000,0,2,2.53,-2.33,6.05,0.73,"2m",2021-03-16,"16"
806,76,2021,2000,0,2,2.73,-2.33,5.99,0.81,"2m",2021-03-17,"17"
807,77,2021,2000,0,2,2.93,-2.33,5.94,0.9,"2m",2021-03-18,"18"
808,78,2021,2000,0,2,3.13,-2.32,5.88,0.99,"2m",2021-03-19,"19"
809,79,2021,2000,0,2,3.33,-2.31,5.82,1.07,"2m",2021-03-20,"20"
810,80,2021,2000,0,2,3.54,-2.3,5.76,1.16,"2m",2021-03-21,"21"
811,81,2021,2000,0,2,3.74,-2.28,5.7,1.26,"2m",2021-03-22,"22"
812,82,2021,2000,0,2,3.95,-2.26,5.64,1.35,"2m",2021-03-23,"23"
813,83,2021,2000,0,2,4.15,-2.24,5.59,1.45,"2m",2021-03-24,"24"
814,84,2021,2000,0,2,4.36,-2.22,5.53,1.55,"2m",2021-03-25,"25"
815,85,2021,2000,0,2,4.57,-2.19,5.48,1.65,"2m",2021-03-26,"26"
816,86,2021,2000,0,2,4.78,-2.16,5.42,1.75,"2m",2021-03-27,"27"
817,87,2021,2000,0,2,4.99,-2.13,5.37,1.85,"2m",2021-03-28,"28"
818,88,2021,2000,0,2,5.2,-2.09,5.31,1.96,"2m",2021-03-29,"29"
819,89,2021,2000,0,2,5.41,-2.05,5.26,2.06,"2m",2021-03-30,"30"
820,90,2021,2000,0,2,5.62,-2.01,5.21,2.17,"2m",2021-03-31,"31"
821,91,2021,2000,0,2,5.84,-1.96,5.16,2.28,"2m",2021-04-01,"01"
822,92,2021,2000,0,2,6.05,-1.92,5.11,2.4,"2m",2021-04-02,"02"
823,93,2021,2000,0,2,6.26,-1.87,5.06,2.51,"2m",2021-04-03,"03"
824,94,2021,2000,0,2,6.48,-1.81,5.01,2.63,"2m",2021-04-04,"04"
825,95,2021,2000,0,2,6.69,-1.76,4.96,2.75,"2m",2021-04-05,"05"
826,96,2021,2000,0,2,6.91,-1.7,4.91,2.86,"2m",2021-04-06,"06"
827,97,2021,2000,0,2,7.12,-1.64,4.86,2.99,"2m",2021-04-07,"07"
828,98,2021,2000,0,2,7.34,-1.57,4.82,3.11,"2m",2021-04-08,"08"
829,99,2021,2000,0,2,7.55,-1.51,4.77,3.23,"2m",2021-04-09,"09"
830,100,2021,2000,0,2,7.77,-1.44,4.73,3.36,"2m",2021-04-10,"10"
831,101,2021,2000,0,2,7.98,-1.37,4.68,3.48,"2m",2021-04-11,"11"
832,102,2021,2000,0,2,8.2,-1.29,4.64,3.61,"2m",2021-04-12,"12"
833,103,2021,2000,0,2,8.41,-1.21,4.6,3.74,"2m",2021-04-13,"13"
834,104,2021,2000,0,2,8.63,-1.13,4.56,3.87,"2m",2021-04-14,"14"
835,105,2021,2000,0,2,8.84,-1.05,4.52,4,"2m",2021-04-15,"15"
836,106,2021,2000,0,2,9.06,-0.97,4.48,4.14,"2m",2021-04-16,"16"
837,107,2021,2000,0,2,9.27,-0.88,4.44,4.27,"2m",2021-04-17,"17"
838,108,2021,2000,0,2,9.48,-0.79,4.4,4.41,"2m",2021-04-18,"18"
839,109,2021,2000,0,2,9.69,-0.7,4.36,4.54,"2m",2021-04-19,"19"
840,110,2021,2000,0,2,9.91,-0.6,4.33,4.68,"2m",2021-04-20,"20"
841,111,2021,2000,0,2,10.12,-0.51,4.29,4.82,"2m",2021-04-21,"21"
842,112,2021,2000,0,2,10.33,-0.41,4.26,4.96,"2m",2021-04-22,"22"
843,113,2021,2000,0,2,10.54,-0.3,4.22,5.1,"2m",2021-04-23,"23"
844,114,2021,2000,0,2,10.74,-0.2,4.19,5.24,"2m",2021-04-24,"24"
845,115,2021,2000,0,2,10.95,-0.09,4.16,5.38,"2m",2021-04-25,"25"
846,116,2021,2000,0,2,11.16,0.01,4.13,5.53,"2m",2021-04-26,"26"
847,117,2021,2000,0,2,11.36,0.13,4.1,5.67,"2m",2021-04-27,"27"
848,118,2021,2000,0,2,11.57,0.24,4.07,5.82,"2m",2021-04-28,"28"
849,119,2021,2000,0,2,11.77,0.35,4.05,5.96,"2m",2021-04-29,"29"
850,120,2021,2000,0,2,11.97,0.47,4.02,6.11,"2m",2021-04-30,"30"
851,121,2021,2000,0,2,12.17,0.59,3.99,6.25,"2m",2021-05-01,"01"
852,122,2021,2000,0,2,12.37,0.71,3.97,6.4,"2m",2021-05-02,"02"
853,123,2021,2000,0,2,12.57,0.84,3.95,6.55,"2m",2021-05-03,"03"
854,124,2021,2000,0,2,12.76,0.96,3.93,6.7,"2m",2021-05-04,"04"
855,125,2021,2000,0,2,12.96,1.09,3.9,6.85,"2m",2021-05-05,"05"
856,126,2021,2000,0,2,13.15,1.22,3.88,7,"2m",2021-05-06,"06"
857,127,2021,2000,0,2,13.34,1.35,3.87,7.15,"2m",2021-05-07,"07"
858,128,2021,2000,0,2,13.53,1.48,3.85,7.3,"2m",2021-05-08,"08"
859,129,2021,2000,0,2,13.72,1.62,3.83,7.45,"2m",2021-05-09,"09"
860,130,2021,2000,0,2,13.9,1.75,3.82,7.6,"2m",2021-05-10,"10"
861,131,2021,2000,0,2,14.09,1.89,3.8,7.75,"2m",2021-05-11,"11"
862,132,2021,2000,0,2,14.27,2.03,3.79,7.9,"2m",2021-05-12,"12"
863,133,2021,2000,0,2,14.45,2.17,3.78,8.05,"2m",2021-05-13,"13"
864,134,2021,2000,0,2,14.63,2.32,3.76,8.2,"2m",2021-05-14,"14"
865,135,2021,2000,0,2,14.8,2.46,3.75,8.35,"2m",2021-05-15,"15"
866,136,2021,2000,0,2,14.98,2.61,3.75,8.5,"2m",2021-05-16,"16"
867,137,2021,2000,0,2,15.15,2.75,3.74,8.66,"2m",2021-05-17,"17"
868,138,2021,2000,0,2,15.32,2.9,3.73,8.81,"2m",2021-05-18,"18"
869,139,2021,2000,0,2,15.48,3.05,3.73,8.96,"2m",2021-05-19,"19"
870,140,2021,2000,0,2,15.65,3.21,3.72,9.11,"2m",2021-05-20,"20"
871,141,2021,2000,0,2,15.81,3.36,3.72,9.26,"2m",2021-05-21,"21"
872,142,2021,2000,0,2,15.97,3.51,3.72,9.41,"2m",2021-05-22,"22"
873,143,2021,2000,0,2,16.13,3.67,3.71,9.56,"2m",2021-05-23,"23"
874,144,2021,2000,0,2,16.28,3.82,3.71,9.71,"2m",2021-05-24,"24"
875,145,2021,2000,0,2,16.43,3.98,3.72,9.86,"2m",2021-05-25,"25"
876,146,2021,2000,0,2,16.58,4.14,3.72,10.01,"2m",2021-05-26,"26"
877,147,2021,2000,0,2,16.73,4.3,3.72,10.15,"2m",2021-05-27,"27"
878,148,2021,2000,0,2,16.87,4.46,3.73,10.3,"2m",2021-05-28,"28"
879,149,2021,2000,0,2,17.01,4.62,3.73,10.45,"2m",2021-05-29,"29"
880,150,2021,2000,0,2,17.15,4.78,3.74,10.59,"2m",2021-05-30,"30"
881,151,2021,2000,0,2,17.29,4.95,3.75,10.74,"2m",2021-05-31,"31"
882,152,2021,2000,0,2,17.42,5.11,3.75,10.88,"2m",2021-06-01,"01"
883,153,2021,2000,0,2,17.55,5.28,3.76,11.03,"2m",2021-06-02,"02"
884,154,2021,2000,0,2,17.68,5.44,3.78,11.17,"2m",2021-06-03,"03"
885,155,2021,2000,0,2,17.8,5.61,3.79,11.31,"2m",2021-06-04,"04"
886,156,2021,2000,0,2,17.92,5.77,3.8,11.46,"2m",2021-06-05,"05"
887,157,2021,2000,0,2,18.04,5.94,3.82,11.6,"2m",2021-06-06,"06"
888,158,2021,2000,0,2,18.15,6.11,3.83,11.74,"2m",2021-06-07,"07"
889,159,2021,2000,0,2,18.26,6.28,3.85,11.88,"2m",2021-06-08,"08"
890,160,2021,2000,0,2,18.37,6.44,3.87,12.01,"2m",2021-06-09,"09"
891,161,2021,2000,0,2,18.47,6.61,3.88,12.15,"2m",2021-06-10,"10"
892,162,2021,2000,0,2,18.58,6.78,3.9,12.29,"2m",2021-06-11,"11"
893,163,2021,2000,0,2,18.67,6.95,3.93,12.42,"2m",2021-06-12,"12"
894,164,2021,2000,0,2,18.77,7.12,3.95,12.55,"2m",2021-06-13,"13"
895,165,2021,2000,0,2,18.86,7.29,3.97,12.68,"2m",2021-06-14,"14"
896,166,2021,2000,0,2,18.95,7.46,3.99,12.82,"2m",2021-06-15,"15"
897,167,2021,2000,0,2,19.03,7.63,4.02,12.94,"2m",2021-06-16,"16"
898,168,2021,2000,0,2,19.11,7.8,4.05,13.07,"2m",2021-06-17,"17"
899,169,2021,2000,0,2,19.19,7.97,4.07,13.2,"2m",2021-06-18,"18"
900,170,2021,2000,0,2,19.27,8.13,4.1,13.32,"2m",2021-06-19,"19"
901,171,2021,2000,0,2,19.34,8.3,4.13,13.45,"2m",2021-06-20,"20"
902,172,2021,2000,0,2,19.4,8.47,4.16,13.57,"2m",2021-06-21,"21"
903,173,2021,2000,0,2,19.47,8.64,4.19,13.69,"2m",2021-06-22,"22"
904,174,2021,2000,0,2,19.53,8.81,4.22,13.81,"2m",2021-06-23,"23"
905,175,2021,2000,0,2,19.59,8.98,4.26,13.93,"2m",2021-06-24,"24"
906,176,2021,2000,0,2,19.64,9.14,4.29,14.04,"2m",2021-06-25,"25"
907,177,2021,2000,0,2,19.69,9.31,4.33,14.16,"2m",2021-06-26,"26"
908,178,2021,2000,0,2,19.73,9.48,4.36,14.27,"2m",2021-06-27,"27"
909,179,2021,2000,0,2,19.78,9.64,4.4,14.38,"2m",2021-06-28,"28"
910,180,2021,2000,0,2,19.82,9.81,4.44,14.49,"2m",2021-06-29,"29"
911,181,2021,2000,0,2,19.85,9.97,4.48,14.6,"2m",2021-06-30,"30"
912,182,2021,2000,0,2,19.88,10.13,4.52,14.7,"2m",2021-07-01,"01"
913,183,2021,2000,0,2,19.91,10.3,4.56,14.8,"2m",2021-07-02,"02"
914,184,2021,2000,0,2,19.93,10.46,4.6,14.9,"2m",2021-07-03,"03"
915,185,2021,2000,0,2,19.95,10.62,4.64,15,"2m",2021-07-04,"04"
916,186,2021,2000,0,2,19.97,10.78,4.68,15.1,"2m",2021-07-05,"05"
917,187,2021,2000,0,2,19.98,10.94,4.73,15.2,"2m",2021-07-06,"06"
918,188,2021,2000,0,2,19.99,11.1,4.77,15.29,"2m",2021-07-07,"07"
919,189,2021,2000,0,2,20,11.25,4.82,15.38,"2m",2021-07-08,"08"
920,190,2021,2000,0,2,20,11.41,4.86,15.47,"2m",2021-07-09,"09"
921,191,2021,2000,0,2,20,11.56,4.91,15.56,"2m",2021-07-10,"10"
922,192,2021,2000,0,2,19.99,11.72,4.96,15.64,"2m",2021-07-11,"11"
923,193,2021,2000,0,2,19.98,11.87,5.01,15.73,"2m",2021-07-12,"12"
924,194,2021,2000,0,2,19.97,12.02,5.06,15.81,"2m",2021-07-13,"13"
925,195,2021,2000,0,2,19.95,12.17,5.11,15.89,"2m",2021-07-14,"14"
926,196,2021,2000,0,2,19.93,12.32,5.16,15.96,"2m",2021-07-15,"15"
927,197,2021,2000,0,2,19.91,12.47,5.21,16.04,"2m",2021-07-16,"16"
928,198,2021,2000,0,2,19.88,12.61,5.26,16.11,"2m",2021-07-17,"17"
929,199,2021,2000,0,2,19.85,12.76,5.31,16.18,"2m",2021-07-18,"18"
930,200,2021,2000,0,2,19.82,12.9,5.37,16.24,"2m",2021-07-19,"19"
931,201,2021,2000,0,2,19.78,13.04,5.42,16.31,"2m",2021-07-20,"20"
932,202,2021,2000,0,2,19.73,13.18,5.48,16.37,"2m",2021-07-21,"21"
933,203,2021,2000,0,2,19.69,13.31,5.53,16.43,"2m",2021-07-22,"22"
934,204,2021,2000,0,2,19.64,13.45,5.59,16.49,"2m",2021-07-23,"23"
935,205,2021,2000,0,2,19.59,13.58,5.64,16.54,"2m",2021-07-24,"24"
936,206,2021,2000,0,2,19.53,13.72,5.7,16.6,"2m",2021-07-25,"25"
937,207,2021,2000,0,2,19.47,13.85,5.76,16.65,"2m",2021-07-26,"26"
938,208,2021,2000,0,2,19.4,13.98,5.82,16.7,"2m",2021-07-27,"27"
939,209,2021,2000,0,2,19.34,14.1,5.88,16.74,"2m",2021-07-28,"28"
940,210,2021,2000,0,2,19.27,14.23,5.94,16.78,"2m",2021-07-29,"29"
941,211,2021,2000,0,2,19.19,14.35,5.99,16.82,"2m",2021-07-30,"30"
942,212,2021,2000,0,2,19.11,14.47,6.05,16.86,"2m",2021-07-31,"31"
943,213,2021,2000,0,2,19.03,14.59,6.12,16.9,"2m",2021-08-01,"01"
944,214,2021,2000,0,2,18.95,14.7,6.18,16.93,"2m",2021-08-02,"02"
945,215,2021,2000,0,2,18.86,14.82,6.24,16.96,"2m",2021-08-03,"03"
946,216,2021,2000,0,2,18.77,14.93,6.3,16.99,"2m",2021-08-04,"04"
947,217,2021,2000,0,2,18.67,15.04,6.36,17.02,"2m",2021-08-05,"05"
948,218,2021,2000,0,2,18.58,15.15,6.42,17.04,"2m",2021-08-06,"06"
949,219,2021,2000,0,2,18.47,15.25,6.49,17.06,"2m",2021-08-07,"07"
950,220,2021,2000,0,2,18.37,15.36,6.55,17.08,"2m",2021-08-08,"08"
951,221,2021,2000,0,2,18.26,15.46,6.61,17.09,"2m",2021-08-09,"09"
952,222,2021,2000,0,2,18.15,15.55,6.68,17.1,"2m",2021-08-10,"10"
953,223,2021,2000,0,2,18.04,15.65,6.74,17.11,"2m",2021-08-11,"11"
954,224,2021,2000,0,2,17.92,15.74,6.8,17.12,"2m",2021-08-12,"12"
955,225,2021,2000,0,2,17.8,15.84,6.87,17.13,"2m",2021-08-13,"13"
956,226,2021,2000,0,2,17.68,15.92,6.93,17.13,"2m",2021-08-14,"14"
957,227,2021,2000,0,2,17.55,16.01,7,17.13,"2m",2021-08-15,"15"
958,228,2021,2000,0,2,17.42,16.09,7.06,17.13,"2m",2021-08-16,"16"
959,229,2021,2000,0,2,17.29,16.17,7.13,17.12,"2m",2021-08-17,"17"
960,230,2021,2000,0,2,17.15,16.25,7.19,17.11,"2m",2021-08-18,"18"
961,231,2021,2000,0,2,17.01,16.33,7.26,17.1,"2m",2021-08-19,"19"
962,232,2021,2000,0,2,16.87,16.4,7.32,17.09,"2m",2021-08-20,"20"
963,233,2021,2000,0,2,16.73,16.47,7.39,17.07,"2m",2021-08-21,"21"
964,234,2021,2000,0,2,16.58,16.54,7.45,17.05,"2m",2021-08-22,"22"
965,235,2021,2000,0,2,16.43,16.61,7.52,17.03,"2m",2021-08-23,"23"
966,236,2021,2000,0,2,16.28,16.67,7.58,17.01,"2m",2021-08-24,"24"
967,237,2021,2000,0,2,16.13,16.73,7.65,16.98,"2m",2021-08-25,"25"
968,238,2021,2000,0,2,15.97,16.79,7.71,16.95,"2m",2021-08-26,"26"
969,239,2021,2000,0,2,15.81,16.84,7.78,16.92,"2m",2021-08-27,"27"
970,240,2021,2000,0,2,15.65,16.89,7.84,16.89,"2m",2021-08-28,"28"
971,241,2021,2000,0,2,15.48,16.94,7.91,16.85,"2m",2021-08-29,"29"
972,242,2021,2000,0,2,15.32,16.99,7.97,16.81,"2m",2021-08-30,"30"
973,243,2021,2000,0,2,15.15,17.03,8.04,16.77,"2m",2021-08-31,"31"
974,244,2021,2000,0,2,14.98,17.07,8.1,16.73,"2m",2021-09-01,"01"
975,245,2021,2000,0,2,14.8,17.11,8.16,16.68,"2m",2021-09-02,"02"
976,246,2021,2000,0,2,14.63,17.14,8.23,16.63,"2m",2021-09-03,"03"
977,247,2021,2000,0,2,14.45,17.17,8.29,16.58,"2m",2021-09-04,"04"
978,248,2021,2000,0,2,14.27,17.2,8.36,16.53,"2m",2021-09-05,"05"
979,249,2021,2000,0,2,14.09,17.23,8.42,16.47,"2m",2021-09-06,"06"
980,250,2021,2000,0,2,13.9,17.25,8.48,16.41,"2m",2021-09-07,"07"
981,251,2021,2000,0,2,13.72,17.27,8.55,16.35,"2m",2021-09-08,"08"
982,252,2021,2000,0,2,13.53,17.29,8.61,16.29,"2m",2021-09-09,"09"
983,253,2021,2000,0,2,13.34,17.31,8.67,16.22,"2m",2021-09-10,"10"
984,254,2021,2000,0,2,13.15,17.32,8.73,16.16,"2m",2021-09-11,"11"
985,255,2021,2000,0,2,12.96,17.33,8.79,16.09,"2m",2021-09-12,"12"
986,256,2021,2000,0,2,12.76,17.33,8.85,16.01,"2m",2021-09-13,"13"
987,257,2021,2000,0,2,12.57,17.33,8.91,15.94,"2m",2021-09-14,"14"
988,258,2021,2000,0,2,12.37,17.33,8.98,15.86,"2m",2021-09-15,"15"
989,259,2021,2000,0,2,12.17,17.33,9.03,15.78,"2m",2021-09-16,"16"
990,260,2021,2000,0,2,11.97,17.33,9.09,15.7,"2m",2021-09-17,"17"
991,261,2021,2000,0,2,11.77,17.32,9.15,15.62,"2m",2021-09-18,"18"
992,262,2021,2000,0,2,11.57,17.31,9.21,15.53,"2m",2021-09-19,"19"
993,263,2021,2000,0,2,11.36,17.29,9.27,15.45,"2m",2021-09-20,"20"
994,264,2021,2000,0,2,11.16,17.27,9.33,15.36,"2m",2021-09-21,"21"
995,265,2021,2000,0,2,10.95,17.25,9.38,15.26,"2m",2021-09-22,"22"
996,266,2021,2000,0,2,10.74,17.23,9.44,15.17,"2m",2021-09-23,"23"
997,267,2021,2000,0,2,10.54,17.2,9.5,15.07,"2m",2021-09-24,"24"
998,268,2021,2000,0,2,10.33,17.17,9.55,14.98,"2m",2021-09-25,"25"
999,269,2021,2000,0,2,10.12,17.14,9.61,14.88,"2m",2021-09-26,"26"
1000,270,2021,2000,0,2,9.91,17.11,9.66,14.78,"2m",2021-09-27,"27"
1001,271,2021,2000,0,2,9.69,17.07,9.71,14.67,"2m",2021-09-28,"28"
1002,272,2021,2000,0,2,9.48,17.03,9.76,14.57,"2m",2021-09-29,"29"
1003,273,2021,2000,0,2,9.27,16.99,9.82,14.46,"2m",2021-09-30,"30"
1004,274,2021,2000,0,2,9.06,16.94,9.87,14.35,"2m",2021-10-01,"01"
1005,275,2021,2000,0,2,8.84,16.89,9.92,14.24,"2m",2021-10-02,"02"
1006,276,2021,2000,0,2,8.63,16.84,9.97,14.13,"2m",2021-10-03,"03"
1007,277,2021,2000,0,2,8.41,16.79,10.02,14.01,"2m",2021-10-04,"04"
1008,278,2021,2000,0,2,8.2,16.73,10.07,13.9,"2m",2021-10-05,"05"
1009,279,2021,2000,0,2,7.98,16.67,10.11,13.78,"2m",2021-10-06,"06"
1010,280,2021,2000,0,2,7.77,16.61,10.16,13.66,"2m",2021-10-07,"07"
1011,281,2021,2000,0,2,7.55,16.54,10.21,13.54,"2m",2021-10-08,"08"
1012,282,2021,2000,0,2,7.34,16.47,10.25,13.42,"2m",2021-10-09,"09"
1013,283,2021,2000,0,2,7.12,16.4,10.3,13.29,"2m",2021-10-10,"10"
1014,284,2021,2000,0,2,6.91,16.33,10.34,13.17,"2m",2021-10-11,"11"
1015,285,2021,2000,0,2,6.69,16.25,10.38,13.04,"2m",2021-10-12,"12"
1016,286,2021,2000,0,2,6.48,16.17,10.42,12.91,"2m",2021-10-13,"13"
1017,287,2021,2000,0,2,6.26,16.09,10.46,12.78,"2m",2021-10-14,"14"
1018,288,2021,2000,0,2,6.05,16.01,10.5,12.65,"2m",2021-10-15,"15"
1019,289,2021,2000,0,2,5.84,15.92,10.54,12.52,"2m",2021-10-16,"16"
1020,290,2021,2000,0,2,5.62,15.84,10.58,12.39,"2m",2021-10-17,"17"
1021,291,2021,2000,0,2,5.41,15.74,10.62,12.25,"2m",2021-10-18,"18"
1022,292,2021,2000,0,2,5.2,15.65,10.66,12.12,"2m",2021-10-19,"19"
1023,293,2021,2000,0,2,4.99,15.55,10.69,11.98,"2m",2021-10-20,"20"
1024,294,2021,2000,0,2,4.78,15.46,10.73,11.84,"2m",2021-10-21,"21"
1025,295,2021,2000,0,2,4.57,15.36,10.76,11.7,"2m",2021-10-22,"22"
1026,296,2021,2000,0,2,4.36,15.25,10.79,11.56,"2m",2021-10-23,"23"
1027,297,2021,2000,0,2,4.15,15.15,10.82,11.42,"2m",2021-10-24,"24"
1028,298,2021,2000,0,2,3.95,15.04,10.85,11.28,"2m",2021-10-25,"25"
1029,299,2021,2000,0,2,3.74,14.93,10.88,11.14,"2m",2021-10-26,"26"
1030,300,2021,2000,0,2,3.54,14.82,10.91,11,"2m",2021-10-27,"27"
1031,301,2021,2000,0,2,3.33,14.7,10.94,10.85,"2m",2021-10-28,"28"
1032,302,2021,2000,0,2,3.13,14.59,10.97,10.71,"2m",2021-10-29,"29"
1033,303,2021,2000,0,2,2.93,14.47,10.99,10.56,"2m",2021-10-30,"30"
1034,304,2021,2000,0,2,2.73,14.35,11.02,10.42,"2m",2021-10-31,"31"
1035,305,2021,2000,0,2,2.53,14.23,11.04,10.27,"2m",2021-11-01,"01"
1036,306,2021,2000,0,2,2.33,14.1,11.06,10.12,"2m",2021-11-02,"02"
1037,307,2021,2000,0,2,2.14,13.98,11.09,9.97,"2m",2021-11-03,"03"
1038,308,2021,2000,0,2,1.95,13.85,11.11,9.83,"2m",2021-11-04,"04"
1039,309,2021,2000,0,2,1.75,13.72,11.12,9.68,"2m",2021-11-05,"05"
1040,310,2021,2000,0,2,1.56,13.58,11.14,9.53,"2m",2021-11-06,"06"
1041,311,2021,2000,0,2,1.37,13.45,11.16,9.38,"2m",2021-11-07,"07"
1042,312,2021,2000,0,2,1.19,13.31,11.18,9.23,"2m",2021-11-08,"08"
1043,313,2021,2000,0,2,1,13.18,11.19,9.08,"2m",2021-11-09,"09"
1044,314,2021,2000,0,2,0.82,13.04,11.21,8.93,"2m",2021-11-10,"10"
1045,315,2021,2000,0,2,0.64,12.9,11.22,8.78,"2m",2021-11-11,"11"
1046,316,2021,2000,0,2,0.46,12.76,11.23,8.63,"2m",2021-11-12,"12"
1047,317,2021,2000,0,2,0.28,12.61,11.24,8.48,"2m",2021-11-13,"13"
1048,318,2021,2000,0,2,0.11,12.47,11.25,8.33,"2m",2021-11-14,"14"
1049,319,2021,2000,0,2,-0.06,12.32,11.26,8.18,"2m",2021-11-15,"15"
1050,320,2021,2000,0,2,-0.23,12.17,11.27,8.03,"2m",2021-11-16,"16"
1051,321,2021,2000,0,2,-0.4,12.02,11.27,7.88,"2m",2021-11-17,"17"
1052,322,2021,2000,0,2,-0.57,11.87,11.28,7.73,"2m",2021-11-18,"18"
1053,323,2021,2000,0,2,-0.73,11.72,11.28,7.58,"2m",2021-11-19,"19"
1054,324,2021,2000,0,2,-0.89,11.56,11.28,7.43,"2m",2021-11-20,"20"
1055,325,2021,2000,0,2,-1.05,11.41,11.29,7.28,"2m",2021-11-21,"21"
1056,326,2021,2000,0,2,-1.2,11.25,11.29,7.13,"2m",2021-11-22,"22"
1057,327,2021,2000,0,2,-1.36,11.1,11.29,6.98,"2m",2021-11-23,"23"
1058,328,2021,2000,0,2,-1.51,10.94,11.28,6.83,"2m",2021-11-24,"24"
1059,329,2021,2000,0,2,-1.66,10.78,11.28,6.69,"2m",2021-11-25,"25"
1060,330,2021,2000,0,2,-1.8,10.62,11.28,6.54,"2m",2021-11-26,"26"
1061,331,2021,2000,0,2,-1.94,10.46,11.27,6.39,"2m",2021-11-27,"27"
1062,332,2021,2000,0,2,-2.08,10.3,11.27,6.25,"2m",2021-11-28,"28"
1063,333,2021,2000,0,2,-2.22,10.13,11.26,6.1,"2m",2021-11-29,"29"
1064,334,2021,2000,0,2,-2.35,9.97,11.25,5.96,"2m",2021-11-30,"30"
1065,335,2021,2000,0,2,-2.48,9.81,11.24,5.81,"2m",2021-12-01,"01"
1066,336,2021,2000,0,2,-2.61,9.64,11.23,5.67,"2m",2021-12-02,"02"
1067,337,2021,2000,0,2,-2.74,9.48,11.22,5.53,"2m",2021-12-03,"03"
1068,338,2021,2000,0,2,-2.86,9.31,11.21,5.38,"2m",2021-12-04,"04"
1069,339,2021,2000,0,2,-2.98,9.14,11.19,5.24,"2m",2021-12-05,"05"
1070,340,2021,2000,0,2,-3.09,8.98,11.18,5.1,"2m",2021-12-06,"06"
1071,341,2021,2000,0,2,-3.21,8.81,11.16,4.96,"2m",2021-12-07,"07"
1072,342,2021,2000,0,2,-3.32,8.64,11.14,4.83,"2m",2021-12-08,"08"
1073,343,2021,2000,0,2,-3.42,8.47,11.12,4.69,"2m",2021-12-09,"09"
1074,344,2021,2000,0,2,-3.53,8.3,11.11,4.55,"2m",2021-12-10,"10"
1075,345,2021,2000,0,2,-3.63,8.13,11.09,4.42,"2m",2021-12-11,"11"
1076,346,2021,2000,0,2,-3.72,7.97,11.06,4.29,"2m",2021-12-12,"12"
1077,347,2021,2000,0,2,-3.81,7.8,11.04,4.15,"2m",2021-12-13,"13"
1078,348,2021,2000,0,2,-3.9,7.63,11.02,4.02,"2m",2021-12-14,"14"
1079,349,2021,2000,0,2,-3.99,7.46,10.99,3.89,"2m",2021-12-15,"15"
1080,350,2021,2000,0,2,-4.07,7.29,10.97,3.76,"2m",2021-12-16,"16"
1081,351,2021,2000,0,2,-4.15,7.12,10.94,3.64,"2m",2021-12-17,"17"
1082,352,2021,2000,0,2,-4.23,6.95,10.91,3.51,"2m",2021-12-18,"18"
1083,353,2021,2000,0,2,-4.3,6.78,10.88,3.39,"2m",2021-12-19,"19"
1084,354,2021,2000,0,2,-4.37,6.61,10.85,3.27,"2m",2021-12-20,"20"
1085,355,2021,2000,0,2,-4.44,6.44,10.82,3.14,"2m",2021-12-21,"21"
1086,356,2021,2000,0,2,-4.5,6.28,10.79,3.03,"2m",2021-12-22,"22"
1087,357,2021,2000,0,2,-4.56,6.11,10.76,2.91,"2m",2021-12-23,"23"
1088,358,2021,2000,0,2,-4.61,5.94,10.73,2.79,"2m",2021-12-24,"24"
1089,359,2021,2000,0,2,-4.66,5.77,10.69,2.68,"2m",2021-12-25,"25"
1090,360,2021,2000,0,2,-4.71,5.61,10.66,2.56,"2m",2021-12-26,"26"
1091,361,2021,2000,0,2,-4.76,5.44,10.62,2.45,"2m",2021-12-27,"27"
1092,362,2021,2000,0,2,-4.8,5.28,10.58,2.34,"2m",2021-12-28,"28"
1093,363,2021,2000,0,2,-4.83,5.11,10.54,2.24,"2m",2021-12-29,"29"
1094,364,2021,2000,0,2,-4.87,4.95,10.5,2.13,"2m",2021-12-30,"30"
1095,365,2021,2000,0,2,-4.9,4.78,10.46,2.03,"2m",2021-12-31,"31"
731,1,2021,3000,0,3,-4.92,4.62,10.42,3.5,"3m",2021-01-01,"01"
732,2,2021,3000,0,3,-4.94,4.46,10.38,3.4,"3m",2021-01-02,"02"
733,3,2021,3000,0,3,-4.96,4.3,10.34,3.3,"3m",2021-01-03,"03"
734,4,2021,3000,0,3,-4.98,4.14,10.3,3.19,"3m",2021-01-04,"04"
735,5,2021,3000,0,3,-4.99,3.98,10.25,3.09,"3m",2021-01-05,"05"
736,6,2021,3000,0,3,-5,3.82,10.21,2.99,"3m",2021-01-06,"06"
737,7,2021,3000,0,3,-5,3.67,10.16,2.9,"3m",2021-01-07,"07"
738,8,2021,3000,0,3,-5,3.51,10.11,2.8,"3m",2021-01-08,"08"
739,9,2021,3000,0,3,-5,3.36,10.07,2.71,"3m",2021-01-09,"09"
740,10,2021,3000,0,3,-4.99,3.21,10.02,2.62,"3m",2021-01-10,"10"
741,11,2021,3000,0,3,-4.98,3.05,9.97,2.53,"3m",2021-01-11,"11"
742,12,2021,3000,0,3,-4.96,2.9,9.92,2.44,"3m",2021-01-12,"12"
743,13,2021,3000,0,3,-4.94,2.75,9.87,2.35,"3m",2021-01-13,"13"
744,14,2021,3000,0,3,-4.92,2.61,9.82,2.27,"3m",2021-01-14,"14"
745,15,2021,3000,0,3,-4.9,2.46,9.76,2.18,"3m",2021-01-15,"15"
746,16,2021,3000,0,3,-4.87,2.32,9.71,2.1,"3m",2021-01-16,"16"
747,17,2021,3000,0,3,-4.83,2.17,9.66,2.02,"3m",2021-01-17,"17"
748,18,2021,3000,0,3,-4.8,2.03,9.61,1.94,"3m",2021-01-18,"18"
749,19,2021,3000,0,3,-4.76,1.89,9.55,1.87,"3m",2021-01-19,"19"
750,20,2021,3000,0,3,-4.71,1.75,9.5,1.79,"3m",2021-01-20,"20"
751,21,2021,3000,0,3,-4.66,1.62,9.44,1.72,"3m",2021-01-21,"21"
752,22,2021,3000,0,3,-4.61,1.48,9.38,1.65,"3m",2021-01-22,"22"
753,23,2021,3000,0,3,-4.56,1.35,9.33,1.58,"3m",2021-01-23,"23"
754,24,2021,3000,0,3,-4.5,1.22,9.27,1.52,"3m",2021-01-24,"24"
755,25,2021,3000,0,3,-4.44,1.09,9.21,1.45,"3m",2021-01-25,"25"
756,26,2021,3000,0,3,-4.37,0.96,9.15,1.39,"3m",2021-01-26,"26"
757,27,2021,3000,0,3,-4.3,0.84,9.09,1.33,"3m",2021-01-27,"27"
758,28,2021,3000,0,3,-4.23,0.71,9.03,1.28,"3m",2021-01-28,"28"
759,29,2021,3000,0,3,-4.15,0.59,8.98,1.22,"3m",2021-01-29,"29"
760,30,2021,3000,0,3,-4.07,0.47,8.91,1.17,"3m",2021-01-30,"30"
761,31,2021,3000,0,3,-3.99,0.35,8.85,1.11,"3m",2021-01-31,"31"
762,32,2021,3000,0,3,-3.9,0.24,8.79,1.06,"3m",2021-02-01,"01"
763,33,2021,3000,0,3,-3.81,0.13,8.73,1.02,"3m",2021-02-02,"02"
764,34,2021,3000,0,3,-3.72,0.01,8.67,0.97,"3m",2021-02-03,"03"
765,35,2021,3000,0,3,-3.63,-0.09,8.61,0.93,"3m",2021-02-04,"04"
766,36,2021,3000,0,3,-3.53,-0.2,8.55,0.89,"3m",2021-02-05,"05"
767,37,2021,3000,0,3,-3.42,-0.3,8.48,0.85,"3m",2021-02-06,"06"
768,38,2021,3000,0,3,-3.32,-0.41,8.42,0.81,"3m",2021-02-07,"07"
769,39,2021,3000,0,3,-3.21,-0.51,8.36,0.78,"3m",2021-02-08,"08"
770,40,2021,3000,0,3,-3.09,-0.6,8.29,0.75,"3m",2021-02-09,"09"
771,41,2021,3000,0,3,-2.98,-0.7,8.23,0.72,"3m",2021-02-10,"10"
772,42,2021,3000,0,3,-2.86,-0.79,8.16,0.69,"3m",2021-02-11,"11"
773,43,2021,3000,0,3,-2.74,-0.88,8.1,0.67,"3m",2021-02-12,"12"
774,44,2021,3000,0,3,-2.61,-0.97,8.04,0.65,"3m",2021-02-13,"13"
775,45,2021,3000,0,3,-2.48,-1.05,7.97,0.62,"3m",2021-02-14,"14"
776,46,2021,3000,0,3,-2.35,-1.13,7.91,0.61,"3m",2021-02-15,"15"
777,47,2021,3000,0,3,-2.22,-1.21,7.84,0.59,"3m",2021-02-16,"16"
778,48,2021,3000,0,3,-2.08,-1.29,7.78,0.58,"3m",2021-02-17,"17"
779,49,2021,3000,0,3,-1.94,-1.37,7.71,0.57,"3m",2021-02-18,"18"
780,50,2021,3000,0,3,-1.8,-1.44,7.65,0.56,"3m",2021-02-19,"19"
781,51,2021,3000,0,3,-1.66,-1.51,7.58,0.55,"3m",2021-02-20,"20"
782,52,2021,3000,0,3,-1.51,-1.57,7.52,0.55,"3m",2021-02-21,"21"
783,53,2021,3000,0,3,-1.36,-1.64,7.45,0.54,"3m",2021-02-22,"22"
784,54,2021,3000,0,3,-1.2,-1.7,7.39,0.55,"3m",2021-02-23,"23"
785,55,2021,3000,0,3,-1.05,-1.76,7.32,0.55,"3m",2021-02-24,"24"
786,56,2021,3000,0,3,-0.89,-1.81,7.26,0.55,"3m",2021-02-25,"25"
787,57,2021,3000,0,3,-0.73,-1.87,7.19,0.56,"3m",2021-02-26,"26"
788,58,2021,3000,0,3,-0.57,-1.92,7.13,0.57,"3m",2021-02-27,"27"
789,59,2021,3000,0,3,-0.4,-1.96,7.06,0.58,"3m",2021-02-28,"28"
790,60,2021,3000,0,3,-0.23,-2.01,7,0.6,"3m",2021-03-01,"01"
791,61,2021,3000,0,3,-0.06,-2.05,6.93,0.61,"3m",2021-03-02,"02"
792,62,2021,3000,0,3,0.11,-2.09,6.87,0.63,"3m",2021-03-03,"03"
793,63,2021,3000,0,3,0.28,-2.13,6.8,0.65,"3m",2021-03-04,"04"
794,64,2021,3000,0,3,0.46,-2.16,6.74,0.68,"3m",2021-03-05,"05"
795,65,2021,3000,0,3,0.64,-2.19,6.68,0.7,"3m",2021-03-06,"06"
796,66,2021,3000,0,3,0.82,-2.22,6.61,0.73,"3m",2021-03-07,"07"
797,67,2021,3000,0,3,1,-2.24,6.55,0.76,"3m",2021-03-08,"08"
798,68,2021,3000,0,3,1.19,-2.26,6.49,0.79,"3m",2021-03-09,"09"
799,69,2021,3000,0,3,1.37,-2.28,6.42,0.83,"3m",2021-03-10,"10"
800,70,2021,3000,0,3,1.56,-2.3,6.36,0.86,"3m",2021-03-11,"11"
801,71,2021,3000,0,3,1.75,-2.31,6.3,0.9,"3m",2021-03-12,"12"
802,72,2021,3000,0,3,1.95,-2.32,6.24,0.94,"3m",2021-03-13,"13"
803,73,2021,3000,0,3,2.14,-2.33,6.18,0.99,"3m",2021-03-14,"14"
804,74,2021,3000,0,3,2.33,-2.33,6.12,1.03,"3m",2021-03-15,"15"
805,75,2021,3000,0,3,2.53,-2.33,6.05,1.08,"3m",2021-03-16,"16"
806,76,2021,3000,0,3,2.73,-2.33,5.99,1.13,"3m",2021-03-17,"17"
807,77,2021,3000,0,3,2.93,-2.33,5.94,1.18,"3m",2021-03-18,"18"
808,78,2021,3000,0,3,3.13,-2.32,5.88,1.24,"3m",2021-03-19,"19"
809,79,2021,3000,0,3,3.33,-2.31,5.82,1.29,"3m",2021-03-20,"20"
810,80,2021,3000,0,3,3.54,-2.3,5.76,1.35,"3m",2021-03-21,"21"
811,81,2021,3000,0,3,3.74,-2.28,5.7,1.41,"3m",2021-03-22,"22"
812,82,2021,3000,0,3,3.95,-2.26,5.64,1.48,"3m",2021-03-23,"23"
813,83,2021,3000,0,3,4.15,-2.24,5.59,1.54,"3m",2021-03-24,"24"
814,84,2021,3000,0,3,4.36,-2.22,5.53,1.61,"3m",2021-03-25,"25"
815,85,2021,3000,0,3,4.57,-2.19,5.48,1.68,"3m",2021-03-26,"26"
816,86,2021,3000,0,3,4.78,-2.16,5.42,1.75,"3m",2021-03-27,"27"
817,87,2021,3000,0,3,4.99,-2.13,5.37,1.82,"3m",2021-03-28,"28"
818,88,2021,3000,0,3,5.2,-2.09,5.31,1.89,"3m",2021-03-29,"29"
819,89,2021,3000,0,3,5.41,-2.05,5.26,1.97,"3m",2021-03-30,"30"
820,90,2021,3000,0,3,5.62,-2.01,5.21,2.05,"3m",2021-03-31,"31"
821,91,2021,3000,0,3,5.84,-1.96,5.16,2.13,"3m",2021-04-01,"01"
822,92,2021,3000,0,3,6.05,-1.92,5.11,2.21,"3m",2021-04-02,"02"
823,93,2021,3000,0,3,6.26,-1.87,5.06,2.29,"3m",2021-04-03,"03"
824,94,2021,3000,0,3,6.48,-1.81,5.01,2.38,"3m",2021-04-04,"04"
825,95,2021,3000,0,3,6.69,-1.76,4.96,2.47,"3m",2021-04-05,"05"
826,96,2021,3000,0,3,6.91,-1.7,4.91,2.56,"3m",2021-04-06,"06"
827,97,2021,3000,0,3,7.12,-1.64,4.86,2.65,"3m",2021-04-07,"07"
828,98,2021,3000,0,3,7.34,-1.57,4.82,2.74,"3m",2021-04-08,"08"
829,99,2021,3000,0,3,7.55,-1.51,4.77,2.83,"3m",2021-04-09,"09"
830,100,2021,3000,0,3,7.77,-1.44,4.73,2.93,"3m",2021-04-10,"10"
831,101,2021,3000,0,3,7.98,-1.37,4.68,3.03,"3m",2021-04-11,"11"
832,102,2021,3000,0,3,8.2,-1.29,4.64,3.13,"3m",2021-04-12,"12"
833,103,2021,3000,0,3,8.41,-1.21,4.6,3.23,"3m",2021-04-13,"13"
834,104,2021,3000,0,3,8.63,-1.13,4.56,3.33,"3m",2021-04-14,"14"
835,105,2021,3000,0,3,8.84,-1.05,4.52,3.43,"3m",2021-04-15,"15"
836,106,2021,3000,0,3,9.06,-0.97,4.48,3.54,"3m",2021-04-16,"16"
837,107,2021,3000,0,3,9.27,-0.88,4.44,3.64,"3m",2021-04-17,"17"
838,108,2021,3000,0,3,9.48,-0.79,4.4,3.75,"3m",2021-04-18,"18"
839,109,2021,3000,0,3,9.69,-0.7,4.36,3.86,"3m",2021-04-19,"19"
840,110,2021,3000,0,3,9.91,-0.6,4.33,3.97,"3m",2021-04-20,"20"
841,111,2021,3000,0,3,10.12,-0.51,4.29,4.08,"3m",2021-04-21,"21"
842,112,2021,3000,0,3,10.33,-0.41,4.26,4.2,"3m",2021-04-22,"22"
843,113,2021,3000,0,3,10.54,-0.3,4.22,4.31,"3m",2021-04-23,"23"
844,114,2021,3000,0,3,10.74,-0.2,4.19,4.43,"3m",2021-04-24,"24"
845,115,2021,3000,0,3,10.95,-0.09,4.16,4.54,"3m",2021-04-25,"25"
846,116,2021,3000,0,3,11.16,0.01,4.13,4.66,"3m",2021-04-26,"26"
847,117,2021,3000,0,3,11.36,0.13,4.1,4.78,"3m",2021-04-27,"27"
848,118,2021,3000,0,3,11.57,0.24,4.07,4.9,"3m",2021-04-28,"28"
849,119,2021,3000,0,3,11.77,0.35,4.05,5.02,"3m",2021-04-29,"29"
850,120,2021,3000,0,3,11.97,0.47,4.02,5.14,"3m",2021-04-30,"30"
851,121,2021,3000,0,3,12.17,0.59,3.99,5.27,"3m",2021-05-01,"01"
852,122,2021,3000,0,3,12.37,0.71,3.97,5.39,"3m",2021-05-02,"02"
853,123,2021,3000,0,3,12.57,0.84,3.95,5.52,"3m",2021-05-03,"03"
854,124,2021,3000,0,3,12.76,0.96,3.93,5.64,"3m",2021-05-04,"04"
855,125,2021,3000,0,3,12.96,1.09,3.9,5.77,"3m",2021-05-05,"05"
856,126,2021,3000,0,3,13.15,1.22,3.88,5.89,"3m",2021-05-06,"06"
857,127,2021,3000,0,3,13.34,1.35,3.87,6.02,"3m",2021-05-07,"07"
858,128,2021,3000,0,3,13.53,1.48,3.85,6.15,"3m",2021-05-08,"08"
859,129,2021,3000,0,3,13.72,1.62,3.83,6.28,"3m",2021-05-09,"09"
860,130,2021,3000,0,3,13.9,1.75,3.82,6.41,"3m",2021-05-10,"10"
861,131,2021,3000,0,3,14.09,1.89,3.8,6.54,"3m",2021-05-11,"11"
862,132,2021,3000,0,3,14.27,2.03,3.79,6.67,"3m",2021-05-12,"12"
863,133,2021,3000,0,3,14.45,2.17,3.78,6.8,"3m",2021-05-13,"13"
864,134,2021,3000,0,3,14.63,2.32,3.76,6.93,"3m",2021-05-14,"14"
865,135,2021,3000,0,3,14.8,2.46,3.75,7.07,"3m",2021-05-15,"15"
866,136,2021,3000,0,3,14.98,2.61,3.75,7.2,"3m",2021-05-16,"16"
867,137,2021,3000,0,3,15.15,2.75,3.74,7.33,"3m",2021-05-17,"17"
868,138,2021,3000,0,3,15.32,2.9,3.73,7.47,"3m",2021-05-18,"18"
869,139,2021,3000,0,3,15.48,3.05,3.73,7.6,"3m",2021-05-19,"19"
870,140,2021,3000,0,3,15.65,3.21,3.72,7.73,"3m",2021-05-20,"20"
871,141,2021,3000,0,3,15.81,3.36,3.72,7.87,"3m",2021-05-21,"21"
872,142,2021,3000,0,3,15.97,3.51,3.72,8,"3m",2021-05-22,"22"
873,143,2021,3000,0,3,16.13,3.67,3.71,8.14,"3m",2021-05-23,"23"
874,144,2021,3000,0,3,16.28,3.82,3.71,8.27,"3m",2021-05-24,"24"
875,145,2021,3000,0,3,16.43,3.98,3.72,8.4,"3m",2021-05-25,"25"
876,146,2021,3000,0,3,16.58,4.14,3.72,8.54,"3m",2021-05-26,"26"
877,147,2021,3000,0,3,16.73,4.3,3.72,8.67,"3m",2021-05-27,"27"
878,148,2021,3000,0,3,16.87,4.46,3.73,8.81,"3m",2021-05-28,"28"
879,149,2021,3000,0,3,17.01,4.62,3.73,8.94,"3m",2021-05-29,"29"
880,150,2021,3000,0,3,17.15,4.78,3.74,9.07,"3m",2021-05-30,"30"
881,151,2021,3000,0,3,17.29,4.95,3.75,9.21,"3m",2021-05-31,"31"
882,152,2021,3000,0,3,17.42,5.11,3.75,9.34,"3m",2021-06-01,"01"
883,153,2021,3000,0,3,17.55,5.28,3.76,9.47,"3m",2021-06-02,"02"
884,154,2021,3000,0,3,17.68,5.44,3.78,9.61,"3m",2021-06-03,"03"
885,155,2021,3000,0,3,17.8,5.61,3.79,9.74,"3m",2021-06-04,"04"
886,156,2021,3000,0,3,17.92,5.77,3.8,9.87,"3m",2021-06-05,"05"
887,157,2021,3000,0,3,18.04,5.94,3.82,10,"3m",2021-06-06,"06"
888,158,2021,3000,0,3,18.15,6.11,3.83,10.13,"3m",2021-06-07,"07"
889,159,2021,3000,0,3,18.26,6.28,3.85,10.26,"3m",2021-06-08,"08"
890,160,2021,3000,0,3,18.37,6.44,3.87,10.39,"3m",2021-06-09,"09"
891,161,2021,3000,0,3,18.47,6.61,3.88,10.52,"3m",2021-06-10,"10"
892,162,2021,3000,0,3,18.58,6.78,3.9,10.65,"3m",2021-06-11,"11"
893,163,2021,3000,0,3,18.67,6.95,3.93,10.78,"3m",2021-06-12,"12"
894,164,2021,3000,0,3,18.77,7.12,3.95,10.91,"3m",2021-06-13,"13"
895,165,2021,3000,0,3,18.86,7.29,3.97,11.03,"3m",2021-06-14,"14"
896,166,2021,3000,0,3,18.95,7.46,3.99,11.16,"3m",2021-06-15,"15"
897,167,2021,3000,0,3,19.03,7.63,4.02,11.29,"3m",2021-06-16,"16"
898,168,2021,3000,0,3,19.11,7.8,4.05,11.41,"3m",2021-06-17,"17"
899,169,2021,3000,0,3,19.19,7.97,4.07,11.53,"3m",2021-06-18,"18"
900,170,2021,3000,0,3,19.27,8.13,4.1,11.65,"3m",2021-06-19,"19"
901,171,2021,3000,0,3,19.34,8.3,4.13,11.78,"3m",2021-06-20,"20"
902,172,2021,3000,0,3,19.4,8.47,4.16,11.9,"3m",2021-06-21,"21"
903,173,2021,3000,0,3,19.47,8.64,4.19,12.01,"3m",2021-06-22,"22"
904,174,2021,3000,0,3,19.53,8.81,4.22,12.13,"3m",2021-06-23,"23"
905,175,2021,3000,0,3,19.59,8.98,4.26,12.25,"3m",2021-06-24,"24"
906,176,2021,3000,0,3,19.64,9.14,4.29,12.37,"3m",2021-06-25,"25"
907,177,2021,3000,0,3,19.69,9.31,4.33,12.48,"3m",2021-06-26,"26"
908,178,2021,3000,0,3,19.73,9.48,4.36,12.59,"3m",2021-06-27,"27"
909,179,2021,3000,0,3,19.78,9.64,4.4,12.71,"3m",2021-06-28,"28"
910,180,2021,3000,0,3,19.82,9.81,4.44,12.82,"3m",2021-06-29,"29"
911,181,2021,3000,0,3,19.85,9.97,4.48,12.93,"3m",2021-06-30,"30"
912,182,2021,3000,0,3,19.88,10.13,4.52,13.03,"3m",2021-07-01,"01"
913,183,2021,3000,0,3,19.91,10.3,4.56,13.14,"3m",2021-07-02,"02"
914,184,2021,3000,0,3,19.93,10.46,4.6,13.25,"3m",2021-07-03,"03"
915,185,2021,3000,0,3,19.95,10.62,4.64,13.35,"3m",2021-07-04,"04"
916,186,2021,3000,0,3,19.97,10.78,4.68,13.45,"3m",2021-07-05,"05"
917,187,2021,3000,0,3,19.98,10.94,4.73,13.55,"3m",2021-07-06,"06"
918,188,2021,3000,0,3,19.99,11.1,4.77,13.65,"3m",2021-07-07,"07"
919,189,2021,3000,0,3,20,11.25,4.82,13.75,"3m",2021-07-08,"08"
920,190,2021,3000,0,3,20,11.41,4.86,13.85,"3m",2021-07-09,"09"
921,191,2021,3000,0,3,20,11.56,4.91,13.94,"3m",2021-07-10,"10"
922,192,2021,3000,0,3,19.99,11.72,4.96,14.03,"3m",2021-07-11,"11"
923,193,2021,3000,0,3,19.98,11.87,5.01,14.12,"3m",2021-07-12,"12"
924,194,2021,3000,0,3,19.97,12.02,5.06,14.21,"3m",2021-07-13,"13"
925,195,2021,3000,0,3,19.95,12.17,5.11,14.3,"3m",2021-07-14,"14"
926,196,2021,3000,0,3,19.93,12.32,5.16,14.39,"3m",2021-07-15,"15"
927,197,2021,3000,0,3,19.91,12.47,5.21,14.47,"3m",2021-07-16,"16"
928,198,2021,3000,0,3,19.88,12.61,5.26,14.55,"3m",2021-07-17,"17"
929,199,2021,3000,0,3,19.85,12.76,5.31,14.63,"3m",2021-07-18,"18"
930,200,2021,3000,0,3,19.82,12.9,5.37,14.71,"3m",2021-07-19,"19"
931,201,2021,3000,0,3,19.78,13.04,5.42,14.79,"3m",2021-07-20,"20"
932,202,2021,3000,0,3,19.73,13.18,5.48,14.87,"3m",2021-07-21,"21"
933,203,2021,3000,0,3,19.69,13.31,5.53,14.94,"3m",2021-07-22,"22"
934,204,2021,3000,0,3,19.64,13.45,5.59,15.01,"3m",2021-07-23,"23"
935,205,2021,3000,0,3,19.59,13.58,5.64,15.08,"3m",2021-07-24,"24"
936,206,2021,3000,0,3,19.53,13.72,5.7,15.14,"3m",2021-07-25,"25"
937,207,2021,3000,0,3,19.47,13.85,5.76,15.21,"3m",2021-07-26,"26"
938,208,2021,3000,0,3,19.4,13.98,5.82,15.27,"3m",2021-07-27,"27"
939,209,2021,3000,0,3,19.34,14.1,5.88,15.33,"3m",2021-07-28,"28"
940,210,2021,3000,0,3,19.27,14.23,5.94,15.39,"3m",2021-07-29,"29"
941,211,2021,3000,0,3,19.19,14.35,5.99,15.45,"3m",2021-07-30,"30"
942,212,2021,3000,0,3,19.11,14.47,6.05,15.5,"3m",2021-07-31,"31"
943,213,2021,3000,0,3,19.03,14.59,6.12,15.56,"3m",2021-08-01,"01"
944,214,2021,3000,0,3,18.95,14.7,6.18,15.61,"3m",2021-08-02,"02"
945,215,2021,3000,0,3,18.86,14.82,6.24,15.66,"3m",2021-08-03,"03"
946,216,2021,3000,0,3,18.77,14.93,6.3,15.7,"3m",2021-08-04,"04"
947,217,2021,3000,0,3,18.67,15.04,6.36,15.74,"3m",2021-08-05,"05"
948,218,2021,3000,0,3,18.58,15.15,6.42,15.79,"3m",2021-08-06,"06"
949,219,2021,3000,0,3,18.47,15.25,6.49,15.83,"3m",2021-08-07,"07"
950,220,2021,3000,0,3,18.37,15.36,6.55,15.86,"3m",2021-08-08,"08"
951,221,2021,3000,0,3,18.26,15.46,6.61,15.9,"3m",2021-08-09,"09"
952,222,2021,3000,0,3,18.15,15.55,6.68,15.93,"3m",2021-08-10,"10"
953,223,2021,3000,0,3,18.04,15.65,6.74,15.96,"3m",2021-08-11,"11"
954,224,2021,3000,0,3,17.92,15.74,6.8,15.99,"3m",2021-08-12,"12"
955,225,2021,3000,0,3,17.8,15.84,6.87,16.02,"3m",2021-08-13,"13"
956,226,2021,3000,0,3,17.68,15.92,6.93,16.04,"3m",2021-08-14,"14"
957,227,2021,3000,0,3,17.55,16.01,7,16.06,"3m",2021-08-15,"15"
958,228,2021,3000,0,3,17.42,16.09,7.06,16.08,"3m",2021-08-16,"16"
959,229,2021,3000,0,3,17.29,16.17,7.13,16.1,"3m",2021-08-17,"17"
960,230,2021,3000,0,3,17.15,16.25,7.19,16.11,"3m",2021-08-18,"18"
961,231,2021,3000,0,3,17.01,16.33,7.26,16.12,"3m",2021-08-19,"19"
962,232,2021,3000,0,3,16.87,16.4,7.32,16.13,"3m",2021-08-20,"20"
963,233,2021,3000,0,3,16.73,16.47,7.39,16.14,"3m",2021-08-21,"21"
964,234,2021,3000,0,3,16.58,16.54,7.45,16.15,"3m",2021-08-22,"22"
965,235,2021,3000,0,3,16.43,16.61,7.52,16.15,"3m",2021-08-23,"23"
966,236,2021,3000,0,3,16.28,16.67,7.58,16.15,"3m",2021-08-24,"24"
967,237,2021,3000,0,3,16.13,16.73,7.65,16.15,"3m",2021-08-25,"25"
968,238,2021,3000,0,3,15.97,16.79,7.71,16.15,"3m",2021-08-26,"26"
969,239,2021,3000,0,3,15.81,16.84,7.78,16.14,"3m",2021-08-27,"27"
970,240,2021,3000,0,3,15.65,16.89,7.84,16.13,"3m",2021-08-28,"28"
971,241,2021,3000,0,3,15.48,16.94,7.91,16.12,"3m",2021-08-29,"29"
972,242,2021,3000,0,3,15.32,16.99,7.97,16.11,"3m",2021-08-30,"30"
973,243,2021,3000,0,3,15.15,17.03,8.04,16.09,"3m",2021-08-31,"31"
974,244,2021,3000,0,3,14.98,17.07,8.1,16.07,"3m",2021-09-01,"01"
975,245,2021,3000,0,3,14.8,17.11,8.16,16.05,"3m",2021-09-02,"02"
976,246,2021,3000,0,3,14.63,17.14,8.23,16.03,"3m",2021-09-03,"03"
977,247,2021,3000,0,3,14.45,17.17,8.29,16.01,"3m",2021-09-04,"04"
978,248,2021,3000,0,3,14.27,17.2,8.36,15.98,"3m",2021-09-05,"05"
979,249,2021,3000,0,3,14.09,17.23,8.42,15.95,"3m",2021-09-06,"06"
980,250,2021,3000,0,3,13.9,17.25,8.48,15.92,"3m",2021-09-07,"07"
981,251,2021,3000,0,3,13.72,17.27,8.55,15.89,"3m",2021-09-08,"08"
982,252,2021,3000,0,3,13.53,17.29,8.61,15.85,"3m",2021-09-09,"09"
983,253,2021,3000,0,3,13.34,17.31,8.67,15.81,"3m",2021-09-10,"10"
984,254,2021,3000,0,3,13.15,17.32,8.73,15.77,"3m",2021-09-11,"11"
985,255,2021,3000,0,3,12.96,17.33,8.79,15.73,"3m",2021-09-12,"12"
986,256,2021,3000,0,3,12.76,17.33,8.85,15.69,"3m",2021-09-13,"13"
987,257,2021,3000,0,3,12.57,17.33,8.91,15.64,"3m",2021-09-14,"14"
988,258,2021,3000,0,3,12.37,17.33,8.98,15.59,"3m",2021-09-15,"15"
989,259,2021,3000,0,3,12.17,17.33,9.03,15.54,"3m",2021-09-16,"16"
990,260,2021,3000,0,3,11.97,17.33,9.09,15.49,"3m",2021-09-17,"17"
991,261,2021,3000,0,3,11.77,17.32,9.15,15.43,"3m",2021-09-18,"18"
992,262,2021,3000,0,3,11.57,17.31,9.21,15.37,"3m",2021-09-19,"19"
993,263,2021,3000,0,3,11.36,17.29,9.27,15.31,"3m",2021-09-20,"20"
994,264,2021,3000,0,3,11.16,17.27,9.33,15.25,"3m",2021-09-21,"21"
995,265,2021,3000,0,3,10.95,17.25,9.38,15.19,"3m",2021-09-22,"22"
996,266,2021,3000,0,3,10.74,17.23,9.44,15.12,"3m",2021-09-23,"23"
997,267,2021,3000,0,3,10.54,17.2,9.5,15.06,"3m",2021-09-24,"24"
998,268,2021,3000,0,3,10.33,17.17,9.55,14.99,"3m",2021-09-25,"25"
999,269,2021,3000,0,3,10.12,17.14,9.61,14.91,"3m",2021-09-26,"26"
1000,270,2021,3000,0,3,9.91,17.11,9.66,14.84,"3m",2021-09-27,"27"
1001,271,2021,3000,0,3,9.69,17.07,9.71,14.76,"3m",2021-09-28,"28"
1002,272,2021,3000,0,3,9.48,17.03,9.76,14.69,"3m",2021-09-29,"29"
1003,273,2021,3000,0,3,9.27,16.99,9.82,14.61,"3m",2021-09-30,"30"
1004,274,2021,3000,0,3,9.06,16.94,9.87,14.53,"3m",2021-10-01,"01"
1005,275,2021,3000,0,3,8.84,16.89,9.92,14.44,"3m",2021-10-02,"02"
1006,276,2021,3000,0,3,8.63,16.84,9.97,14.36,"3m",2021-10-03,"03"
1007,277,2021,3000,0,3,8.41,16.79,10.02,14.27,"3m",2021-10-04,"04"
1008,278,2021,3000,0,3,8.2,16.73,10.07,14.18,"3m",2021-10-05,"05"
1009,279,2021,3000,0,3,7.98,16.67,10.11,14.09,"3m",2021-10-06,"06"
1010,280,2021,3000,0,3,7.77,16.61,10.16,14,"3m",2021-10-07,"07"
1011,281,2021,3000,0,3,7.55,16.54,10.21,13.91,"3m",2021-10-08,"08"
1012,282,2021,3000,0,3,7.34,16.47,10.25,13.81,"3m",2021-10-09,"09"
1013,283,2021,3000,0,3,7.12,16.4,10.3,13.72,"3m",2021-10-10,"10"
1014,284,2021,3000,0,3,6.91,16.33,10.34,13.62,"3m",2021-10-11,"11"
1015,285,2021,3000,0,3,6.69,16.25,10.38,13.52,"3m",2021-10-12,"12"
1016,286,2021,3000,0,3,6.48,16.17,10.42,13.42,"3m",2021-10-13,"13"
1017,287,2021,3000,0,3,6.26,16.09,10.46,13.32,"3m",2021-10-14,"14"
1018,288,2021,3000,0,3,6.05,16.01,10.5,13.21,"3m",2021-10-15,"15"
1019,289,2021,3000,0,3,5.84,15.92,10.54,13.11,"3m",2021-10-16,"16"
1020,290,2021,3000,0,3,5.62,15.84,10.58,13,"3m",2021-10-17,"17"
1021,291,2021,3000,0,3,5.41,15.74,10.62,12.89,"3m",2021-10-18,"18"
1022,292,2021,3000,0,3,5.2,15.65,10.66,12.78,"3m",2021-10-19,"19"
1023,293,2021,3000,0,3,4.99,15.55,10.69,12.67,"3m",2021-10-20,"20"
1024,294,2021,3000,0,3,4.78,15.46,10.73,12.56,"3m",2021-10-21,"21"
1025,295,2021,3000,0,3,4.57,15.36,10.76,12.44,"3m",2021-10-22,"22"
1026,296,2021,3000,0,3,4.36,15.25,10.79,12.33,"3m",2021-10-23,"23"
1027,297,2021,3000,0,3,4.15,15.15,10.82,12.21,"3m",2021-10-24,"24"
1028,298,2021,3000,0,3,3.95,15.04,10.85,12.09,"3m",2021-10-25,"25"
1029,299,2021,3000,0,3,3.74,14.93,10.88,11.98,"3m",2021-10-26,"26"
1030,300,2021,3000,0,3,3.54,14.82,10.91,11.86,"3m",2021-10-27,"27"
1031,301,2021,3000,0,3,3.33,14.7,10.94,11.74,"3m",2021-10-28,"28"
1032,302,2021,3000,0,3,3.13,14.59,10.97,11.61,"3m",2021-10-29,"29"
1033,303,2021,3000,0,3,2.93,14.47,10.99,11.49,"3m",2021-10-30,"30"
1034,304,2021,3000,0,3,2.73,14.35,11.02,11.37,"3m",2021-10-31,"31"
1035,305,2021,3000,0,3,2.53,14.23,11.04,11.24,"3m",2021-11-01,"01"
1036,306,2021,3000,0,3,2.33,14.1,11.06,11.12,"3m",2021-11-02,"02"
1037,307,2021,3000,0,3,2.14,13.98,11.09,10.99,"3m",2021-11-03,"03"
1038,308,2021,3000,0,3,1.95,13.85,11.11,10.87,"3m",2021-11-04,"04"
1039,309,2021,3000,0,3,1.75,13.72,11.12,10.74,"3m",2021-11-05,"05"
1040,310,2021,3000,0,3,1.56,13.58,11.14,10.61,"3m",2021-11-06,"06"
1041,311,2021,3000,0,3,1.37,13.45,11.16,10.48,"3m",2021-11-07,"07"
1042,312,2021,3000,0,3,1.19,13.31,11.18,10.35,"3m",2021-11-08,"08"
1043,313,2021,3000,0,3,1,13.18,11.19,10.22,"3m",2021-11-09,"09"
1044,314,2021,3000,0,3,0.82,13.04,11.21,10.09,"3m",2021-11-10,"10"
1045,315,2021,3000,0,3,0.64,12.9,11.22,9.96,"3m",2021-11-11,"11"
1046,316,2021,3000,0,3,0.46,12.76,11.23,9.83,"3m",2021-11-12,"12"
1047,317,2021,3000,0,3,0.28,12.61,11.24,9.7,"3m",2021-11-13,"13"
1048,318,2021,3000,0,3,0.11,12.47,11.25,9.56,"3m",2021-11-14,"14"
1049,319,2021,3000,0,3,-0.06,12.32,11.26,9.43,"3m",2021-11-15,"15"
1050,320,2021,3000,0,3,-0.23,12.17,11.27,9.3,"3m",2021-11-16,"16"
1051,321,2021,3000,0,3,-0.4,12.02,11.27,9.16,"3m",2021-11-17,"17"
1052,322,2021,3000,0,3,-0.57,11.87,11.28,9.03,"3m",2021-11-18,"18"
1053,323,2021,3000,0,3,-0.73,11.72,11.28,8.9,"3m",2021-11-19,"19"
1054,324,2021,3000,0,3,-0.89,11.56,11.28,8.76,"3m",2021-11-20,"20"
1055,325,2021,3000,0,3,-1.05,11.41,11.29,8.63,"3m",2021-11-21,"21"
1056,326,2021,3000,0,3,-1.2,11.25,11.29,8.49,"3m",2021-11-22,"22"
1057,327,2021,3000,0,3,-1.36,11.1,11.29,8.36,"3m",2021-11-23,"23"
1058,328,2021,3000,0,3,-1.51,10.94,11.28,8.22,"3m",2021-11-24,"24"
1059,329,2021,3000,0,3,-1.66,10.78,11.28,8.09,"3m",2021-11-25,"25"
1060,330,2021,3000,0,3,-1.8,10.62,11.28,7.96,"3m",2021-11-26,"26"
1061,331,2021,3000,0,3,-1.94,10.46,11.27,7.82,"3m",2021-11-27,"27"
1062,332,2021,3000,0,3,-2.08,10.3,11.27,7.69,"3m",2021-11-28,"28"
1063,333,2021,3000,0,3,-2.22,10.13,11.26,7.55,"3m",2021-11-29,"29"
1064,334,2021,3000,0,3,-2.35,9.97,11.25,7.42,"3m",2021-11-30,"30"
1065,335,2021,3000,0,3,-2.48,9.81,11.24,7.29,"3m",2021-12-01,"01"
1066,336,2021,3000,0,3,-2.61,9.64,11.23,7.15,"3m",2021-12-02,"02"
1067,337,2021,3000,0,3,-2.74,9.48,11.22,7.02,"3m",2021-12-03,"03"
1068,338,2021,3000,0,3,-2.86,9.31,11.21,6.89,"3m",2021-12-04,"04"
1069,339,2021,3000,0,3,-2.98,9.14,11.19,6.76,"3m",2021-12-05,"05"
1070,340,2021,3000,0,3,-3.09,8.98,11.18,6.63,"3m",2021-12-06,"06"
1071,341,2021,3000,0,3,-3.21,8.81,11.16,6.5,"3m",2021-12-07,"07"
1072,342,2021,3000,0,3,-3.32,8.64,11.14,6.37,"3m",2021-12-08,"08"
1073,343,2021,3000,0,3,-3.42,8.47,11.12,6.24,"3m",2021-12-09,"09"
1074,344,2021,3000,0,3,-3.53,8.3,11.11,6.11,"3m",2021-12-10,"10"
1075,345,2021,3000,0,3,-3.63,8.13,11.09,5.98,"3m",2021-12-11,"11"
1076,346,2021,3000,0,3,-3.72,7.97,11.06,5.85,"3m",2021-12-12,"12"
1077,347,2021,3000,0,3,-3.81,7.8,11.04,5.72,"3m",2021-12-13,"13"
1078,348,2021,3000,0,3,-3.9,7.63,11.02,5.6,"3m",2021-12-14,"14"
1079,349,2021,3000,0,3,-3.99,7.46,10.99,5.47,"3m",2021-12-15,"15"
1080,350,2021,3000,0,3,-4.07,7.29,10.97,5.35,"3m",2021-12-16,"16"
1081,351,2021,3000,0,3,-4.15,7.12,10.94,5.23,"3m",2021-12-17,"17"
1082,352,2021,3000,0,3,-4.23,6.95,10.91,5.1,"3m",2021-12-18,"18"
1083,353,2021,3000,0,3,-4.3,6.78,10.88,4.98,"3m",2021-12-19,"19"
1084,354,2021,3000,0,3,-4.37,6.61,10.85,4.86,"3m",2021-12-20,"20"
1085,355,2021,3000,0,3,-4.44,6.44,10.82,4.74,"3m",2021-12-21,"21"
1086,356,2021,3000,0,3,-4.5,6.28,10.79,4.62,"3m",2021-12-22,"22"
1087,357,2021,3000,0,3,-4.56,6.11,10.76,4.5,"3m",2021-12-23,"23"
1088,358,2021,3000,0,3,-4.61,5.94,10.73,4.39,"3m",2021-12-24,"24"
1089,359,2021,3000,0,3,-4.66,5.77,10.69,4.27,"3m",2021-12-25,"25"
1090,360,2021,3000,0,3,-4.71,5.61,10.66,4.16,"3m",2021-12-26,"26"
1091,361,2021,3000,0,3,-4.76,5.44,10.62,4.05,"3m",2021-12-27,"27"
1092,362,2021,3000,0,3,-4.8,5.28,10.58,3.94,"3m",2021-12-28,"28"
1093,363,2021,3000,0,3,-4.83,5.11,10.54,3.82,"3m",2021-12-29,"29"
1094,364,2021,3000,0,3,-4.87,4.95,10.5,3.72,"3m",2021-12-30,"30"
1095,365,2021,3000,0,3,-4.9,4.78,10.46,3.61,"3m",2021-12-31,"31"
731,1,2021,4000,0,4,-4.92,4.62,10.42,4.62,"4m",2021-01-01,"01"
732,2,2021,4000,0,4,-4.94,4.46,10.38,4.52,"4m",2021-01-02,"02"
733,3,2021,4000,0,4,-4.96,4.3,10.34,4.42,"4m",2021-01-03,"03"
734,4,2021,4000,0,4,-4.98,4.14,10.3,4.32,"4m",2021-01-04,"04"
735,5,2021,4000,0,4,-4.99,3.98,10.25,4.22,"4m",2021-01-05,"05"
736,6,2021,4000,0,4,-5,3.82,10.21,4.12,"4m",2021-01-06,"06"
737,7,2021,4000,0,4,-5,3.67,10.16,4.02,"4m",2021-01-07,"07"
738,8,2021,4000,0,4,-5,3.51,10.11,3.93,"4m",2021-01-08,"08"
739,9,2021,4000,0,4,-5,3.36,10.07,3.84,"4m",2021-01-09,"09"
740,10,2021,4000,0,4,-4.99,3.21,10.02,3.74,"4m",2021-01-10,"10"
741,11,2021,4000,0,4,-4.98,3.05,9.97,3.65,"4m",2021-01-11,"11"
742,12,2021,4000,0,4,-4.96,2.9,9.92,3.56,"4m",2021-01-12,"12"
743,13,2021,4000,0,4,-4.94,2.75,9.87,3.48,"4m",2021-01-13,"13"
744,14,2021,4000,0,4,-4.92,2.61,9.82,3.39,"4m",2021-01-14,"14"
745,15,2021,4000,0,4,-4.9,2.46,9.76,3.3,"4m",2021-01-15,"15"
746,16,2021,4000,0,4,-4.87,2.32,9.71,3.22,"4m",2021-01-16,"16"
747,17,2021,4000,0,4,-4.83,2.17,9.66,3.14,"4m",2021-01-17,"17"
748,18,2021,4000,0,4,-4.8,2.03,9.61,3.06,"4m",2021-01-18,"18"
749,19,2021,4000,0,4,-4.76,1.89,9.55,2.98,"4m",2021-01-19,"19"
750,20,2021,4000,0,4,-4.71,1.75,9.5,2.9,"4m",2021-01-20,"20"
751,21,2021,4000,0,4,-4.66,1.62,9.44,2.83,"4m",2021-01-21,"21"
752,22,2021,4000,0,4,-4.61,1.48,9.38,2.75,"4m",2021-01-22,"22"
753,23,2021,4000,0,4,-4.56,1.35,9.33,2.68,"4m",2021-01-23,"23"
754,24,2021,4000,0,4,-4.5,1.22,9.27,2.61,"4m",2021-01-24,"24"
755,25,2021,4000,0,4,-4.44,1.09,9.21,2.54,"4m",2021-01-25,"25"
756,26,2021,4000,0,4,-4.37,0.96,9.15,2.47,"4m",2021-01-26,"26"
757,27,2021,4000,0,4,-4.3,0.84,9.09,2.4,"4m",2021-01-27,"27"
758,28,2021,4000,0,4,-4.23,0.71,9.03,2.34,"4m",2021-01-28,"28"
759,29,2021,4000,0,4,-4.15,0.59,8.98,2.28,"4m",2021-01-29,"29"
760,30,2021,4000,0,4,-4.07,0.47,8.91,2.22,"4m",2021-01-30,"30"
761,31,2021,4000,0,4,-3.99,0.35,8.85,2.16,"4m",2021-01-31,"31"
762,32,2021,4000,0,4,-3.9,0.24,8.79,2.1,"4m",2021-02-01,"01"
763,33,2021,4000,0,4,-3.81,0.13,8.73,2.05,"4m",2021-02-02,"02"
764,34,2021,4000,0,4,-3.72,0.01,8.67,1.99,"4m",2021-02-03,"03"
765,35,2021,4000,0,4,-3.63,-0.09,8.61,1.94,"4m",2021-02-04,"04"
766,36,2021,4000,0,4,-3.53,-0.2,8.55,1.89,"4m",2021-02-05,"05"
767,37,2021,4000,0,4,-3.42,-0.3,8.48,1.85,"4m",2021-02-06,"06"
768,38,2021,4000,0,4,-3.32,-0.41,8.42,1.8,"4m",2021-02-07,"07"
769,39,2021,4000,0,4,-3.21,-0.51,8.36,1.76,"4m",2021-02-08,"08"
770,40,2021,4000,0,4,-3.09,-0.6,8.29,1.72,"4m",2021-02-09,"09"
771,41,2021,4000,0,4,-2.98,-0.7,8.23,1.68,"4m",2021-02-10,"10"
772,42,2021,4000,0,4,-2.86,-0.79,8.16,1.64,"4m",2021-02-11,"11"
773,43,2021,4000,0,4,-2.74,-0.88,8.1,1.6,"4m",2021-02-12,"12"
774,44,2021,4000,0,4,-2.61,-0.97,8.04,1.57,"4m",2021-02-13,"13"
775,45,2021,4000,0,4,-2.48,-1.05,7.97,1.54,"4m",2021-02-14,"14"
776,46,2021,4000,0,4,-2.35,-1.13,7.91,1.51,"4m",2021-02-15,"15"
777,47,2021,4000,0,4,-2.22,-1.21,7.84,1.48,"4m",2021-02-16,"16"
778,48,2021,4000,0,4,-2.08,-1.29,7.78,1.45,"4m",2021-02-17,"17"
779,49,2021,4000,0,4,-1.94,-1.37,7.71,1.43,"4m",2021-02-18,"18"
780,50,2021,4000,0,4,-1.8,-1.44,7.65,1.41,"4m",2021-02-19,"19"
781,51,2021,4000,0,4,-1.66,-1.51,7.58,1.39,"4m",2021-02-20,"20"
782,52,2021,4000,0,4,-1.51,-1.57,7.52,1.37,"4m",2021-02-21,"21"
783,53,2021,4000,0,4,-1.36,-1.64,7.45,1.35,"4m",2021-02-22,"22"
784,54,2021,4000,0,4,-1.2,-1.7,7.39,1.34,"4m",2021-02-23,"23"
785,55,2021,4000,0,4,-1.05,-1.76,7.32,1.33,"4m",2021-02-24,"24"
786,56,2021,4000,0,4,-0.89,-1.81,7.26,1.32,"4m",2021-02-25,"25"
787,57,2021,4000,0,4,-0.73,-1.87,7.19,1.31,"4m",2021-02-26,"26"
788,58,2021,4000,0,4,-0.57,-1.92,7.13,1.31,"4m",2021-02-27,"27"
789,59,2021,4000,0,4,-0.4,-1.96,7.06,1.3,"4m",2021-02-28,"28"
790,60,2021,4000,0,4,-0.23,-2.01,7,1.3,"4m",2021-03-01,"01"
791,61,2021,4000,0,4,-0.06,-2.05,6.93,1.3,"4m",2021-03-02,"02"
792,62,2021,4000,0,4,0.11,-2.09,6.87,1.31,"4m",2021-03-03,"03"
793,63,2021,4000,0,4,0.28,-2.13,6.8,1.31,"4m",2021-03-04,"04"
794,64,2021,4000,0,4,0.46,-2.16,6.74,1.32,"4m",2021-03-05,"05"
795,65,2021,4000,0,4,0.64,-2.19,6.68,1.33,"4m",2021-03-06,"06"
796,66,2021,4000,0,4,0.82,-2.22,6.61,1.34,"4m",2021-03-07,"07"
797,67,2021,4000,0,4,1,-2.24,6.55,1.35,"4m",2021-03-08,"08"
798,68,2021,4000,0,4,1.19,-2.26,6.49,1.37,"4m",2021-03-09,"09"
799,69,2021,4000,0,4,1.37,-2.28,6.42,1.39,"4m",2021-03-10,"10"
800,70,2021,4000,0,4,1.56,-2.3,6.36,1.41,"4m",2021-03-11,"11"
801,71,2021,4000,0,4,1.75,-2.31,6.3,1.43,"4m",2021-03-12,"12"
802,72,2021,4000,0,4,1.95,-2.32,6.24,1.45,"4m",2021-03-13,"13"
803,73,2021,4000,0,4,2.14,-2.33,6.18,1.48,"4m",2021-03-14,"14"
804,74,2021,4000,0,4,2.33,-2.33,6.12,1.5,"4m",2021-03-15,"15"
805,75,2021,4000,0,4,2.53,-2.33,6.05,1.53,"4m",2021-03-16,"16"
806,76,2021,4000,0,4,2.73,-2.33,5.99,1.57,"4m",2021-03-17,"17"
807,77,2021,4000,0,4,2.93,-2.33,5.94,1.6,"4m",2021-03-18,"18"
808,78,2021,4000,0,4,3.13,-2.32,5.88,1.64,"4m",2021-03-19,"19"
809,79,2021,4000,0,4,3.33,-2.31,5.82,1.67,"4m",2021-03-20,"20"
810,80,2021,4000,0,4,3.54,-2.3,5.76,1.71,"4m",2021-03-21,"21"
811,81,2021,4000,0,4,3.74,-2.28,5.7,1.75,"4m",2021-03-22,"22"
812,82,2021,4000,0,4,3.95,-2.26,5.64,1.8,"4m",2021-03-23,"23"
813,83,2021,4000,0,4,4.15,-2.24,5.59,1.84,"4m",2021-03-24,"24"
814,84,2021,4000,0,4,4.36,-2.22,5.53,1.89,"4m",2021-03-25,"25"
815,85,2021,4000,0,4,4.57,-2.19,5.48,1.94,"4m",2021-03-26,"26"
816,86,2021,4000,0,4,4.78,-2.16,5.42,1.99,"4m",2021-03-27,"27"
817,87,2021,4000,0,4,4.99,-2.13,5.37,2.04,"4m",2021-03-28,"28"
818,88,2021,4000,0,4,5.2,-2.09,5.31,2.1,"4m",2021-03-29,"29"
819,89,2021,4000,0,4,5.41,-2.05,5.26,2.16,"4m",2021-03-30,"30"
820,90,2021,4000,0,4,5.62,-2.01,5.21,2.21,"4m",2021-03-31,"31"
821,91,2021,4000,0,4,5.84,-1.96,5.16,2.28,"4m",2021-04-01,"01"
822,92,2021,4000,0,4,6.05,-1.92,5.11,2.34,"4m",2021-04-02,"02"
823,93,2021,4000,0,4,6.26,-1.87,5.06,2.4,"4m",2021-04-03,"03"
824,94,2021,4000,0,4,6.48,-1.81,5.01,2.47,"4m",2021-04-04,"04"
825,95,2021,4000,0,4,6.69,-1.76,4.96,2.53,"4m",2021-04-05,"05"
826,96,2021,4000,0,4,6.91,-1.7,4.91,2.6,"4m",2021-04-06,"06"
827,97,2021,4000,0,4,7.12,-1.64,4.86,2.67,"4m",2021-04-07,"07"
828,98,2021,4000,0,4,7.34,-1.57,4.82,2.75,"4m",2021-04-08,"08"
829,99,2021,4000,0,4,7.55,-1.51,4.77,2.82,"4m",2021-04-09,"09"
830,100,2021,4000,0,4,7.77,-1.44,4.73,2.9,"4m",2021-04-10,"10"
831,101,2021,4000,0,4,7.98,-1.37,4.68,2.97,"4m",2021-04-11,"11"
832,102,2021,4000,0,4,8.2,-1.29,4.64,3.05,"4m",2021-04-12,"12"
833,103,2021,4000,0,4,8.41,-1.21,4.6,3.13,"4m",2021-04-13,"13"
834,104,2021,4000,0,4,8.63,-1.13,4.56,3.22,"4m",2021-04-14,"14"
835,105,2021,4000,0,4,8.84,-1.05,4.52,3.3,"4m",2021-04-15,"15"
836,106,2021,4000,0,4,9.06,-0.97,4.48,3.38,"4m",2021-04-16,"16"
837,107,2021,4000,0,4,9.27,-0.88,4.44,3.47,"4m",2021-04-17,"17"
838,108,2021,4000,0,4,9.48,-0.79,4.4,3.56,"4m",2021-04-18,"18"
839,109,2021,4000,0,4,9.69,-0.7,4.36,3.65,"4m",2021-04-19,"19"
840,110,2021,4000,0,4,9.91,-0.6,4.33,3.74,"4m",2021-04-20,"20"
841,111,2021,4000,0,4,10.12,-0.51,4.29,3.83,"4m",2021-04-21,"21"
842,112,2021,4000,0,4,10.33,-0.41,4.26,3.92,"4m",2021-04-22,"22"
843,113,2021,4000,0,4,10.54,-0.3,4.22,4.02,"4m",2021-04-23,"23"
844,114,2021,4000,0,4,10.74,-0.2,4.19,4.12,"4m",2021-04-24,"24"
845,115,2021,4000,0,4,10.95,-0.09,4.16,4.21,"4m",2021-04-25,"25"
846,116,2021,4000,0,4,11.16,0.01,4.13,4.31,"4m",2021-04-26,"26"
847,117,2021,4000,0,4,11.36,0.13,4.1,4.41,"4m",2021-04-27,"27"
848,118,2021,4000,0,4,11.57,0.24,4.07,4.51,"4m",2021-04-28,"28"
849,119,2021,4000,0,4,11.77,0.35,4.05,4.61,"4m",2021-04-29,"29"
850,120,2021,4000,0,4,11.97,0.47,4.02,4.72,"4m",2021-04-30,"30"
851,121,2021,4000,0,4,12.17,0.59,3.99,4.82,"4m",2021-05-01,"01"
852,122,2021,4000,0,4,12.37,0.71,3.97,4.93,"4m",2021-05-02,"02"
853,123,2021,4000,0,4,12.57,0.84,3.95,5.03,"4m",2021-05-03,"03"
854,124,2021,4000,0,4,12.76,0.96,3.93,5.14,"4m",2021-05-04,"04"
855,125,2021,4000,0,4,12.96,1.09,3.9,5.25,"4m",2021-05-05,"05"
856,126,2021,4000,0,4,13.15,1.22,3.88,5.36,"4m",2021-05-06,"06"
857,127,2021,4000,0,4,13.34,1.35,3.87,5.46,"4m",2021-05-07,"07"
858,128,2021,4000,0,4,13.53,1.48,3.85,5.58,"4m",2021-05-08,"08"
859,129,2021,4000,0,4,13.72,1.62,3.83,5.69,"4m",2021-05-09,"09"
860,130,2021,4000,0,4,13.9,1.75,3.82,5.8,"4m",2021-05-10,"10"
861,131,2021,4000,0,4,14.09,1.89,3.8,5.91,"4m",2021-05-11,"11"
862,132,2021,4000,0,4,14.27,2.03,3.79,6.03,"4m",2021-05-12,"12"
863,133,2021,4000,0,4,14.45,2.17,3.78,6.14,"4m",2021-05-13,"13"
864,134,2021,4000,0,4,14.63,2.32,3.76,6.26,"4m",2021-05-14,"14"
865,135,2021,4000,0,4,14.8,2.46,3.75,6.37,"4m",2021-05-15,"15"
866,136,2021,4000,0,4,14.98,2.61,3.75,6.49,"4m",2021-05-16,"16"
867,137,2021,4000,0,4,15.15,2.75,3.74,6.6,"4m",2021-05-17,"17"
868,138,2021,4000,0,4,15.32,2.9,3.73,6.72,"4m",2021-05-18,"18"
869,139,2021,4000,0,4,15.48,3.05,3.73,6.84,"4m",2021-05-19,"19"
870,140,2021,4000,0,4,15.65,3.21,3.72,6.96,"4m",2021-05-20,"20"
871,141,2021,4000,0,4,15.81,3.36,3.72,7.08,"4m",2021-05-21,"21"
872,142,2021,4000,0,4,15.97,3.51,3.72,7.19,"4m",2021-05-22,"22"
873,143,2021,4000,0,4,16.13,3.67,3.71,7.31,"4m",2021-05-23,"23"
874,144,2021,4000,0,4,16.28,3.82,3.71,7.43,"4m",2021-05-24,"24"
875,145,2021,4000,0,4,16.43,3.98,3.72,7.55,"4m",2021-05-25,"25"
876,146,2021,4000,0,4,16.58,4.14,3.72,7.67,"4m",2021-05-26,"26"
877,147,2021,4000,0,4,16.73,4.3,3.72,7.79,"4m",2021-05-27,"27"
878,148,2021,4000,0,4,16.87,4.46,3.73,7.91,"4m",2021-05-28,"28"
879,149,2021,4000,0,4,17.01,4.62,3.73,8.03,"4m",2021-05-29,"29"
880,150,2021,4000,0,4,17.15,4.78,3.74,8.15,"4m",2021-05-30,"30"
881,151,2021,4000,0,4,17.29,4.95,3.75,8.27,"4m",2021-05-31,"31"
882,152,2021,4000,0,4,17.42,5.11,3.75,8.4,"4m",2021-06-01,"01"
883,153,2021,4000,0,4,17.55,5.28,3.76,8.52,"4m",2021-06-02,"02"
884,154,2021,4000,0,4,17.68,5.44,3.78,8.64,"4m",2021-06-03,"03"
885,155,2021,4000,0,4,17.8,5.61,3.79,8.76,"4m",2021-06-04,"04"
886,156,2021,4000,0,4,17.92,5.77,3.8,8.88,"4m",2021-06-05,"05"
887,157,2021,4000,0,4,18.04,5.94,3.82,9,"4m",2021-06-06,"06"
888,158,2021,4000,0,4,18.15,6.11,3.83,9.12,"4m",2021-06-07,"07"
889,159,2021,4000,0,4,18.26,6.28,3.85,9.24,"4m",2021-06-08,"08"
890,160,2021,4000,0,4,18.37,6.44,3.87,9.36,"4m",2021-06-09,"09"
891,161,2021,4000,0,4,18.47,6.61,3.88,9.47,"4m",2021-06-10,"10"
892,162,2021,4000,0,4,18.58,6.78,3.9,9.59,"4m",2021-06-11,"11"
893,163,2021,4000,0,4,18.67,6.95,3.93,9.71,"4m",2021-06-12,"12"
894,164,2021,4000,0,4,18.77,7.12,3.95,9.83,"4m",2021-06-13,"13"
895,165,2021,4000,0,4,18.86,7.29,3.97,9.95,"4m",2021-06-14,"14"
896,166,2021,4000,0,4,18.95,7.46,3.99,10.06,"4m",2021-06-15,"15"
897,167,2021,4000,0,4,19.03,7.63,4.02,10.18,"4m",2021-06-16,"16"
898,168,2021,4000,0,4,19.11,7.8,4.05,10.3,"4m",2021-06-17,"17"
899,169,2021,4000,0,4,19.19,7.97,4.07,10.41,"4m",2021-06-18,"18"
900,170,2021,4000,0,4,19.27,8.13,4.1,10.53,"4m",2021-06-19,"19"
901,171,2021,4000,0,4,19.34,8.3,4.13,10.64,"4m",2021-06-20,"20"
902,172,2021,4000,0,4,19.4,8.47,4.16,10.75,"4m",2021-06-21,"21"
903,173,2021,4000,0,4,19.47,8.64,4.19,10.87,"4m",2021-06-22,"22"
904,174,2021,4000,0,4,19.53,8.81,4.22,10.98,"4m",2021-06-23,"23"
905,175,2021,4000,0,4,19.59,8.98,4.26,11.09,"4m",2021-06-24,"24"
906,176,2021,4000,0,4,19.64,9.14,4.29,11.2,"4m",2021-06-25,"25"
907,177,2021,4000,0,4,19.69,9.31,4.33,11.31,"4m",2021-06-26,"26"
908,178,2021,4000,0,4,19.73,9.48,4.36,11.42,"4m",2021-06-27,"27"
909,179,2021,4000,0,4,19.78,9.64,4.4,11.53,"4m",2021-06-28,"28"
910,180,2021,4000,0,4,19.82,9.81,4.44,11.63,"4m",2021-06-29,"29"
911,181,2021,4000,0,4,19.85,9.97,4.48,11.74,"4m",2021-06-30,"30"
912,182,2021,4000,0,4,19.88,10.13,4.52,11.84,"4m",2021-07-01,"01"
913,183,2021,4000,0,4,19.91,10.3,4.56,11.95,"4m",2021-07-02,"02"
914,184,2021,4000,0,4,19.93,10.46,4.6,12.05,"4m",2021-07-03,"03"
915,185,2021,4000,0,4,19.95,10.62,4.64,12.15,"4m",2021-07-04,"04"
916,186,2021,4000,0,4,19.97,10.78,4.68,12.25,"4m",2021-07-05,"05"
917,187,2021,4000,0,4,19.98,10.94,4.73,12.35,"4m",2021-07-06,"06"
918,188,2021,4000,0,4,19.99,11.1,4.77,12.45,"4m",2021-07-07,"07"
919,189,2021,4000,0,4,20,11.25,4.82,12.54,"4m",2021-07-08,"08"
920,190,2021,4000,0,4,20,11.41,4.86,12.64,"4m",2021-07-09,"09"
921,191,2021,4000,0,4,20,11.56,4.91,12.73,"4m",2021-07-10,"10"
922,192,2021,4000,0,4,19.99,11.72,4.96,12.83,"4m",2021-07-11,"11"
923,193,2021,4000,0,4,19.98,11.87,5.01,12.92,"4m",2021-07-12,"12"
924,194,2021,4000,0,4,19.97,12.02,5.06,13.01,"4m",2021-07-13,"13"
925,195,2021,4000,0,4,19.95,12.17,5.11,13.1,"4m",2021-07-14,"14"
926,196,2021,4000,0,4,19.93,12.32,5.16,13.18,"4m",2021-07-15,"15"
927,197,2021,4000,0,4,19.91,12.47,5.21,13.27,"4m",2021-07-16,"16"
928,198,2021,4000,0,4,19.88,12.61,5.26,13.35,"4m",2021-07-17,"17"
929,199,2021,4000,0,4,19.85,12.76,5.31,13.44,"4m",2021-07-18,"18"
930,200,2021,4000,0,4,19.82,12.9,5.37,13.52,"4m",2021-07-19,"19"
931,201,2021,4000,0,4,19.78,13.04,5.42,13.6,"4m",2021-07-20,"20"
932,202,2021,4000,0,4,19.73,13.18,5.48,13.68,"4m",2021-07-21,"21"
933,203,2021,4000,0,4,19.69,13.31,5.53,13.75,"4m",2021-07-22,"22"
934,204,2021,4000,0,4,19.64,13.45,5.59,13.83,"4m",2021-07-23,"23"
935,205,2021,4000,0,4,19.59,13.58,5.64,13.9,"4m",2021-07-24,"24"
936,206,2021,4000,0,4,19.53,13.72,5.7,13.97,"4m",2021-07-25,"25"
937,207,2021,4000,0,4,19.47,13.85,5.76,14.04,"4m",2021-07-26,"26"
938,208,2021,4000,0,4,19.4,13.98,5.82,14.11,"4m",2021-07-27,"27"
939,209,2021,4000,0,4,19.34,14.1,5.88,14.18,"4m",2021-07-28,"28"
940,210,2021,4000,0,4,19.27,14.23,5.94,14.24,"4m",2021-07-29,"29"
941,211,2021,4000,0,4,19.19,14.35,5.99,14.31,"4m",2021-07-30,"30"
942,212,2021,4000,0,4,19.11,14.47,6.05,14.37,"4m",2021-07-31,"31"
943,213,2021,4000,0,4,19.03,14.59,6.12,14.43,"4m",2021-08-01,"01"
944,214,2021,4000,0,4,18.95,14.7,6.18,14.49,"4m",2021-08-02,"02"
945,215,2021,4000,0,4,18.86,14.82,6.24,14.54,"4m",2021-08-03,"03"
946,216,2021,4000,0,4,18.77,14.93,6.3,14.6,"4m",2021-08-04,"04"
947,217,2021,4000,0,4,18.67,15.04,6.36,14.65,"4m",2021-08-05,"05"
948,218,2021,4000,0,4,18.58,15.15,6.42,14.7,"4m",2021-08-06,"06"
949,219,2021,4000,0,4,18.47,15.25,6.49,14.75,"4m",2021-08-07,"07"
950,220,2021,4000,0,4,18.37,15.36,6.55,14.79,"4m",2021-08-08,"08"
951,221,2021,4000,0,4,18.26,15.46,6.61,14.84,"4m",2021-08-09,"09"
952,222,2021,4000,0,4,18.15,15.55,6.68,14.88,"4m",2021-08-10,"10"
953,223,2021,4000,0,4,18.04,15.65,6.74,14.92,"4m",2021-08-11,"11"
954,224,2021,4000,0,4,17.92,15.74,6.8,14.96,"4m",2021-08-12,"12"
955,225,2021,4000,0,4,17.8,15.84,6.87,15,"4m",2021-08-13,"13"
956,226,2021,4000,0,4,17.68,15.92,6.93,15.03,"4m",2021-08-14,"14"
957,227,2021,4000,0,4,17.55,16.01,7,15.06,"4m",2021-08-15,"15"
958,228,2021,4000,0,4,17.42,16.09,7.06,15.1,"4m",2021-08-16,"16"
959,229,2021,4000,0,4,17.29,16.17,7.13,15.12,"4m",2021-08-17,"17"
960,230,2021,4000,0,4,17.15,16.25,7.19,15.15,"4m",2021-08-18,"18"
961,231,2021,4000,0,4,17.01,16.33,7.26,15.18,"4m",2021-08-19,"19"
962,232,2021,4000,0,4,16.87,16.4,7.32,15.2,"4m",2021-08-20,"20"
963,233,2021,4000,0,4,16.73,16.47,7.39,15.22,"4m",2021-08-21,"21"
964,234,2021,4000,0,4,16.58,16.54,7.45,15.24,"4m",2021-08-22,"22"
965,235,2021,4000,0,4,16.43,16.61,7.52,15.25,"4m",2021-08-23,"23"
966,236,2021,4000,0,4,16.28,16.67,7.58,15.27,"4m",2021-08-24,"24"
967,237,2021,4000,0,4,16.13,16.73,7.65,15.28,"4m",2021-08-25,"25"
968,238,2021,4000,0,4,15.97,16.79,7.71,15.29,"4m",2021-08-26,"26"
969,239,2021,4000,0,4,15.81,16.84,7.78,15.3,"4m",2021-08-27,"27"
970,240,2021,4000,0,4,15.65,16.89,7.84,15.31,"4m",2021-08-28,"28"
971,241,2021,4000,0,4,15.48,16.94,7.91,15.31,"4m",2021-08-29,"29"
972,242,2021,4000,0,4,15.32,16.99,7.97,15.31,"4m",2021-08-30,"30"
973,243,2021,4000,0,4,15.15,17.03,8.04,15.31,"4m",2021-08-31,"31"
974,244,2021,4000,0,4,14.98,17.07,8.1,15.31,"4m",2021-09-01,"01"
975,245,2021,4000,0,4,14.8,17.11,8.16,15.31,"4m",2021-09-02,"02"
976,246,2021,4000,0,4,14.63,17.14,8.23,15.3,"4m",2021-09-03,"03"
977,247,2021,4000,0,4,14.45,17.17,8.29,15.29,"4m",2021-09-04,"04"
978,248,2021,4000,0,4,14.27,17.2,8.36,15.28,"4m",2021-09-05,"05"
979,249,2021,4000,0,4,14.09,17.23,8.42,15.27,"4m",2021-09-06,"06"
980,250,2021,4000,0,4,13.9,17.25,8.48,15.26,"4m",2021-09-07,"07"
981,251,2021,4000,0,4,13.72,17.27,8.55,15.24,"4m",2021-09-08,"08"
982,252,2021,4000,0,4,13.53,17.29,8.61,15.22,"4m",2021-09-09,"09"
983,253,2021,4000,0,4,13.34,17.31,8.67,15.2,"4m",2021-09-10,"10"
984,254,2021,4000,0,4,13.15,17.32,8.73,15.18,"4m",2021-09-11,"11"
985,255,2021,4000,0,4,12.96,17.33,8.79,15.15,"4m",2021-09-12,"12"
986,256,2021,4000,0,4,12.76,17.33,8.85,15.13,"4m",2021-09-13,"13"
987,257,2021,4000,0,4,12.57,17.33,8.91,15.1,"4m",2021-09-14,"14"
988,258,2021,4000,0,4,12.37,17.33,8.98,15.07,"4m",2021-09-15,"15"
989,259,2021,4000,0,4,12.17,17.33,9.03,15.03,"4m",2021-09-16,"16"
990,260,2021,4000,0,4,11.97,17.33,9.09,15,"4m",2021-09-17,"17"
991,261,2021,4000,0,4,11.77,17.32,9.15,14.96,"4m",2021-09-18,"18"
992,262,2021,4000,0,4,11.57,17.31,9.21,14.92,"4m",2021-09-19,"19"
993,263,2021,4000,0,4,11.36,17.29,9.27,14.88,"4m",2021-09-20,"20"
994,264,2021,4000,0,4,11.16,17.27,9.33,14.84,"4m",2021-09-21,"21"
995,265,2021,4000,0,4,10.95,17.25,9.38,14.8,"4m",2021-09-22,"22"
996,266,2021,4000,0,4,10.74,17.23,9.44,14.75,"4m",2021-09-23,"23"
997,267,2021,4000,0,4,10.54,17.2,9.5,14.7,"4m",2021-09-24,"24"
998,268,2021,4000,0,4,10.33,17.17,9.55,14.65,"4m",2021-09-25,"25"
999,269,2021,4000,0,4,10.12,17.14,9.61,14.6,"4m",2021-09-26,"26"
1000,270,2021,4000,0,4,9.91,17.11,9.66,14.54,"4m",2021-09-27,"27"
1001,271,2021,4000,0,4,9.69,17.07,9.71,14.49,"4m",2021-09-28,"28"
1002,272,2021,4000,0,4,9.48,17.03,9.76,14.43,"4m",2021-09-29,"29"
1003,273,2021,4000,0,4,9.27,16.99,9.82,14.37,"4m",2021-09-30,"30"
1004,274,2021,4000,0,4,9.06,16.94,9.87,14.31,"4m",2021-10-01,"01"
1005,275,2021,4000,0,4,8.84,16.89,9.92,14.25,"4m",2021-10-02,"02"
1006,276,2021,4000,0,4,8.63,16.84,9.97,14.18,"4m",2021-10-03,"03"
1007,277,2021,4000,0,4,8.41,16.79,10.02,14.12,"4m",2021-10-04,"04"
1008,278,2021,4000,0,4,8.2,16.73,10.07,14.05,"4m",2021-10-05,"05"
1009,279,2021,4000,0,4,7.98,16.67,10.11,13.98,"4m",2021-10-06,"06"
1010,280,2021,4000,0,4,7.77,16.61,10.16,13.91,"4m",2021-10-07,"07"
1011,281,2021,4000,0,4,7.55,16.54,10.21,13.83,"4m",2021-10-08,"08"
1012,282,2021,4000,0,4,7.34,16.47,10.25,13.76,"4m",2021-10-09,"09"
1013,283,2021,4000,0,4,7.12,16.4,10.3,13.68,"4m",2021-10-10,"10"
1014,284,2021,4000,0,4,6.91,16.33,10.34,13.6,"4m",2021-10-11,"11"
1015,285,2021,4000,0,4,6.69,16.25,10.38,13.52,"4m",2021-10-12,"12"
1016,286,2021,4000,0,4,6.48,16.17,10.42,13.44,"4m",2021-10-13,"13"
1017,287,2021,4000,0,4,6.26,16.09,10.46,13.36,"4m",2021-10-14,"14"
1018,288,2021,4000,0,4,6.05,16.01,10.5,13.27,"4m",2021-10-15,"15"
1019,289,2021,4000,0,4,5.84,15.92,10.54,13.19,"4m",2021-10-16,"16"
1020,290,2021,4000,0,4,5.62,15.84,10.58,13.1,"4m",2021-10-17,"17"
1021,291,2021,4000,0,4,5.41,15.74,10.62,13.01,"4m",2021-10-18,"18"
1022,292,2021,4000,0,4,5.2,15.65,10.66,12.92,"4m",2021-10-19,"19"
1023,293,2021,4000,0,4,4.99,15.55,10.69,12.83,"4m",2021-10-20,"20"
1024,294,2021,4000,0,4,4.78,15.46,10.73,12.74,"4m",2021-10-21,"21"
1025,295,2021,4000,0,4,4.57,15.36,10.76,12.64,"4m",2021-10-22,"22"
1026,296,2021,4000,0,4,4.36,15.25,10.79,12.55,"4m",2021-10-23,"23"
1027,297,2021,4000,0,4,4.15,15.15,10.82,12.45,"4m",2021-10-24,"24"
1028,298,2021,4000,0,4,3.95,15.04,10.85,12.35,"4m",2021-10-25,"25"
1029,299,2021,4000,0,4,3.74,14.93,10.88,12.26,"4m",2021-10-26,"26"
1030,300,2021,4000,0,4,3.54,14.82,10.91,12.16,"4m",2021-10-27,"27"
1031,301,2021,4000,0,4,3.33,14.7,10.94,12.05,"4m",2021-10-28,"28"
1032,302,2021,4000,0,4,3.13,14.59,10.97,11.95,"4m",2021-10-29,"29"
1033,303,2021,4000,0,4,2.93,14.47,10.99,11.85,"4m",2021-10-30,"30"
1034,304,2021,4000,0,4,2.73,14.35,11.02,11.74,"4m",2021-10-31,"31"
1035,305,2021,4000,0,4,2.53,14.23,11.04,11.64,"4m",2021-11-01,"01"
1036,306,2021,4000,0,4,2.33,14.1,11.06,11.53,"4m",2021-11-02,"02"
1037,307,2021,4000,0,4,2.14,13.98,11.09,11.42,"4m",2021-11-03,"03"
1038,308,2021,4000,0,4,1.95,13.85,11.11,11.32,"4m",2021-11-04,"04"
1039,309,2021,4000,0,4,1.75,13.72,11.12,11.21,"4m",2021-11-05,"05"
1040,310,2021,4000,0,4,1.56,13.58,11.14,11.1,"4m",2021-11-06,"06"
1041,311,2021,4000,0,4,1.37,13.45,11.16,10.98,"4m",2021-11-07,"07"
1042,312,2021,4000,0,4,1.19,13.31,11.18,10.87,"4m",2021-11-08,"08"
1043,313,2021,4000,0,4,1,13.18,11.19,10.76,"4m",2021-11-09,"09"
1044,314,2021,4000,0,4,0.82,13.04,11.21,10.65,"4m",2021-11-10,"10"
1045,315,2021,4000,0,4,0.64,12.9,11.22,10.53,"4m",2021-11-11,"11"
1046,316,2021,4000,0,4,0.46,12.76,11.23,10.42,"4m",2021-11-12,"12"
1047,317,2021,4000,0,4,0.28,12.61,11.24,10.3,"4m",2021-11-13,"13"
1048,318,2021,4000,0,4,0.11,12.47,11.25,10.19,"4m",2021-11-14,"14"
1049,319,2021,4000,0,4,-0.06,12.32,11.26,10.07,"4m",2021-11-15,"15"
1050,320,2021,4000,0,4,-0.23,12.17,11.27,9.95,"4m",2021-11-16,"16"
1051,321,2021,4000,0,4,-0.4,12.02,11.27,9.84,"4m",2021-11-17,"17"
1052,322,2021,4000,0,4,-0.57,11.87,11.28,9.72,"4m",2021-11-18,"18"
1053,323,2021,4000,0,4,-0.73,11.72,11.28,9.6,"4m",2021-11-19,"19"
1054,324,2021,4000,0,4,-0.89,11.56,11.28,9.48,"4m",2021-11-20,"20"
1055,325,2021,4000,0,4,-1.05,11.41,11.29,9.36,"4m",2021-11-21,"21"
1056,326,2021,4000,0,4,-1.2,11.25,11.29,9.24,"4m",2021-11-22,"22"
1057,327,2021,4000,0,4,-1.36,11.1,11.29,9.12,"4m",2021-11-23,"23"
1058,328,2021,4000,0,4,-1.51,10.94,11.28,9,"4m",2021-11-24,"24"
1059,329,2021,4000,0,4,-1.66,10.78,11.28,8.88,"4m",2021-11-25,"25"
1060,330,2021,4000,0,4,-1.8,10.62,11.28,8.76,"4m",2021-11-26,"26"
1061,331,2021,4000,0,4,-1.94,10.46,11.27,8.64,"4m",2021-11-27,"27"
1062,332,2021,4000,0,4,-2.08,10.3,11.27,8.52,"4m",2021-11-28,"28"
1063,333,2021,4000,0,4,-2.22,10.13,11.26,8.4,"4m",2021-11-29,"29"
1064,334,2021,4000,0,4,-2.35,9.97,11.25,8.28,"4m",2021-11-30,"30"
1065,335,2021,4000,0,4,-2.48,9.81,11.24,8.16,"4m",2021-12-01,"01"
1066,336,2021,4000,0,4,-2.61,9.64,11.23,8.04,"4m",2021-12-02,"02"
1067,337,2021,4000,0,4,-2.74,9.48,11.22,7.92,"4m",2021-12-03,"03"
1068,338,2021,4000,0,4,-2.86,9.31,11.21,7.8,"4m",2021-12-04,"04"
1069,339,2021,4000,0,4,-2.98,9.14,11.19,7.68,"4m",2021-12-05,"05"
1070,340,2021,4000,0,4,-3.09,8.98,11.18,7.56,"4m",2021-12-06,"06"
1071,341,2021,4000,0,4,-3.21,8.81,11.16,7.44,"4m",2021-12-07,"07"
1072,342,2021,4000,0,4,-3.32,8.64,11.14,7.32,"4m",2021-12-08,"08"
1073,343,2021,4000,0,4,-3.42,8.47,11.12,7.2,"4m",2021-12-09,"09"
1074,344,2021,4000,0,4,-3.53,8.3,11.11,7.08,"4m",2021-12-10,"10"
1075,345,2021,4000,0,4,-3.63,8.13,11.09,6.96,"4m",2021-12-11,"11"
1076,346,2021,4000,0,4,-3.72,7.97,11.06,6.84,"4m",2021-12-12,"12"
1077,347,2021,4000,0,4,-3.81,7.8,11.04,6.73,"4m",2021-12-13,"13"
1078,348,2021,4000,0,4,-3.9,7.63,11.02,6.61,"4m",2021-12-14,"14"
1079,349,2021,4000,0,4,-3.99,7.46,10.99,6.49,"4m",2021-12-15,"15"
1080,350,2021,4000,0,4,-4.07,7.29,10.97,6.38,"4m",2021-12-16,"16"
1081,351,2021,4000,0,4,-4.15,7.12,10.94,6.26,"4m",2021-12-17,"17"
1082,352,2021,4000,0,4,-4.23,6.95,10.91,6.15,"4m",2021-12-18,"18"
1083,353,2021,4000,0,4,-4.3,6.78,10.88,6.03,"4m",2021-12-19,"19"
1084,354,2021,4000,0,4,-4.37,6.61,10.85,5.92,"4m",2021-12-20,"20"
1085,355,2021,4000,0,4,-4.44,6.44,10.82,5.81,"4m",2021-12-21,"21"
1086,356,2021,4000,0,4,-4.5,6.28,10.79,5.69,"4m",2021-12-22,"22"
1087,357,2021,4000,0,4,-4.56,6.11,10.76,5.58,"4m",2021-12-23,"23"
1088,358,2021,4000,0,4,-4.61,5.94,10.73,5.47,"4m",2021-12-24,"24"
1089,359,2021,4000,0,4,-4.66,5.77,10.69,5.36,"4m",2021-12-25,"25"
1090,360,2021,4000,0,4,-4.71,5.61,10.66,5.25,"4m",2021-12-26,"26"
1091,361,2021,4000,0,4,-4.76,5.44,10.62,5.14,"4m",2021-12-27,"27"
1092,362,2021,4000,0,4,-4.8,5.28,10.58,5.04,"4m",2021-12-28,"28"
1093,363,2021,4000,0,4,-4.83,5.11,10.54,4.93,"4m",2021-12-29,"29"
1094,364,2021,4000,0,4,-4.87,4.95,10.5,4.83,"4m",2021-12-30,"30"
1095,365,2021,4000,0,4,-4.9,4.78,10.46,4.72,"4m",2021-12-31,"31"
